date,rolling_21,rolling_63,rolling_126,ewma_094
2020-07-02,0.09889817530953024,0.1180723933694927,0.17240816223942632,0.17240816223942632
2020-07-06,0.10078087327482145,0.11723865450120723,0.1727135783346776,0.17011579147138742
2020-07-07,0.1004413845907109,0.10138574437285909,0.17271181071475986,0.1649468617308391
2020-07-08,0.09966329629784257,0.10114478418888315,0.1727661339265857,0.16078777068809633
2020-07-09,0.09967755431710408,0.09945585779017041,0.17277310383059358,0.15615317831835027
2020-07-10,0.0983767054824443,0.09345818159128876,0.17276331672625245,0.15161196559920603
2020-07-13,0.0652692125158298,0.09424295958510752,0.17295921768946057,0.14828510028738792
2020-07-14,0.06644025373090938,0.09105873700134946,0.1731018930459805,0.1455245367040718
2020-07-15,0.06553010060657462,0.09060229855394575,0.17310608103064562,0.1413516393432719
2020-07-16,0.06643442312396651,0.09047640924388949,0.17314514410607457,0.13733939245128426
2020-07-17,0.06628943817180907,0.09049910055547368,0.17314425288699672,0.13342972228418548
2020-07-20,0.07020904556722181,0.09073863623499472,0.17345930210402763,0.13328103790014734
2020-07-21,0.07003570389264858,0.08572615479711225,0.17346114469475982,0.129359115754433
2020-07-22,0.07042806678972374,0.08355640800054806,0.17355151104567249,0.12684802935296924
2020-07-23,0.07245727853978581,0.08403996963220013,0.17363672200499014,0.12355144768592405
2020-07-24,0.06394093176805407,0.08411700056290247,0.17363333233241568,0.11985831716459719
2020-07-27,0.06616217455122504,0.08488753488176895,0.17375725604971082,0.11953110723325915
2020-07-28,0.058708537472178204,0.08472035503634373,0.17375845935753104,0.11595868744869567
2020-07-29,0.05988848588454272,0.08179910663837961,0.17388261506067598,0.11474571251451814
2020-07-30,0.0582459863032865,0.08045108258012161,0.1738825947761881,0.11127088012387282
2020-07-31,0.059650081285965065,0.07762966051027514,0.17390522375591566,0.11040045204892056
2020-08-03,0.05944789231000442,0.07765810367063966,0.17391149947603113,0.10758976786152612
2020-08-04,0.0576034327360037,0.07801582422519174,0.17405800731310928,0.10720173231494444
2020-08-05,0.05668510262936606,0.07647531856571259,0.1740603610217463,0.10416971871397941
2020-08-06,0.05838147298275867,0.07534817344502955,0.17420893191384945,0.10443638498736584
2020-08-07,0.06552143486849019,0.07688079194509388,0.17449586137542172,0.10390095816340127
2020-08-10,0.06675614178297988,0.07685850817081655,0.17446350506567784,0.10090361090682766
2020-08-11,0.0911399979686776,0.08459437150991067,0.17628841788781927,0.11808465736758748
2020-08-12,0.0903528760554685,0.08423455123542663,0.17634447562569225,0.11565880724168476
2020-08-13,0.09031439305757082,0.08367542216879613,0.1763479495351457,0.11234416691791024
2020-08-14,0.09008796322827098,0.08391160306658996,0.176378955051424,0.10915587320283951
2020-08-17,0.09254500248520767,0.08428103362108293,0.17661319898208772,0.1097849316114222
2020-08-18,0.09024084740921261,0.0845307526759693,0.1766690543032013,0.10815499735172474
2020-08-19,0.09673108720046025,0.08561781069623904,0.17717465623873171,0.11005173872603831
2020-08-20,0.09739979602765773,0.08515276538606402,0.1773106775469095,0.1092551606980618
2020-08-21,0.0962608272300242,0.08507139895861272,0.1766942255589662,0.1060608835839275
2020-08-24,0.09594312407075095,0.08484024007751557,0.17563054258349453,0.10320584192863996
2020-08-25,0.09360525202502773,0.08472714521511958,0.17562769414053225,0.10013972156768662
2020-08-26,0.09507915734117625,0.08525146598972733,0.17408312376192056,0.10036265929010953
2020-08-27,0.09632937931290161,0.08575732181958634,0.17427637966235726,0.09937627188810039
2020-08-28,0.09727284676889868,0.08603539935864975,0.17295848003611372,0.09820842372159817
2020-08-31,0.09572561049902366,0.08601936858034301,0.1728913622100646,0.09555383591847008
2020-09-01,0.09812377830948103,0.0866029535123454,0.1720320289562701,0.09699679174410378
2020-09-02,0.09674780868238946,0.08625040113293278,0.17187192190598996,0.09507917518080831
2020-09-03,0.1134725069202122,0.09307589791403297,0.17360548301180934,0.11147114237934788
2020-09-04,0.11325391258047462,0.09400105913866513,0.16963123206731373,0.1112597311857098
2020-09-08,0.11968453749959088,0.097991435659025,0.17053670885667685,0.11874959596182275
2020-09-09,0.12602693758147313,0.09946447414484898,0.16667793296972636,0.12240064409727988
2020-09-10,0.11310315645836419,0.09103281348229687,0.15437129921415907,0.12150913278984549
2020-09-11,0.11220994445222236,0.09094313075163249,0.15076498086001067,0.11781537137041245
2020-09-14,0.11408956489309269,0.09119107700657912,0.13992182202803008,0.11674775760459838
2020-09-15,0.11414844040857075,0.09106317020353959,0.1388498190264325,0.11374136232160685
2020-09-16,0.11193471360709464,0.09147737488387944,0.12952229135606833,0.11103179853858093
2020-09-17,0.11155582568033327,0.09218212614768583,0.1298079237792258,0.1091837386193725
2020-09-18,0.10878191510982761,0.09288206288014272,0.13003318838247052,0.1074502402238337
2020-09-21,0.10758426354578905,0.09347828567447995,0.1301703216781329,0.1062118159607917
2020-09-22,0.1089056341588922,0.09369395532481782,0.11853154208771301,0.10443328449618311
2020-09-23,0.1176423974035147,0.09664522031932808,0.12050860898011602,0.11499627267415098
2020-09-24,0.11816928196779503,0.09651172106286626,0.11376304446994721,0.11193638497671547
2020-09-25,0.11758257243445533,0.09581942921729623,0.11336615925980711,0.11085486251401004
2020-09-28,0.12156053290758799,0.09696331953249504,0.11274140685529677,0.11248678360668204
2020-09-29,0.11987549224833292,0.0962322580409995,0.11118551204919246,0.10906022371257046
2020-09-30,0.11949798059761961,0.09617402884161103,0.10869246617509158,0.10575599417730842
2020-10-01,0.11836052161573395,0.09654439138633512,0.10777455843696303,0.10516469237881564
2020-10-02,0.11874155584796212,0.09664793352275974,0.10775229610512539,0.10555497409965396
2020-10-05,0.10852003033705569,0.09706663901031537,0.09916684095771432,0.10436334171245563
2020-10-06,0.10850856993965476,0.09791793032256216,0.09966514690832258,0.10456284052929408
2020-10-07,0.10062441200382376,0.09827700162400284,0.09885893746096965,0.10327476947987373
2020-10-08,0.09447978662456817,0.09850676419269926,0.09584489929316208,0.1014713487993246
2020-10-09,0.09462040389093314,0.09876528976447864,0.09623940009392884,0.10250662275820338
2020-10-12,0.09863773594078001,0.09955130190743984,0.09506027820013167,0.10506028637281538
2020-10-13,0.09785026055300636,0.09984811012073087,0.09505086606591082,0.10265632245867914
2020-10-14,0.09785900833748158,0.09980643562769867,0.09492904166343465,0.09981855414390989
2020-10-15,0.09710089829702138,0.0998287306262346,0.09497030458294485,0.0968694672956721
2020-10-16,0.09583523081919564,0.09880685750724569,0.09471852852852716,0.09433266574370024
2020-10-19,0.09715228317136078,0.09974668626575163,0.09312598089962519,0.09477564258687433
2020-10-20,0.09481504071093427,0.09933524484477335,0.0918870991072218,0.09194331647255291
2020-10-21,0.09387745720965522,0.09909766963796005,0.09187777034450735,0.08914629002653213
2020-10-22,0.07834967412473547,0.09919399294365502,0.09193148944572262,0.08686072087268848
2020-10-23,0.07824052022023921,0.09827744536440527,0.09193952242466545,0.08455596928017793
2020-10-26,0.07956875382014589,0.098941831975285,0.0922918838266118,0.08478921004970891
2020-10-27,0.07450660014812804,0.0983667407965371,0.0906131221149163,0.08271817583290754
2020-10-28,0.09372555395631697,0.10360727067017862,0.09323255577173366,0.10177735675958992
2020-10-29,0.09437228107947984,0.10303188033492636,0.09207782769040732,0.09928312767609673
2020-10-30,0.09366800156263415,0.10362790758911333,0.09263718928672197,0.09953110366200464
2020-11-02,0.09351207027414178,0.10341794765668161,0.09273088923611868,0.09884081642420509
2020-11-03,0.09520960222521059,0.104426145441102,0.09270529381062609,0.09983535760838504
2020-11-04,0.1080256359700464,0.10864859441481096,0.09436212994873738,0.11566643438092543
2020-11-05,0.11428640058612775,0.1107254606555304,0.09566232963721975,0.12186155932509882
2020-11-06,0.11430120422122934,0.11078350248327545,0.09570068373453539,0.11847445448554886
2020-11-09,0.11868236994170074,0.1075881131375985,0.09686115935158834,0.12254223712008702
2020-11-10,0.11491849891681923,0.10760792179963004,0.09692952179086664,0.11976886827150775
2020-11-11,0.11594138739336951,0.1079535124577468,0.09677019214417917,0.1175799148577401
2020-11-12,0.11578671508926563,0.10787317165042203,0.0967384416880898,0.11400558440371493
2020-11-13,0.11720274052669899,0.1073489111708893,0.09665644941495356,0.11240390567353273
2020-11-16,0.11754983288374382,0.10719048839130668,0.09675325332175859,0.110054374568295
2020-11-17,0.11502756619999281,0.10572214744583733,0.09611949870803624,0.10676029916098285
2020-11-18,0.11619342798000712,0.10542263468566349,0.09600289138922213,0.10468092331442264
2020-11-19,0.11654897594592689,0.1055660301024596,0.09599581627186715,0.10222956476016047
2020-11-20,0.11618166018425886,0.10549208733008492,0.09594752651442612,0.0991417188427511
2020-11-23,0.11670445786206779,0.10563825699085769,0.09599385511251322,0.0967312282960343
2020-11-24,0.11462367642091276,0.10485529352858518,0.09598420136522605,0.09392832722577774
2020-11-25,0.11450579275266559,0.10432368715334545,0.09566835654530234,0.09106804217613196
2020-11-27,0.09680550047965315,0.1039573904832136,0.09567238392761637,0.08870601573939041
2020-11-30,0.09740453260894494,0.1039427368807649,0.09570956014738986,0.08630508700923156
2020-12-01,0.09393424226379014,0.10343015520499835,0.09587367503099292,0.08622221804833907
2020-12-02,0.09306505907381321,0.10318683261068155,0.09574453373030953,0.08368562522555355
2020-12-03,0.0910550984873604,0.09807668797524156,0.09564770891010196,0.081960412105676
2020-12-04,0.07356769593293563,0.09704241455902268,0.09537426154359804,0.07946509885750044
2020-12-07,0.06231969528958419,0.09367620756085981,0.09550496827384186,0.07905147089481897
2020-12-08,0.06188891527856251,0.0914734788735652,0.09525882495999155,0.0771400222525713
2020-12-09,0.05732188234335355,0.0922862675794748,0.09149914070831239,0.08246978259463529
2020-12-10,0.055028823558511304,0.0923347736300984,0.09142798629952265,0.0803811362620688
2020-12-11,0.05330152604493756,0.09159307532228536,0.0912375355213449,0.07793889250757328
2020-12-14,0.05359123521184171,0.0914835179182661,0.09114213285331475,0.07564509792161073
2020-12-15,0.05485978789692053,0.0919628876318019,0.09148281159064921,0.07735788460206959
2020-12-16,0.05368034026781008,0.09138222480174853,0.09147376949999392,0.07520009144502862
2020-12-17,0.05432636314726546,0.09093787779561252,0.0915600241566139,0.07423081365759021
2020-12-18,0.0523627076361658,0.0902667879028381,0.0915183033343114,0.07232273138504092
2020-12-21,0.05229216832575396,0.09004170048955375,0.09152211705513433,0.0703220662335775
2020-12-22,0.05215990256875934,0.08498501585370875,0.09065152827511358,0.06818035727078625
2020-12-23,0.05064177967021504,0.08493016407306157,0.09055277520854928,0.06610368021206338
2020-12-24,0.05116414101301175,0.08444602204168843,0.08995143788195756,0.06515311108045141
2020-12-28,0.05145654341160998,0.08307539894773763,0.08994600266556711,0.06410684312524034
2020-12-29,0.05141799420511276,0.08307677777021788,0.0895418893655318,0.062153921729529465
2020-12-30,0.05052183865989356,0.08313340275304369,0.08953238708989272,0.06088859459367684
2020-12-31,0.04838825962499009,0.08249741817997144,0.08944657466532847,0.05966922797454681
2021-01-04,0.049137716431131594,0.08112745750762165,0.08887702324437444,0.05812089376851199
2021-01-05,0.048687971672155786,0.08064136374273945,0.08887512918482275,0.056800222397537334
2021-01-06,0.0572412440428738,0.08106850950391535,0.08953881481617468,0.06295023874335536
2021-01-07,0.057828180758236016,0.08109076205575924,0.08973929654034624,0.06425529825683018
2021-01-08,0.058646726042041554,0.08107913693565695,0.08985332398737214,0.06332256009548107
2021-01-11,0.05213815441407336,0.08063554566751875,0.08985674616945973,0.06445738211889067
2021-01-12,0.05182244934805446,0.07882394289702177,0.08954976576321376,0.06259776525038112
2021-01-13,0.052721204641449124,0.0787126193590523,0.08959885520716607,0.06196278650630737
2021-01-14,0.054050553462083366,0.07888951528938415,0.08966005848945961,0.061304756050347575
2021-01-15,0.051841228707532036,0.07935893950091628,0.08987674703394101,0.06162986701060528
2021-01-19,0.056080262669234174,0.0800651649393062,0.08956992356194532,0.0644712984248887
2021-01-20,0.0635601519060104,0.08081078285923009,0.09043374864182827,0.07230614292815792
2021-01-21,0.06303551116868202,0.08081708350547086,0.09022248720874297,0.07010537160594704
2021-01-22,0.06339733764969666,0.08100985384549104,0.09016168866635585,0.06848982086680104
2021-01-25,0.06463086902023044,0.08111370397873333,0.09028455265822691,0.06838261236498407
2021-01-26,0.06486963570869866,0.08114691590731485,0.08981019911156929,0.06641559144159273
2021-01-27,0.07363317394199148,0.08290781277818948,0.09096351366083119,0.07488190849914676
2021-01-28,0.07334795085157786,0.08288916104497193,0.09066029979919908,0.07307250007363462
2021-01-29,0.07878055179631711,0.07779837151453826,0.09148629261925284,0.07784352485323129
2021-02-01,0.08521025320822624,0.07954606335783446,0.09200392076590867,0.08360521947163278
2021-02-02,0.08523928566810163,0.0781847312019056,0.09198038840730496,0.08155783234771538
2021-02-03,0.08540776158561168,0.0778714905845738,0.09164095946733929,0.07949678378727261
2021-02-04,0.08513056920007696,0.07680175400292455,0.09161512691730855,0.07707801304625342
2021-02-05,0.0805955754536924,0.07004487078005682,0.09115971432834302,0.07504174627215607
2021-02-08,0.08062514774682371,0.06656410039912897,0.09099867989839489,0.07551971130390206
2021-02-09,0.07977984522975567,0.06634820795173026,0.09096279684156898,0.0732223877688332
2021-02-10,0.07726067118142786,0.06217773742338385,0.08755439758929114,0.0711574091128347
2021-02-11,0.07751746447911173,0.06160144631920772,0.08741658059845027,0.06912165744468811
2021-02-12,0.0770394283471291,0.06108297858637137,0.08740576012868716,0.06704831334928463
2021-02-16,0.07917816828889887,0.06242315972763448,0.08779590112884401,0.06886941873194163
2021-02-17,0.07781292246844407,0.061799642688310424,0.08724597184697787,0.06706551935434323
2021-02-18,0.07544116447326492,0.061604696778725154,0.08707323866471144,0.06566175130901057
2021-02-19,0.06783024594534655,0.06181226300958049,0.08625108362599548,0.06440337511471686
2021-02-22,0.06946904125378957,0.062093706033080405,0.08617018304381371,0.06531551661026198
2021-02-23,0.06927888154901747,0.061838373413546595,0.08616391524834562,0.06339061095610411
2021-02-24,0.06779531631828926,0.06194087544336541,0.08615769483331492,0.062015935904457656
2021-02-25,0.0892157609239495,0.0711638497551909,0.0897081602645564,0.0908514476070445
2021-02-26,0.08434646446777254,0.07114290558613048,0.0892399547992988,0.08817500462751102
2021-03-01,0.08996323092700682,0.07311812997098754,0.08972169743348853,0.09154361818260531
2021-03-02,0.08626091253625967,0.07330084214516722,0.08958442236665368,0.08965772284464645
2021-03-03,0.08635781951967172,0.07665681420854362,0.09096222034801732,0.09743915953650253
2021-03-04,0.08812212940326898,0.07748435396651945,0.09104467977523435,0.09963098817590496
2021-03-05,0.09290248496578636,0.07864538047167585,0.09138114000589093,0.09985496366074917
2021-03-08,0.09691137077026024,0.08065941047331812,0.0895870123428386,0.10410389124333114
2021-03-09,0.11307650177754304,0.08640931303807332,0.09160797133559911,0.11665231069837756
2021-03-10,0.11137541164977645,0.08602408619698501,0.08981945743945513,0.11345970301774577
2021-03-11,0.1134171043731836,0.08647529480351225,0.08881008066497291,0.11157497556481111
2021-03-12,0.11375081672156243,0.08525075061886833,0.08859786629858407,0.11003239042949137
2021-03-15,0.11574446234503238,0.08564586963997795,0.08881210525067129,0.10812199053530139
2021-03-16,0.11578163823588938,0.08564272310271148,0.08839592417504581,0.10483094445278968
2021-03-17,0.1149828862794209,0.08568595295275076,0.08833008513374449,0.10179769625670973
2021-03-18,0.12057112948419244,0.08765132961788698,0.0897114677765344,0.10832001481392955
2021-03-19,0.12136148117883284,0.08778876432211968,0.08953045000156096,0.10552479755385176
2021-03-22,0.12428263191831404,0.088559889642022,0.08973802260563607,0.10553684064582668
2021-03-23,0.12342149255112866,0.08854197714883334,0.0894289075434982,0.10250103029585529
2021-03-24,0.12351671436752032,0.08858597687062307,0.08928017287902416,0.09969741837196669
2021-03-25,0.12308299185924204,0.08859452648149375,0.08697496596340724,0.0967326615169052
2021-03-26,0.10888776719683711,0.08937309632337474,0.08723880485765664,0.09625990270497532
2021-03-29,0.10958995320913448,0.0893581996978033,0.08704424134385838,0.0942987813814394
2021-03-30,0.10585504682663997,0.0893705853396778,0.08640367565290127,0.09252636936231401
2021-03-31,0.10741588066349977,0.09017159080350634,0.08674563527477608,0.09228792902690953
2021-04-01,0.10463620574950096,0.09232255932665807,0.08782029843569013,0.09734893076630953
2021-04-05,0.10015852663394857,0.09277940224316468,0.08769468672910168,0.09634043984556755
2021-04-06,0.09859820350925909,0.09290623898995065,0.08714101793723729,0.09394342285339147
2021-04-07,0.0904342276101821,0.09283992655291161,0.08687659997310122,0.09117697091783868
2021-04-08,0.07814027300718793,0.09226414763998572,0.08664242198303926,0.0912438661451364
2021-04-09,0.07813550445237698,0.09167797437373226,0.08638309340567928,0.08846724886702378
2021-04-12,0.07749740117062483,0.09153667141747804,0.08623909770221815,0.08595744479512328
2021-04-13,0.07546863205851506,0.09149995291695759,0.08590991640755989,0.08561414165893484
2021-04-14,0.07668084820858677,0.09184386554177745,0.08524885852725997,0.08438048982521984
2021-04-15,0.08329113509525862,0.09398848823467479,0.0863486590469986,0.09144511054754897
2021-04-16,0.0834296849716776,0.09374365754332793,0.08629069593236839,0.08866023732725577
2021-04-19,0.07168974862245477,0.09363249198492192,0.0864419626285749,0.08707314719122734
2021-04-20,0.07241424660595194,0.09289115652519699,0.08639615302692236,0.08457698989070807
2021-04-21,0.07156037215390706,0.09167193519842932,0.08619242075878489,0.08482691503321531
2021-04-22,0.07357735884174207,0.09207206791839127,0.08643290125247156,0.08385570974760084
2021-04-23,0.07270738112705435,0.09219247647493446,0.08653289863695213,0.08229320818707263
2021-04-26,0.07207263260090337,0.0918628335579306,0.08647001677713326,0.08000509633176175
2021-04-27,0.07245165646708258,0.09202682534658191,0.08656356441992345,0.07837188227550904
2021-04-28,0.07039092469786319,0.0898221094885331,0.08615204456264638,0.07599662344946918
2021-04-29,0.06787113719632674,0.08974187052972173,0.08610760933648481,0.07373313820556647
2021-04-30,0.0679120382508461,0.08824799022508005,0.08293773896071142,0.07210379843744098
2021-05-03,0.06062283646932091,0.08639928314186515,0.0828921619412675,0.070250773804651
2021-05-04,0.061443326593769505,0.08671648937333458,0.0825646887196348,0.070053780737039
2021-05-05,0.061026091067511355,0.08662020943161784,0.0822580344270954,0.06799460142475874
2021-05-06,0.06317300437414737,0.08731686078598458,0.08202270364359474,0.0694071967990222
2021-05-07,0.061305634963669364,0.08750241224127989,0.07897687959198753,0.06859091667931978
2021-05-10,0.06756701751516837,0.08822444929201975,0.07790033115258894,0.07258660008239787
2021-05-11,0.06819125836661769,0.08840271469899065,0.07794037925486816,0.07122652085996971
2021-05-12,0.07819696372468901,0.09156857362295119,0.07827481902657352,0.08352916793591347
2021-05-13,0.07933416771607651,0.09212449003526131,0.07833691850617082,0.08316769604222257
2021-05-14,0.07825522431864211,0.09427620692344812,0.07925527679269861,0.08927377292421462
2021-05-17,0.07824983146668979,0.09352716388417066,0.07925770325163578,0.08655619344121368
2021-05-18,0.0779826264431874,0.09367648479235088,0.0790776609211449,0.08475100095768351
2021-05-19,0.07793372013666654,0.09357572756497434,0.07891790264257405,0.08226739886078455
2021-05-20,0.0804908300593138,0.09472672705930388,0.07966040958372249,0.08552641203102192
2021-05-21,0.07904322540542598,0.09414809860027903,0.07943114284764505,0.08292610798309487
2021-05-24,0.08062139727463116,0.0947196812167391,0.079690421379316,0.08334035217607033
2021-05-25,0.08104131754451868,0.09479231817338318,0.0797671111023772,0.08160402090599699
2021-05-26,0.08018141201760569,0.08749364439996354,0.07964342479301595,0.07913569300572937
2021-05-27,0.08040578780944846,0.08757661255472989,0.07966169285499204,0.07687071047866072
2021-05-28,0.0804366740157983,0.08616158463954204,0.07966906741127809,0.07465844016842897
2021-06-01,0.07988297197535703,0.08585138149741006,0.07963884545982534,0.07243827750204525
2021-06-02,0.07993284926561188,0.08239238658167823,0.07961432798132481,0.07066863147181329
2021-06-03,0.08217025760596465,0.08178332178853054,0.07990151661628196,0.07322357667624199
2021-06-04,0.08719962578464617,0.08257448619412124,0.0808163201819431,0.07889991065100666
2021-06-07,0.08546095111232223,0.07965328055194926,0.08072755692660256,0.07652392833690934
2021-06-08,0.08485282406501869,0.07440320109690732,0.08073014115866083,0.07427955550739276
2021-06-09,0.07978549985199933,0.07434193839181419,0.0805100095540412,0.07212970177956103
2021-06-10,0.07959790930809187,0.0742973153516624,0.08069355335772166,0.07217373613204366
2021-06-11,0.0642221368429618,0.07344390128911148,0.07965306347087218,0.07019085068250891
2021-06-14,0.06360119422829799,0.07311038092641087,0.07962202365842702,0.06807956891955895
2021-06-15,0.056989953334453974,0.0733387940390527,0.07970661374251785,0.06658945399541005
2021-06-16,0.060339174836244805,0.07417853473203989,0.08002688522699439,0.06729120794360106
2021-06-17,0.05898006310245926,0.07001511566430521,0.07956739907466166,0.06526498935666834
2021-06-18,0.059212272909473174,0.07007369694932046,0.07958937472854827,0.06356609548576392
2021-06-21,0.05393214512131712,0.06920127898897176,0.07954597563395614,0.06274950685194874
2021-06-22,0.05421428990561417,0.06912666345488337,0.07955096693507668,0.06152838481359397
2021-06-23,0.051309725614309486,0.0689796393233674,0.07953592769554317,0.059767319637236416
2021-06-24,0.05117580870272957,0.06899544058770533,0.07961183643064419,0.05890176770091892
2021-06-25,0.051284935955719806,0.06837592501070727,0.07962150292298431,0.057161555787102414
2021-06-28,0.05261857687042782,0.06816018899082985,0.07971264592889298,0.05767352330453286
2021-06-29,0.05271184506643227,0.06760825890369745,0.07963850797193539,0.05596360333002424
2021-06-30,0.05264548343390662,0.06695197497074912,0.07965748122564646,0.0545655613026731
2021-07-01,0.052594764153876955,0.06443411881885253,0.07964016816988698,0.05339815154112018
2021-07-02,0.04845371583379688,0.06462458803631364,0.07995526856487889,0.05620779684114461
2021-07-06,0.04037040244971738,0.06470258743350013,0.08002159002731253,0.05586398069216921
2021-07-07,0.04109358564454089,0.06477183306904762,0.08009220215598387,0.055510904813589994
2021-07-08,0.04247002617000792,0.06421315916992544,0.07932080043069678,0.05443735422320705
2021-07-09,0.04248912956780284,0.06421593796320592,0.07903554417005004,0.05300448421354135
2021-07-12,0.040261954539573146,0.06406846539415975,0.07890138435140923,0.051467979297826004
2021-07-13,0.04091081125839937,0.06373081708204838,0.07861341397819675,0.050664339098567705
2021-07-14,0.04291744971076691,0.06355756099931571,0.07883760977289342,0.05229728707067722
2021-07-15,0.04151542947026138,0.060390872365382896,0.07873814424467675,0.05070426718245884
2021-07-16,0.04143810754606057,0.061348821445793664,0.07892745114081857,0.05263335983729812
2021-07-19,0.04173191292204864,0.06087140029568175,0.07868482969918836,0.05118371502851838
2021-07-20,0.041509086707920015,0.06102080250454542,0.07836533393560594,0.051376557102918656
2021-07-21,0.04107557756991355,0.060181932366530494,0.07731502366425692,0.049820678228777976
2021-07-22,0.04168792222864265,0.0596809502330569,0.07744374658495236,0.05014852924050544
2021-07-23,0.041197808508808186,0.05954583026049831,0.0774143054154683,0.04948334167093376
2021-07-26,0.04135539277878699,0.059571830818108726,0.0772333733249937,0.04803915293283424
2021-07-27,0.0414041397627412,0.059214960384182704,0.0772245779167105,0.046661842218285295
2021-07-28,0.040003172794276495,0.059241588894877566,0.07587197796788274,0.04565372270279733
2021-07-29,0.039806822520712444,0.059329874750351445,0.07587872523160498,0.04513793262092744
2021-07-30,0.04159886729973463,0.05932498708858601,0.0749656124699282,0.04474463261553254
2021-08-02,0.04147658265036831,0.05928282891645467,0.07391366103535367,0.04344283150438167
2021-08-03,0.038272269053304414,0.05855748813033109,0.07392521397018348,0.043250827116067085
2021-08-04,0.03746203800126435,0.058617697018766485,0.07385164562223297,0.0419896859468182
2021-08-05,0.0363145995719955,0.05778990599663632,0.07385414440210789,0.040863672094935355
2021-08-06,0.04522747159035913,0.0598581148840079,0.07470468302115382,0.049548172410919675
2021-08-09,0.04709664629616194,0.05830193466247246,0.07461136122709228,0.05028378120278107
2021-08-10,0.04738276218079927,0.058097259913133116,0.07466921478478158,0.049254798032500456
2021-08-11,0.04772840603541227,0.05222926026426975,0.07473418029773657,0.048868784485759126
2021-08-12,0.04499259257471813,0.0515794967307284,0.07471897654797757,0.047592331224323846
2021-08-13,0.05016104915653706,0.04947251953911244,0.07518959411193585,0.05222574817310783
2021-08-16,0.04694186610502755,0.049490825967253405,0.07469634270099072,0.05111391051211567
2021-08-17,0.048511940858691066,0.0495708247184119,0.07482570326908987,0.05118763513953111
2021-08-18,0.048671124417879984,0.0500440661869499,0.07489042984433067,0.05109018321197438
2021-08-19,0.04902378683882476,0.04788535913525918,0.07480240736274751,0.050016619250038044
2021-08-20,0.04918816713519254,0.04824431543093521,0.07455045985239298,0.05053299367371068
2021-08-23,0.053262937956938074,0.04858211471591292,0.07499546140904251,0.05493983036050232
2021-08-24,0.053212603867877274,0.04840438328352743,0.07497252226463047,0.053288005602389346
2021-08-25,0.05364412836874971,0.04865221254883793,0.07051512347256908,0.0521618384668851
2021-08-26,0.053789621711322816,0.04869543343221817,0.0705772470947416,0.050901974342523096
2021-08-27,0.05887248605890037,0.05052571588413804,0.07034936932592314,0.056973101149878115
2021-08-30,0.05835228940181145,0.05057169830173459,0.07017838861597664,0.05606142676409074
2021-08-31,0.058689019648058845,0.05063925561071055,0.06812136861695428,0.05454173216111855
2021-09-01,0.058262687612066946,0.04841155983875038,0.06693427205629504,0.0529676879758397
2021-09-02,0.05815614706485949,0.045552550960004684,0.06644080661603627,0.05148076181677182
2021-09-03,0.05814675501088414,0.04555220864106445,0.06469560482935442,0.04999934558773084
2021-09-07,0.05473396449609157,0.04719693921556257,0.06208877233127154,0.05302126096950374
2021-09-08,0.05232558614545103,0.047193348730505014,0.06204927161272071,0.0514098987065538
2021-09-09,0.051492867359397614,0.04653178387921644,0.06178665820012167,0.05025873436730237
2021-09-10,0.055343068730942545,0.04776215711851263,0.061790429262655565,0.05275017395817596
2021-09-13,0.0556364170031085,0.047872881729931205,0.06159077078678972,0.05194409308359374
2021-09-14,0.05194406078792506,0.04760055113854662,0.06159656970226594,0.05077559838313268
2021-09-15,0.05181500823735939,0.04632585591329117,0.0615928227248436,0.04949377971392266
2021-09-16,0.05341946848500174,0.047545091570364836,0.05963606548851783,0.05149052582085817
2021-09-17,0.05521870314115443,0.04861641744054556,0.06009341266378631,0.053446313058631185
2021-09-20,0.05643812118746391,0.04900338989001775,0.05975938235713173,0.05358895476316841
2021-09-21,0.05511776510839526,0.048880746967026496,0.05969307517606448,0.05221675499798295
2021-09-22,0.05188111813076523,0.049258225927352635,0.05974271187065173,0.05269638990666986
2021-09-23,0.05231513979606269,0.04932007690079747,0.05982978412803312,0.05176969324556258
2021-09-24,0.052267746414092736,0.0494590612156192,0.05949897415879258,0.050634237613646306
2021-09-27,0.05255234733578836,0.049145745480103815,0.05935644785101264,0.04986104999222867
2021-09-28,0.06174901327704625,0.055879326316916805,0.06211733370602493,0.07002937115771177
2021-09-29,0.060412892869417145,0.05580750833908659,0.0616987666731205,0.06789692370612178
2021-09-30,0.06065849747244371,0.055687414581078176,0.0602224287098838,0.06583190582109086
2021-10-01,0.0645149168433354,0.05554585376302533,0.06027050520921939,0.06703692322833468
2021-10-04,0.0661339253038327,0.05644258855842643,0.060847828790950256,0.06900363683401359
2021-10-05,0.06649817783504441,0.05615556685718807,0.0608391168619153,0.06715613325519051
2021-10-06,0.0664600267789224,0.05636602372941293,0.06045939329885749,0.06616866899694716
2021-10-07,0.06649495746878888,0.056307800735537795,0.06045916487522621,0.06416420493209708
2021-10-08,0.06602744822703605,0.05654162595124008,0.060566838229035524,0.06314601168913261
2021-10-11,0.06518014202072564,0.05688104512045374,0.06047098249382391,0.06305083692500812
2021-10-12,0.06566461544506443,0.056418929405945784,0.060308832646044606,0.06223074552372526
2021-10-13,0.07078439719717759,0.058173576377214986,0.05928369857270015,0.0660399331069299
2021-10-14,0.07669531094625207,0.05946721220014655,0.06024668194967356,0.07091500677673407
2021-10-15,0.07527447176472274,0.05953398449351547,0.06006035852831361,0.06906563112967423
2021-10-18,0.07400822042972124,0.05932960701785975,0.06008119812009938,0.06757945048545409
2021-10-19,0.07300455182202842,0.059353807338514565,0.05962408205668595,0.06562617234737715
2021-10-20,0.07292770281807262,0.05898389035916447,0.05927827671727197,0.06372061432851238
2021-10-21,0.07173827976942643,0.058805993809377,0.05913273236949463,0.061808829776251295
2021-10-22,0.07137739063430534,0.058811419331237805,0.059113128196766875,0.06001504044485002
2021-10-25,0.07219810767528882,0.05927581020438444,0.05914361410928651,0.060094975361001716
2021-10-26,0.07157864509148006,0.059220286957476526,0.05914676024118868,0.05835125878982646
2021-10-27,0.052280713733474864,0.05933443278787818,0.059255536447287746,0.05772127596850191
2021-10-28,0.052481723689572005,0.059439959721896425,0.05925703800656027,0.05741200203505012
2021-10-29,0.05259917104893515,0.05944031128094667,0.05923297909757142,0.05566697357734152
2021-11-01,0.05080755777422678,0.05925403974713258,0.05886140218303744,0.05398150731717222
2021-11-02,0.04374894556218632,0.059390115702364674,0.05891814025794557,0.05311640966613404
2021-11-03,0.04410407145972434,0.05937570898678539,0.05847192546940658,0.05149843569382553
2021-11-04,0.048048042885191565,0.05879420843866407,0.059092456642923945,0.05716690820453508
2021-11-05,0.050096403878670336,0.05922300588658162,0.058529765358831365,0.060311569389496215
2021-11-08,0.04774416013912072,0.05904481788937819,0.058339702234247504,0.05847944908781192
2021-11-09,0.04261582289102953,0.05892803388503949,0.05547914375764456,0.05700659049152668
2021-11-10,0.05197714404261683,0.06050731936157804,0.05603357843567876,0.06044187045813904
2021-11-11,0.04879716778471903,0.05935273800262539,0.05446634950808999,0.05868273973459061
2021-11-12,0.04354463639859939,0.05948067836380122,0.05454901899535886,0.05791941997707161
2021-11-15,0.04440083380931113,0.05930833769943122,0.05448643282806515,0.057019020565870084
2021-11-16,0.04438600682953504,0.05886915451293595,0.054439796900153124,0.05529379976062498
2021-11-17,0.04455300395592128,0.058939044842296506,0.05348738905412734,0.054423867938637134
2021-11-18,0.04463387660174802,0.05869680420947114,0.053528870942275965,0.05347409061368441
2021-11-19,0.0445478494983358,0.05746082573869032,0.05303957147228464,0.05197456296626976
2021-11-22,0.057154005650390215,0.0603892939525682,0.05458169705984768,0.061185946697171936
2021-11-23,0.0591980220940655,0.06103243555458748,0.05504715640021596,0.061985250013298555
2021-11-24,0.06003764734356857,0.06126827238732984,0.05516502573275696,0.061551096375102816
2021-11-26,0.061331467185955856,0.06010303194175804,0.05547839697252881,0.061482026127229125
2021-11-29,0.06282978970855829,0.06078580566000573,0.05587128998541971,0.06294919555125185
2021-11-30,0.06568460757915881,0.06163907903423443,0.056370989256739314,0.06418562736101004
2021-12-01,0.06657589644807085,0.06191951223126926,0.055681670293212936,0.06327934311797812
2021-12-02,0.06758502798556457,0.06241810504747878,0.054617367465167446,0.06334544602012925
2021-12-03,0.06766892181106708,0.06243032614454779,0.054644443120634115,0.06150674999154334
2021-12-06,0.06278597540306281,0.061430686478980444,0.054651949665272676,0.05981848198056774
2021-12-07,0.06607046750590381,0.06359563435720915,0.055811252922759624,0.06653236799026654
2021-12-08,0.0662711322773346,0.06364256104980262,0.05556315484838504,0.06479882703005721
2021-12-09,0.06758903184628579,0.06340710134945307,0.05592782729591498,0.06518593046707721
2021-12-10,0.06586904951994951,0.06375135893433727,0.05617200377179316,0.06522330070982293
2021-12-13,0.06588866528706797,0.06373126901788882,0.05607583030164172,0.06333380693277547
2021-12-14,0.06738361731723683,0.06461334420892907,0.05614073184481993,0.06466220616427354
2021-12-15,0.07064161714658047,0.06494709228521982,0.05672696207348295,0.06718186244767652
2021-12-16,0.07175890927536513,0.06458779712783018,0.05695458946707565,0.06667639339510144
2021-12-17,0.07121670220484666,0.06420381249062129,0.05688436391261175,0.06484417958416157
2021-12-20,0.07276762687431737,0.06526384850270675,0.057438351337469516,0.0665246354571773
2021-12-21,0.07713847391107836,0.06619496027161383,0.05812748443898827,0.06967440731910814
2021-12-22,0.07421043262892468,0.06713134956867739,0.05866753076571091,0.07206658821612419
2021-12-23,0.07215299321235778,0.06703224483131696,0.058675008264534124,0.07017694161028226
2021-12-27,0.07398809662043353,0.06769760002001315,0.058979041335725624,0.07196008453736526
2021-12-28,0.07304566218318409,0.06208251082832978,0.059095482420708584,0.07037081271279208
2021-12-29,0.07177291519507437,0.06230429308934852,0.05917392764602115,0.06865526915445186
2021-12-30,0.06896780252910262,0.0623178317613901,0.05916429719495981,0.06687448962935465
2021-12-31,0.06772848403529147,0.0616666039526976,0.0586975767064896,0.06483755285836341
2022-01-03,0.06928429182350193,0.06114140955161643,0.05898447772772229,0.06540135504349147
2022-01-04,0.06967495407259329,0.061361856001502346,0.05893554475839957,0.06388733313347511
2022-01-05,0.08039198972765733,0.06560869127386845,0.061048588189390476,0.07578188202641496
2022-01-06,0.07427761703202755,0.06578980049031526,0.06110751060074063,0.07388383543894808
2022-01-07,0.07481016241728661,0.0659147537095836,0.061305470092893825,0.07282088933301327
2022-01-10,0.07374353410414083,0.06534550216589755,0.06121928072612587,0.0706811047862747
2022-01-11,0.07786434298535437,0.06686979963603107,0.06189386282780019,0.0752212046574685
2022-01-12,0.07798899648254301,0.06562413270100251,0.061907831248701695,0.07306074947799515
2022-01-13,0.07873513823755371,0.06515895176927536,0.062134241968467264,0.07466524972836522
2022-01-14,0.07535821917801427,0.06523854290645445,0.06220749123585521,0.0729233871863356
2022-01-18,0.08262138609018836,0.06870154853951062,0.06393274835126059,0.08221105706517894
2022-01-19,0.08271037913716031,0.06867582715665478,0.06393235560658361,0.07970906843086559
2022-01-20,0.08164110940415542,0.06905873263817158,0.06397100893462644,0.0786434910652051
2022-01-21,0.07876824565188986,0.07016077051125154,0.06449597057059808,0.08008161368689226
2022-01-24,0.07394415186690109,0.07016686259535619,0.06450655237974252,0.07772794083225364
2022-01-25,0.07439868886235498,0.07069825631489209,0.06508329735000755,0.07912382075417158
2022-01-26,0.06948105510082903,0.0716373428438596,0.065616101057296,0.08047161382797781
2022-01-27,0.06947635707148943,0.07141206661532203,0.0656029994584203,0.07860190679481857
2022-01-28,0.08126648187017013,0.07378031530509047,0.0669320000124034,0.08462262606530649
2022-01-31,0.08844314178498373,0.07591150752890391,0.06802252605002782,0.08844686391962724
2022-02-01,0.08951989760759722,0.07610886260195268,0.06801995310703433,0.08629882061145025
2022-02-02,0.09127490119744609,0.0765157926029256,0.06830980304716545,0.08543015751620207
2022-02-03,0.10114894538548491,0.08121366364105574,0.07104379547742351,0.09878122374939285
2022-02-04,0.09527738289698587,0.07973067024276177,0.07022851604828775,0.09577912641239536
2022-02-07,0.09527294679989562,0.07856621056303251,0.07002860172905848,0.09289201926790813
2022-02-08,0.09570001363260414,0.07878350860102046,0.07005904419146289,0.09049860718752885
2022-02-09,0.10019541970845643,0.08042547569297302,0.07080515698373413,0.09272013047385343
2022-02-10,0.10384610471730492,0.08349769977787823,0.07317955003144268,0.10331581735771428
2022-02-11,0.1034346047300922,0.08357617753855771,0.0727274219539551,0.1008427071891911
2022-02-14,0.10230662555288073,0.08332137549579079,0.07272905663322103,0.09813002294062446
2022-02-15,0.10394104969585456,0.08371909233639883,0.07279789009947464,0.09622142575383194
2022-02-16,0.09961105025806928,0.08421945228868308,0.07290291449674223,0.09457248511500858
2022-02-17,0.10098917940402087,0.08457006044949976,0.07327182537005703,0.09424428126003258
2022-02-18,0.10048098467744618,0.08435470673464433,0.07308479478373048,0.09147083777208853
2022-02-22,0.09892484608741872,0.0844153121946825,0.07260833647948538,0.08956384448093722
2022-02-23,0.10295649243931881,0.08451258575099774,0.07369840866959064,0.09387474988808754
2022-02-24,0.10640030321207981,0.08619306162639387,0.07470338726983078,0.09679495486930254
2022-02-25,0.10703738008009372,0.08709433286890805,0.07533350490069007,0.09746931055220538
2022-02-28,0.10835346834223858,0.08779848084180296,0.07506972889457168,0.09721412888832844
2022-03-01,0.10340041191507457,0.08704372947011142,0.07497541448499462,0.09425638755278701
2022-03-02,0.09889442712705489,0.08658363828537981,0.07499392218305054,0.09162895627347833
2022-03-03,0.09834874829408422,0.08644668545371229,0.07498955591015528,0.08892618730125557
2022-03-04,0.09682568228087395,0.0860032083612033,0.07498742898342842,0.08628149744513701
2022-03-07,0.09313455818972112,0.08877945677791935,0.0766589477899844,0.09490116783355998
2022-03-08,0.09315666132790411,0.08870886943661753,0.0762996697353042,0.0920102091279623
2022-03-09,0.0952846012379942,0.0875981110898804,0.0766852029203233,0.09144808967201111
2022-03-10,0.09674112160266662,0.08821572980758431,0.07707111232373028,0.0916954782923372
2022-03-11,0.09431300994139152,0.08891664081432786,0.0774262823770421,0.09350842989620724
2022-03-14,0.09453163581106305,0.09168558917003726,0.07945867402339478,0.10424891639534929
2022-03-15,0.09852076074530076,0.0930499977398808,0.08006059346987503,0.10446904032809472
2022-03-16,0.1123945988691444,0.09782713983742373,0.08283822364286673,0.11636661355209632
2022-03-17,0.11291458744586036,0.09745244074789032,0.08289074848838986,0.11432864389499066
2022-03-18,0.114262672961775,0.09827030985057117,0.08312736929509938,0.11353266004493417
2022-03-21,0.11424427554477368,0.09876961452566013,0.08334756146772569,0.11218683835122945
2022-03-22,0.1145303331294678,0.09845998909193104,0.08341297167515943,0.10924538294943621
2022-03-23,0.11389464990215956,0.09739487919133187,0.08324468548004331,0.10598847883597134
2022-03-24,0.11021242845321319,0.09738650411088537,0.08371165404727245,0.10575600775858879
2022-03-25,0.10813553116951292,0.0975055735669355,0.08386181725618702,0.10369504283576997
2022-03-28,0.10616640623056614,0.09685070514202254,0.08392225456635113,0.10122884137113206
2022-03-29,0.10817594268691659,0.09849417442835835,0.0827071058626247,0.10343788274725033
2022-03-30,0.10821528039364628,0.0984529567164858,0.082712997493678,0.10031506030193729
2022-03-31,0.10948555567311351,0.09870738114791221,0.08299986700799884,0.09900965364621177
2022-04-01,0.10943541396404385,0.09870004621326675,0.08267330077851959,0.09602485207214728
2022-04-04,0.11112000648133778,0.09921207372821308,0.08263998034381134,0.09585672716847018
2022-04-05,0.11334914803043117,0.10232197354540523,0.08469350950876059,0.10593575278250625
2022-04-06,0.1166128919130179,0.10100210057567005,0.08522984842304702,0.1066967359508579
2022-04-07,0.115169136490893,0.10098382811186007,0.08523155566202278,0.10346205381829612
2022-04-08,0.11443223882374703,0.1011770506537974,0.08540211637563247,0.10199527287661779
2022-04-11,0.1165128386217818,0.10275736351861174,0.08631509018654354,0.10584363683248682
2022-04-12,0.10641134626259864,0.10132004948011916,0.08622842806134766,0.10276864572596679
2022-04-13,0.106968758737593,0.10262431667460406,0.08633242756849173,0.10382913698530302
2022-04-14,0.10127525440865348,0.10420117343416907,0.08697475837502115,0.10967058944217448
2022-04-18,0.09935638444668501,0.10416447303892641,0.08695252566499116,0.10634014132167768
2022-04-19,0.09653876956998231,0.10232059204873636,0.0869394911319021,0.10343026505444562
2022-04-20,0.09577306416342249,0.10246767841334455,0.08699540083851015,0.10065581480754969
2022-04-21,0.09923624322598083,0.10372367276587126,0.08788488880692055,0.10392535824672612
2022-04-22,0.10627340306073269,0.1058840141114071,0.08957646923357943,0.11212568877305157
2022-04-25,0.1037874033678604,0.10616605569254048,0.08972902160643088,0.10953404793259021
2022-04-26,0.10708838847155701,0.10718302796714935,0.09049686488299095,0.11291205926669834
2022-04-27,0.10537537469284576,0.1068129378342833,0.09060794196557616,0.11058624301099582
2022-04-28,0.11089557573518356,0.10978131549447304,0.09223467130223606,0.11706224427407719
2022-04-29,0.12314939321855248,0.11345755133749705,0.09540263088341647,0.1337837969953384
2022-05-02,0.12310350389783811,0.1118433037513689,0.09542329892587573,0.12998862447498027
2022-05-03,0.12489574731060213,0.11196076731238644,0.09558192183146516,0.12668027466386436
2022-05-04,0.1372406032669017,0.11623484836660893,0.09816635679761357,0.1366491979092913
2022-05-05,0.15005098522034588,0.12150834840880334,0.10305074881707911,0.1593240582814159
2022-05-06,0.1496410954730186,0.12191655939156165,0.10270511440654728,0.15629941043149345
2022-05-09,0.15387258809672308,0.12464012351599467,0.10391802584234423,0.16120912761352674
2022-05-10,0.15573295006392962,0.12478869693281926,0.1040976668899177,0.15684606724374853
2022-05-11,0.15402617952441883,0.12351899221995384,0.10412046914210385,0.15285747594133273
2022-05-12,0.15316765684139405,0.12132889219023846,0.10390033123740224,0.1487415943855631
2022-05-13,0.15229516748230915,0.1222968520396804,0.10441020781438039,0.14639612634977375
2022-05-16,0.14967495277217163,0.12228287222303447,0.10427344160589719,0.1420304061806735
2022-05-17,0.15143984821692208,0.12236407865969372,0.10450598303759202,0.13865591831609358
2022-05-18,0.15414811232644124,0.1239609041688184,0.10576790593416506,0.1430134960905537
2022-05-19,0.15417427555920782,0.12390061649097472,0.10576021083301221,0.13894335255048376
2022-05-20,0.1535197061688971,0.12403860553005411,0.1057231643745165,0.1348495842837069
2022-05-23,0.15114166069699392,0.12451646227896743,0.1059779794204961,0.13190524527988975
2022-05-24,0.15029430857826884,0.12353271827333447,0.10541976665008373,0.12795913774630227
2022-05-25,0.1500847084214774,0.12288106960700262,0.10575782172366555,0.12631130712141128
2022-05-26,0.15408180917912234,0.12361943517785827,0.10655131933311976,0.12762860644116272
2022-05-27,0.15353686092636776,0.12541930036927315,0.10788973923887345,0.1316441343049326
2022-05-31,0.14274226708487447,0.12625679990343588,0.10808295313613013,0.13160059798576124
2022-06-01,0.14282583262032567,0.12628940769788582,0.10794081368386571,0.12800272574180616
2022-06-02,0.14731346196507705,0.12843716086539542,0.10909069725159297,0.13078466330044602
2022-06-03,0.14043625428074702,0.12978554425302624,0.10974379524937654,0.13312056662773708
2022-06-06,0.11729458308018806,0.12820729077505488,0.10985048638921753,0.13010222750770248
2022-06-07,0.11740572138616943,0.12902065732476614,0.1102786350351717,0.128515662505877
2022-06-08,0.10791672370342506,0.12886229340779684,0.10976199339743742,0.12690427113028546
2022-06-09,0.11336713409799812,0.12969133538831173,0.11048770252424958,0.12886907587168847
2022-06-10,0.1214992689942015,0.13127883657828765,0.11169686453033925,0.1348557693420686
2022-06-13,0.15932379063126909,0.141529888304733,0.11878981305315478,0.17556594078026835
2022-06-14,0.15657890469537963,0.1405557614304017,0.11880899855304354,0.17058192854822227
2022-06-15,0.16831876376654267,0.14103124729180264,0.12108917438050992,0.17630978110554418
2022-06-16,0.17063179077416255,0.14179057612436774,0.12150245191322287,0.17665609755841494
2022-06-17,0.16673635257353955,0.14104448871357628,0.12154506717439376,0.17145645702284681
2022-06-21,0.1676375857585801,0.14147412496515913,0.12184323417359948,0.16726867578418553
2022-06-22,0.16883773362523474,0.14188079114640484,0.12200822921105436,0.1634014512678368
2022-06-23,0.1694358070624044,0.14257733822174198,0.12188843643278002,0.16002017307573188
2022-06-24,0.1733281133496508,0.14347126879028907,0.12237682934790714,0.1596471321395497
2022-06-27,0.17210989965413154,0.1435246462496643,0.12241595286965087,0.15584494778031555
2022-06-28,0.17036994516318138,0.1441456312849121,0.12260066025505106,0.15588012223530398
2022-06-29,0.16404436705599215,0.14291866263838987,0.12270272948029744,0.15142990168058154
2022-06-30,0.16268837157268562,0.14290410436712606,0.12271685894348523,0.14720229694153344
2022-07-01,0.16543088747934853,0.14377631575106167,0.12314107852974913,0.14495696841095637
2022-07-05,0.15958437532863295,0.14384774883836537,0.12316187189514334,0.14057247158982378
2022-07-06,0.15712759646301874,0.14314549935010085,0.12317708846765801,0.13761594286294462
2022-07-07,0.1600510902004313,0.14247637246484657,0.12375313183639507,0.13639674541914082
2022-07-08,0.15756926051442424,0.14198022051305245,0.12291598335623136,0.13242058688522804
2022-07-11,0.15704971430562623,0.1420380612788724,0.12299806485917322,0.1295001084549788
2022-07-12,0.15423366885610004,0.14189364821149894,0.12296110318232191,0.12578762558686082
2022-07-13,0.1483481466123929,0.14100599098158034,0.12297026905625993,0.12203480113236567
2022-07-14,0.10376053072320394,0.14098106772643254,0.12235702748651603,0.11927689075335035
2022-07-15,0.10689837444047662,0.14141285616885105,0.12316515419113648,0.12088533898626452
2022-07-18,0.0956255066959828,0.14034080986622605,0.12316572817395421,0.11956194470498324
2022-07-19,0.09310311502590808,0.1425360479893233,0.12436215404612916,0.12376596612479172
2022-07-20,0.09334107797955836,0.14266283416357525,0.12371435092679366,0.12067189761873934
2022-07-21,0.09956233339706935,0.14482945911531075,0.12498861962429178,0.12561068253430965
2022-07-22,0.09910141601925407,0.1438649588710279,0.1249173185000125,0.1218517282316942
2022-07-25,0.0987810313847852,0.14192956697821824,0.12470985719898377,0.11872109861603992
2022-07-26,0.09658346682121104,0.1421548833127444,0.12495945436201043,0.11790356344340859
2022-07-27,0.10645339926077989,0.14410030387233586,0.12650477533121857,0.12699626479176107
2022-07-28,0.10226068876814068,0.14518326460568365,0.12699693668574055,0.12816073155673732
2022-07-29,0.10320435567714382,0.14357364000839384,0.12729278025231253,0.12639656998742524
2022-08-01,0.1019514427045344,0.13920073846306805,0.12670039954775775,0.12374103045075799
2022-08-02,0.10630262375574583,0.13993581153930126,0.12643266405355977,0.12343348220628447
2022-08-03,0.11162059221358477,0.1417581555693232,0.12755255242331665,0.12803051327921625
2022-08-04,0.10862113598012405,0.13854025386717111,0.12752239301095056,0.12511870290545063
2022-08-05,0.11450059956360291,0.13198912468692037,0.1266869863879328,0.1262747017472837
2022-08-08,0.11383164313295657,0.1315681554854662,0.126824212867715,0.1232616652615142
2022-08-09,0.11363738508620638,0.1286020451274278,0.12692761569345162,0.12055774758688693
2022-08-10,0.11511293357141508,0.12970049641463166,0.12762262514536302,0.12235195469432253
2022-08-11,0.11921700489988091,0.13010362410897466,0.1273569866368866,0.1211153495889238
2022-08-12,0.12033901011615922,0.1315073525001502,0.12709625282885212,0.12473714957133536
2022-08-15,0.11888849347136081,0.1309938622063277,0.12704057319616727,0.12094762519533099
2022-08-16,0.11527996181119392,0.13095838669918097,0.12701451906329525,0.11728525301436109
2022-08-17,0.11684027188075927,0.13180334364626903,0.12731727496617942,0.11765169856563285
2022-08-18,0.1167762674833382,0.12915611828972992,0.1271836531719763,0.11416234863220664
2022-08-19,0.11942942853266762,0.13124892599820057,0.12788787870125107,0.11895513582774493
2022-08-22,0.12689882947960673,0.13340879935771435,0.12885466874482798,0.12388223594273363
2022-08-23,0.12632471920868546,0.13312180457759246,0.12880327609144154,0.1201109028919582
2022-08-24,0.12372378081441274,0.13310741202431983,0.12821806988264434,0.1164577918869406
2022-08-25,0.11850900392049907,0.1339877804114602,0.12841894083152558,0.1191743116315174
2022-08-26,0.12733075908265432,0.1365406554808197,0.12987416730160853,0.13128187968609553
2022-08-29,0.1257634983253279,0.13470577357486938,0.12967302562894067,0.1286320857959797
2022-08-30,0.1251594500795163,0.13425792618478585,0.12988782641473248,0.12689316289768976
2022-08-31,0.12442189915088916,0.1346563344144277,0.13009648943121938,0.1252566692163749
2022-09-01,0.11478673617914731,0.1328733977336508,0.13015671000875004,0.12224595803400294
2022-09-02,0.11252687436720865,0.13141811827090513,0.13013780971698613,0.11865564137359712
2022-09-06,0.11168506456895798,0.13200075619818952,0.12962000933863388,0.11891290153177132
2022-09-07,0.1228668078929708,0.1342340601947514,0.13115066163535327,0.12642461583605813
2022-09-08,0.12278118516891011,0.1337422847916007,0.1308852180933066,0.12257640222506311
2022-09-09,0.12137157227110645,0.13340250749346513,0.1312475092306689,0.12284970790618605
2022-09-12,0.12178218509057252,0.13101198574189865,0.13102820028163234,0.11998828174825951
2022-09-13,0.1337098211282491,0.12460346759674808,0.13347907700110168,0.14562473098555342
2022-09-14,0.1345575599818217,0.12449203706536893,0.1331139740202859,0.1414010561944287
2022-09-15,0.13594645215913576,0.12188121849897696,0.13182417074138775,0.14161076803886974
2022-09-16,0.13502175462423205,0.1197498980581733,0.13159351989284723,0.13754165773438323
2022-09-19,0.1361961366398641,0.119890379064349,0.13134615140527747,0.13406543781538888
2022-09-20,0.13400621361750195,0.12048396624817173,0.13152587961963905,0.1333302033503195
2022-09-21,0.13008418961027415,0.12013697628562155,0.13145866615705806,0.12978195370342877
2022-09-22,0.1317715064584398,0.12078838740043031,0.1319284652777323,0.1307197409485354
2022-09-23,0.13356327404447071,0.12048246567451366,0.13209840044184007,0.13260392535118573
2022-09-26,0.12642679504921187,0.12158429742586019,0.1326011360729902,0.13408847863911175
2022-09-27,0.1189687386679552,0.12047620812429126,0.13255253502846542,0.13131245465132138
2022-09-28,0.1430533956656131,0.12688629448838112,0.13504416986572296,0.1478543198686632
2022-09-29,0.1455795763867124,0.12852807626437182,0.1357443061713528,0.14956386653030082
2022-09-30,0.14649798589117757,0.12861809323022155,0.13603439854087795,0.14868772280308834
2022-10-03,0.16264166380723266,0.1337806710614969,0.13862894115755492,0.15951164135310952
2022-10-04,0.1740230566961194,0.13753358484922668,0.1403909736852597,0.16666582498466026
2022-10-05,0.1726460913354997,0.13683727798309853,0.13940563014233262,0.16226793035041157
2022-10-06,0.165131014410629,0.13709469555828602,0.13921417301504482,0.15845153639479637
2022-10-07,0.17290550329114887,0.14066616044804225,0.1409503672620033,0.1667577386498676
2022-10-10,0.17042141054451412,0.14191097199119604,0.1414363595172259,0.16643320882252347
2022-10-11,0.16851737399668623,0.14188487004024347,0.14092467951602114,0.16162229883479162
2022-10-12,0.15462376599923314,0.14183656102561057,0.1409292475763015,0.15681405753781877
2022-10-13,0.15634073764393755,0.1409954241762891,0.14070362353262575,0.15350042720105952
2022-10-14,0.15890686431533763,0.14266126665504955,0.14096602704012748,0.15702033982804242
2022-10-17,0.16638337814740423,0.14285118379002695,0.14212855402567998,0.15887907424797126
2022-10-18,0.16719973283898898,0.14314904642177437,0.14234121465524885,0.15540225691969564
2022-10-19,0.16784699425691316,0.14167043136131716,0.14270351545265664,0.1546485496027328
2022-10-20,0.1685763334088228,0.14205051074601735,0.14244515438141123,0.1520329925369645
2022-10-21,0.171393928306777,0.1437938416587612,0.1423382998327936,0.15240536606242036
2022-10-24,0.16855593586602338,0.1435046059550535,0.14226453783101334,0.1479729146410737
2022-10-25,0.1713631856726209,0.14304015589024185,0.14306526753986035,0.152257771919813
2022-10-26,0.17037337466234787,0.14153873055895888,0.14298917687012122,0.14765880015466457
2022-10-27,0.15638404537719494,0.14079462537990267,0.14181842421084137,0.14319977534961092
2022-10-28,0.1533194204278219,0.14137703010570812,0.14008693776699763,0.14167510379527637
2022-10-31,0.15330883221551805,0.14156456028062647,0.1405058253962117,0.1412258976652904
2022-11-01,0.14056744440421462,0.13923147677146322,0.14043158160570027,0.13707666110687255
2022-11-02,0.13489637939679053,0.14080239338900125,0.13967980370315372,0.1427229151178778
2022-11-03,0.13656771868789588,0.14060254078404585,0.13655201503185452,0.14183189694291248
2022-11-04,0.14067766359131426,0.14174490374467444,0.13699927429614803,0.1416417615998954
2022-11-07,0.1287681041977465,0.14174384329472933,0.13566536667480192,0.13737501205196742
2022-11-08,0.12631127216145882,0.14130675829709494,0.13606728425921996,0.13659237870816757
2022-11-09,0.13058900526510545,0.14184297756844266,0.13654491293733012,0.13727044367124636
2022-11-10,0.1873527231285831,0.16172068646574084,0.14752653702322155,0.20188314165492185
2022-11-11,0.1874182278573395,0.16229813811969637,0.1474603770467663,0.1969915972935593
2022-11-14,0.18102862484020277,0.16242418418034626,0.14756419356398687,0.19171933786051978
2022-11-15,0.17937980269928003,0.16300650288589966,0.1479697483701623,0.18889122513754775
2022-11-16,0.1793342213937582,0.16295418526645195,0.14692525161953818,0.18315278450292438
2022-11-17,0.17664715760362568,0.16180057391939745,0.14702961251396784,0.17853918603942828
2022-11-18,0.17432938807487908,0.16029753014987108,0.14701719624226525,0.17318061764076262
2022-11-21,0.173021277687917,0.1603402259576806,0.14690340344747435,0.16822266369290362
2022-11-22,0.1745356941931343,0.16138462616600513,0.14741903132270925,0.1664446097945052
2022-11-23,0.17128037051156228,0.16090088189911678,0.14757930139893555,0.16416296844989262
2022-11-25,0.17152247156028538,0.1578319792788959,0.14698180650115025,0.1593274941305025
2022-11-28,0.1745116918217702,0.15826725851671142,0.14637290904163958,0.15732421668269445
2022-11-29,0.17368419518437547,0.1578897604219346,0.1459675233147435,0.15273394270578383
2022-11-30,0.18067841190460393,0.16218376038630206,0.14853379227161884,0.16583813451765952
2022-12-01,0.1822401945779974,0.1630768368344617,0.1483714379406327,0.164928390767253
2022-12-02,0.17276169490944215,0.1630390573251477,0.1476600584402254,0.1599153933666701
2022-12-05,0.1778086870451722,0.16444512310903228,0.14867677266027168,0.16313515630355616
2022-12-06,0.1781983677939148,0.1624410447963601,0.14846298712778672,0.15880768710380222
2022-12-07,0.17838175970549086,0.16284966868656645,0.14846488391339221,0.1555760684010724
2022-12-08,0.1774978559937774,0.16215829817444946,0.14788711230858426,0.15126666151141438
2022-12-09,0.1751375797116078,0.16243026282557677,0.146985944716249,0.14858587222379135
2022-12-12,0.11595522998469586,0.15615741467544417,0.14069810165018726,0.14497889692700397
2022-12-13,0.11873604361851159,0.15727142094592275,0.14126431196124234,0.14556247169233022
2022-12-14,0.11800230885191103,0.15623494167264435,0.13962363129107072,0.14158283230389168
2022-12-15,0.12408304079094948,0.1582523944083655,0.13977910384307687,0.14543422078569643
2022-12-16,0.1253108355167288,0.1584234169821945,0.13992306954092218,0.1421792617834612
2022-12-19,0.12748083832689044,0.15851456901808322,0.1402427346299495,0.1413826692680652
2022-12-20,0.12739551168928087,0.15839359976532713,0.14005474412785585,0.13709062322460008
2022-12-21,0.1289066407104074,0.15775904652636225,0.14012974316390686,0.13539513424483687
2022-12-22,0.13008832167097661,0.15765290770566764,0.1400980631710437,0.13650768448176612
2022-12-23,0.1267527046773007,0.15627891928341447,0.13995099197582087,0.13235313075592123
2022-12-27,0.12850122414480594,0.15662790521421022,0.13959468719595503,0.13106010862590908
2022-12-28,0.12889882333824446,0.15287226480088442,0.14001887533111473,0.13105048742159364
2022-12-29,0.13656458311525377,0.15304012420792096,0.14105527836661086,0.13558122681166077
2022-12-30,0.11675218369409124,0.15202393103847175,0.1407583526055457,0.13161356860650597
2023-01-03,0.11141198342194367,0.14818353169536339,0.14083234632768749,0.1282123821910053
2023-01-04,0.11611900901014684,0.14561238466433593,0.14113268649009417,0.12815600225084872
2023-01-05,0.10971821033196436,0.14600714917840754,0.1410369492032824,0.126758043880799
2023-01-06,0.12644571352888637,0.1497024295448576,0.14322857537900538,0.1406947256916013
2023-01-09,0.12526512402724505,0.1455992393348113,0.1431524772064029,0.1369082325341599
2023-01-10,0.12480878001086397,0.1438709199263737,0.1431225521702651,0.1327379498056165
2023-01-11,0.1265219722423127,0.14453196552644007,0.1436471289025135,0.13319496168132614
2023-01-12,0.12858658495155184,0.14516890711315186,0.14395740162666523,0.13285297659214618
2023-01-13,0.12449732275314157,0.14493526266084306,0.14343171881423303,0.12902786445557407
2023-01-17,0.12439646309041831,0.14228962967553316,0.14320880158175214,0.12550459771121866
2023-01-18,0.11558743675825651,0.14081032352316705,0.14236450235460973,0.12170947214504936
2023-01-19,0.1143977022074342,0.14074011545746545,0.1423337538418308,0.11833161070914065
2023-01-20,0.10997860680767779,0.13939567414899237,0.141508374575049,0.11610945897146813
2023-01-23,0.11027620990612429,0.1386748558923923,0.14167693478501578,0.11427137946470334
2023-01-24,0.1089901540045101,0.13763351429897702,0.14165357982550644,0.11126881945675832
2023-01-25,0.10094940187580091,0.13763065402342925,0.14133567547986725,0.10794158388621893
2023-01-26,0.10056915303430745,0.13560604246142138,0.13997720124560767,0.10534978036848226
2023-01-27,0.09501111083058171,0.1355405024195603,0.13938723203165665,0.10219868320351345
2023-01-30,0.09406144546636973,0.13662912895562926,0.1395423081651723,0.10337627092001297
2023-01-31,0.0902345195750454,0.1368755733553592,0.13992533997218687,0.10552532130694986
2023-02-01,0.09376012859590566,0.13698805255833574,0.14046261014863212,0.11162324590888986
2023-02-02,0.09429014323912141,0.1373037683172994,0.13975588154582647,0.11082545012110606
2023-02-03,0.10972422488346481,0.1374669434063533,0.14099435872918586,0.12000915182522214
2023-02-06,0.10824030386696994,0.136719594926619,0.14058431911458838,0.11787528765674737
2023-02-07,0.09386183129482435,0.13614384808335075,0.1406761347098531,0.11600792568395997
2023-02-08,0.09604328770926027,0.13662719897411857,0.14068407564012025,0.11366438627073495
2023-02-09,0.10040888086302842,0.1370482345499482,0.1403939484224556,0.11352750003572502
2023-02-10,0.09764550555759653,0.13574173708685974,0.1402099813777793,0.11096378298888972
2023-02-13,0.09568508999951174,0.11245707935106514,0.1395839770497676,0.10980118360114462
2023-02-14,0.09553348014670716,0.11201019545063472,0.13958787229102806,0.1064811303977674
2023-02-15,0.09521396018186827,0.11165383058574814,0.13960216893563807,0.10343478778371012
2023-02-16,0.10091577764929764,0.1122405501826187,0.13977863402063406,0.10651940458780958
2023-02-17,0.10061338045894141,0.11222352701977997,0.13977491111594076,0.10334701674140738
2023-02-21,0.1105486821572765,0.11547974899726712,0.1402834345659139,0.11412674048272299
2023-02-22,0.10893602833104112,0.11545665811290329,0.1393595574618936,0.11083737150180123
2023-02-23,0.1106258333170562,0.11575683620528271,0.13959561437007897,0.10966960363686305
2023-02-24,0.11429921247852219,0.11622971731270611,0.1402021569454234,0.11229925753793218
2023-02-27,0.11484697268093783,0.11550449015253071,0.13961945898996705,0.11006431828548298
2023-02-28,0.11473784828577488,0.11542954898109183,0.13778296516456978,0.1067190930810262
2023-03-01,0.11275250950489195,0.11458191477723492,0.13771084256961463,0.10440292536354794
2023-03-02,0.1077863809776995,0.11450530290244303,0.1374611032477039,0.10136147421311965
2023-03-03,0.11143159709214462,0.11133483219441931,0.13855157904902535,0.11189374139844024
2023-03-06,0.10816222609808589,0.10982859231322324,0.13847950298312783,0.1087391850423177
2023-03-07,0.10169948196442775,0.1110095734992814,0.13894660438910172,0.1099460394299732
2023-03-08,0.10102500844442126,0.10782895032060767,0.13849348869884798,0.10660390532277236
2023-03-09,0.09896738022196237,0.10792682133939273,0.13735865881991915,0.10469945316557308
2023-03-10,0.10137806667102661,0.10788376362403836,0.13757609109746727,0.1037596560033429
2023-03-13,0.10176888838036179,0.10837126363526131,0.13736917804338775,0.10323072327407534
2023-03-14,0.10195794229606794,0.10779576339161076,0.13735505897173617,0.10098568115527211
2023-03-15,0.10138603134230399,0.10788864960436637,0.1336751813554967,0.09966244940930524
2023-03-16,0.10419079011561232,0.10700212127089583,0.13396817378924952,0.10015040628757035
2023-03-17,0.10502584837246713,0.10711897593044442,0.13341125394729747,0.09863577369066454
2023-03-20,0.09901896964922845,0.10393303830237409,0.13336252578517235,0.09563235835836251
2023-03-21,0.09902429135313216,0.10337727080869759,0.1332937349016131,0.09283334049714269
2023-03-22,0.08285989994041461,0.10182429977048664,0.13279676405673121,0.0900707100468532
2023-03-23,0.0834132425594274,0.10202414290123236,0.13281415256648607,0.08895003607212051
2023-03-24,0.08229746106804425,0.10136791982272364,0.13209714775628872,0.0862470505555385
2023-03-27,0.07939805425685442,0.10052841342628048,0.1317208958776573,0.08843531365612849
2023-03-28,0.07895895092969354,0.10051338966783209,0.1308776879946364,0.08574284094950153
2023-03-29,0.0806920967824772,0.09985406209633312,0.1308782868385508,0.08669647697068368
2023-03-30,0.0795938985840833,0.09847369053586055,0.12839844842213446,0.08706295336960747
2023-03-31,0.08280086979976184,0.09717160332738885,0.1278071123685957,0.09102193434515357
2023-04-03,0.07185839472221979,0.09701003758234739,0.12712714190327135,0.08869689955668986
2023-04-04,0.0705171985323624,0.0969566841478727,0.12492407575417007,0.08647747738117038
2023-04-05,0.0615575084663616,0.09610562244442224,0.12307565288772482,0.08396925907600059
2023-04-06,0.06114838746958224,0.09486111496959784,0.122914315921217,0.0816770418549266
2023-04-10,0.06155776159277124,0.0895629951280425,0.12289058997101232,0.08117256202043684
2023-04-11,0.060807778477062736,0.0894637861947646,0.12035215970457604,0.07874790840654598
2023-04-12,0.06047184363963674,0.08956441912169798,0.11936360326911287,0.07653465681649109
2023-04-13,0.06350897331978395,0.08917036132710836,0.11964287003360766,0.0799529582118248
2023-04-14,0.06839706776768933,0.08896006188611155,0.12004080251247641,0.08083145296300791
2023-04-17,0.06719394522477531,0.08916051661515922,0.11998129720906185,0.07905488498983299
2023-04-18,0.06611884033824558,0.08894582720303401,0.11836132282903529,0.07684803863922722
2023-04-19,0.0668092145139248,0.08904848353470877,0.11744860066766391,0.07486128348804287
2023-04-20,0.066849455280542,0.08886305751414042,0.11728844465365644,0.07258313169828852
2023-04-21,0.06750969365318268,0.08863246599692146,0.11651449742743338,0.07074659663032691
2023-04-24,0.06658792649378788,0.08825930483311946,0.11605740246403995,0.06932970967351398
2023-04-25,0.06725873118416385,0.08829946316060346,0.11543368585181557,0.06771511090439578
2023-04-26,0.06243970877924743,0.08859145321536305,0.11557014612914228,0.06683832754209622
2023-04-27,0.06543930846077274,0.08926011008738496,0.11452523360053679,0.06946950068656468
2023-04-28,0.06530875945067013,0.09000608178671428,0.114751218172995,0.07153701810223369
2023-05-01,0.06849220470209184,0.08981619593328083,0.11527123250344043,0.07456708415237548
2023-05-02,0.06328711689983776,0.08870864932885739,0.11502278111296839,0.074325116209861
2023-05-03,0.06283828488248475,0.08582194660634786,0.1142674640953739,0.07207988191215645
2023-05-04,0.062891964734732,0.0851481478082902,0.11435929344303336,0.07054166571049456
2023-05-05,0.06430391215390881,0.0806741008514514,0.11262847856871262,0.0701026323109892
2023-05-08,0.06460985138137912,0.08017236160934103,0.112005069029973,0.06860774191355898
2023-05-09,0.06280555408831626,0.07970914413963587,0.11152619762121856,0.0668327981462526
2023-05-10,0.06544288860806408,0.07979453765160925,0.11170343473144194,0.0680979969474838
2023-05-11,0.0651638742731204,0.07832606107802988,0.11128214098355864,0.06604346555281458
2023-05-12,0.060687813669677605,0.07827607476543594,0.11050060110478202,0.06536807692431577
2023-05-15,0.05698274013203722,0.07760813823326443,0.0962535113077171,0.06337753885985026
2023-05-16,0.058832333440086176,0.07835428358456656,0.09629586170985667,0.0643063903275486
2023-05-17,0.05970709567606728,0.07843814955644678,0.09611826900126406,0.06361220976937265
2023-05-18,0.05934571985485755,0.07590175520370608,0.09544017970933533,0.061819566347592426
2023-05-19,0.059356952888508896,0.07591403044167942,0.09542975839824286,0.05993729646335917
2023-05-22,0.058856526141364024,0.0697918918687516,0.09512619235589348,0.05812500678946588
2023-05-23,0.060275787902487644,0.07050655017078801,0.09532926352933228,0.05866865544474134
2023-05-24,0.06299193412275485,0.07095119736009724,0.09562238427765378,0.06091355232064494
2023-05-25,0.06284347419435546,0.06818186867334682,0.09501019805822317,0.0601994946406247
2023-05-26,0.06726978309759214,0.07001646907322946,0.09529298973178986,0.06888157171881316
2023-05-30,0.06568184681905335,0.07038959313954472,0.09539983539756873,0.0691011929880123
2023-05-31,0.06025796351867015,0.06984976941459099,0.09468569441882592,0.06702600922645771
2023-06-01,0.06262156305566698,0.07078253514777448,0.09499847154763044,0.07006993653299332
2023-06-02,0.06269271178355895,0.06597456666638145,0.0912772976875215,0.06794175086739292
2023-06-05,0.061696909294585836,0.06574008472932258,0.0903941085706903,0.0658901421886591
2023-06-06,0.060700252150466004,0.06319776139842329,0.09040998703710316,0.06421855690289993
2023-06-07,0.0685029320487789,0.06626450121967078,0.08934459500254857,0.0712672932717458
2023-06-08,0.07370230597670005,0.0671325529340693,0.08985628211408457,0.07667841530719767
2023-06-09,0.0718290492988788,0.06656536438386479,0.0895647556569426,0.07434248236292942
2023-06-12,0.07320060534063688,0.06621995869410502,0.08968737114427984,0.07429899986008
2023-06-13,0.07184049764007167,0.06610746110182665,0.0891902521689853,0.07207350385399752
2023-06-14,0.0720724419219399,0.0657568738780002,0.08910011509051852,0.0707210940994396
2023-06-15,0.0725759060072146,0.06623535010450043,0.08877348207190269,0.07525568643361769
2023-06-16,0.07416079573520658,0.06634125807024388,0.08879432833178227,0.07399517720766069
2023-06-20,0.07508307744074487,0.06657684498744884,0.0869372742538004,0.0721860765787599
2023-06-21,0.07663599838874537,0.06708898696591666,0.08679369205361273,0.07121521248907925
2023-06-22,0.07721761464207927,0.06727036894814746,0.0859611865057006,0.06938905313353705
2023-06-23,0.07529963580276652,0.06692272894268178,0.0859756818785002,0.0673741613753772
2023-06-26,0.0723818864400879,0.06715693150625958,0.08566651171831598,0.06589720837812768
2023-06-27,0.07268325957843633,0.06549074318490045,0.08450561134470988,0.06558270551242004
2023-06-28,0.06648169403069713,0.06552093690437168,0.08450624957495229,0.06400480974594425
2023-06-29,0.06694267635598641,0.06512073494932473,0.08404836561100408,0.0637174708354354
2023-06-30,0.07223020564250053,0.06619273551461224,0.08373490313369711,0.07002199062942809
2023-07-03,0.06923386114665316,0.06413622988464138,0.08222466649058781,0.06793280510827691
2023-07-05,0.07029393470164362,0.06439664014363562,0.08232598358758177,0.06687479901458004
2023-07-06,0.07460228032800041,0.06582650716484606,0.08295182950087551,0.0699375925339375
2023-07-07,0.07440143116968312,0.06577509690264739,0.08232086769036155,0.06782338803611992
2023-07-10,0.06709187930676518,0.06579551339229255,0.08170261462405441,0.06617459413418758
2023-07-11,0.06208924887782566,0.06551791910027856,0.07826118335946336,0.06624679472240771
2023-07-12,0.06945367356353854,0.06791456495662693,0.07915253413184371,0.07380110575937925
2023-07-13,0.07210438178290626,0.06920086908777523,0.07972507183727796,0.07725825535396784
2023-07-14,0.07341136471792227,0.06817431301550392,0.07909666181595913,0.07599148076940543
2023-07-17,0.07338059983817123,0.06705249826691828,0.07845608175016687,0.07442569066724505
2023-07-18,0.0709835547422787,0.06746736499576562,0.07876576093829836,0.07552343480369057
2023-07-19,0.06980013941884355,0.06753669386687912,0.0786668445942063,0.07383279467936163
2023-07-20,0.07691579592190084,0.06999681251771192,0.07977342902426242,0.07925610969145164
2023-07-21,0.0756606774926528,0.07003058758744628,0.07968293195497432,0.07686822309196188
2023-07-24,0.0753241215729881,0.06990519885240729,0.07951041743564127,0.07459168486465834
2023-07-25,0.07516369616016236,0.06985489921856483,0.07928660044905643,0.07276533876707125
2023-07-26,0.07426489709857938,0.06963272245947187,0.07923838040089648,0.07072362578103278
2023-07-27,0.08124889390597971,0.0718547729855352,0.08036988061173411,0.0768678043083833
2023-07-28,0.08525200117902784,0.07244718751519479,0.08099208810861643,0.08081332555798104
2023-07-31,0.08367745802974567,0.07160588994780362,0.08100710356539394,0.07862768756545988
2023-08-01,0.0828273903761175,0.07129376377654897,0.08076596903876422,0.0800567340170235
2023-08-02,0.08917737020406538,0.07349589427538504,0.08113217669659283,0.0854393234858701
2023-08-03,0.09036609418276349,0.07431994529734867,0.0799565436336383,0.08519634760882412
2023-08-04,0.0878056155215173,0.07434473067092202,0.07964036158671364,0.08361511473567942
2023-08-07,0.08781631549679288,0.0740134682607893,0.07710593531788404,0.08120670581411081
2023-08-08,0.0877391757335567,0.07384079468367918,0.07676406169587825,0.07879805050356124
2023-08-09,0.08718520268905067,0.07403145493941393,0.07661477357101783,0.07725871148767684
2023-08-10,0.08052901073357874,0.07356319031319722,0.07646055646192616,0.07562687732168916
2023-08-11,0.07497085211826254,0.07369189276848263,0.0758085134010494,0.07371500818723964
2023-08-14,0.0751347939568367,0.07339290250750552,0.07561489386531377,0.07179265914491383
2023-08-15,0.07572358367044098,0.07434173477299166,0.07573376212982696,0.07297999083870597
2023-08-16,0.07285592052194641,0.07463641921644257,0.0762392579769097,0.07432442171282506
2023-08-17,0.071762950754937,0.07496365887227362,0.07650130580450015,0.07421582409961687
2023-08-18,0.06813594113111958,0.0749444373595987,0.07529071973388454,0.07200099914137725
2023-08-21,0.06908464672962483,0.07502380573393996,0.07531205336374767,0.07014755890667598
2023-08-22,0.06956093729509633,0.07503931091521465,0.07245668232417657,0.06809504374411345
2023-08-23,0.08307884574748489,0.07819198974963247,0.07423863505701134,0.08077022391260862
2023-08-24,0.08603609419531937,0.07908472762660287,0.07486905542087714,0.08429972542210937
2023-08-25,0.08309089616318922,0.07914229616298729,0.0736790796521268,0.08278656961546593
2023-08-28,0.07845344419544135,0.07727398059686867,0.07363756628707033,0.08153939013693735
2023-08-29,0.08828484467009338,0.0796833473629587,0.07505559015329463,0.08956206061120643
2023-08-30,0.08619382161550923,0.07971959957204337,0.07483087378061773,0.08711322094340966
2023-08-31,0.0798790766180697,0.07866182230085846,0.0748246192689518,0.08451344744471144
2023-09-01,0.07802366365732145,0.07880397055477656,0.07256456562730612,0.08236640732750541
2023-09-05,0.07974920266195748,0.07962954138000534,0.07298588908444008,0.08267063863248414
2023-09-06,0.08047234562016564,0.07989690044937059,0.07219706602075425,0.08131369645951272
2023-09-07,0.08044963142086559,0.07779521398046398,0.07220409429155107,0.07884015852214775
2023-09-08,0.0799512994110729,0.07594106985424148,0.07187502732500956,0.07654303296251605
2023-09-11,0.07983709749395346,0.076096401501139,0.07158303501548689,0.07484488624764228
2023-09-12,0.08027508781878641,0.07578252908658212,0.07134540653067664,0.07350329130807928
2023-09-13,0.08012522263841335,0.07579975757310164,0.07122428839397503,0.07136999243171234
2023-09-14,0.07753665271788127,0.07568047142367543,0.07098654172575565,0.06956503666301038
2023-09-15,0.07716919286353911,0.07469230385496002,0.07090342751395463,0.0707344145228663
2023-09-18,0.07517202226133002,0.0746143599461979,0.07071675142455935,0.06915729753764646
2023-09-19,0.07615258701088934,0.07469632361851009,0.07084911665095524,0.06788303449721114
2023-09-20,0.077351552828555,0.07472209608238252,0.07104625620029305,0.06723086282926337
2023-09-21,0.08905217063752197,0.07858695923678204,0.07326803002755036,0.08107930757168161
2023-09-22,0.07778504020992351,0.07870934264987219,0.07307222865485408,0.0789860670447567
2023-09-25,0.07405761146898279,0.07892218467281788,0.07328089742562864,0.07795889295392858
2023-09-26,0.07643419647269147,0.07979427654023594,0.07331457251265537,0.08110438344866484
2023-09-27,0.07464677713858894,0.07978442894650419,0.07343233664418518,0.07939273529232946
2023-09-28,0.06259518940443545,0.07985104655375962,0.0730226133795866,0.07792369915641323
2023-09-29,0.06127830198024677,0.07783639460603199,0.07262815202553402,0.0760347944901551
2023-10-02,0.061028115370521406,0.07820410221311579,0.07181152500582087,0.07567223056047737
2023-10-03,0.06832949213580226,0.08079109681722317,0.07337622234950762,0.08500019345911197
2023-10-04,0.07507433611825916,0.08136704042611424,0.0740021543747503,0.08683838647467225
2023-10-05,0.07489217456546761,0.08138127737428336,0.07400761810168412,0.08435989685462156
2023-10-06,0.07717914350857279,0.08168242263663827,0.07416299091372541,0.08304308368672256
2023-10-09,0.08787963561010788,0.08416836363569094,0.07543708826927688,0.09049652126599327
2023-10-10,0.08727070603141097,0.08184847669499945,0.07544779780890341,0.08784998128551741
2023-10-11,0.09108047857579998,0.08147500669452672,0.07598483108772425,0.08885149582244267
2023-10-12,0.09380529270793932,0.08254172305916475,0.07598828334780523,0.09122358234819264
2023-10-13,0.09606086597580737,0.08315796386782458,0.07592354482291296,0.09088571492399533
2023-10-16,0.09478197098446221,0.08215782295248927,0.07582751159086513,0.08811697133667842
2023-10-17,0.09440835902022308,0.08205302056718708,0.07594009786459313,0.08635163419109038
2023-10-18,0.09489106224071751,0.0807715728319985,0.07613386711570107,0.08534960058146575
2023-10-19,0.09537146651254198,0.08116865885413477,0.07642726050690825,0.08479830342185682
2023-10-20,0.08653440799165107,0.08124014524180348,0.07646344623498902,0.0827952260067155
2023-10-23,0.08672698721714484,0.0812956444513056,0.0764520765507891,0.08082643060201096
2023-10-24,0.08890317472193271,0.08229263457046578,0.07685557832803443,0.08161909710404436
2023-10-25,0.09252571569720354,0.08301043947371047,0.07816322203377868,0.08915372593001217
2023-10-26,0.09220213215637009,0.08105694078783128,0.0776334354432623,0.08662071601193665
2023-10-27,0.09151834939407075,0.08099466542275545,0.07713074813144634,0.08410516006313651
2023-10-30,0.09171997066316231,0.08049138245432776,0.07657446877251606,0.08197592787091866
2023-10-31,0.09049393990056945,0.07870742357970309,0.07630628553744843,0.07950206178844905
2023-11-01,0.08715244027592557,0.08085380768033425,0.07756413335726035,0.08584561475744211
2023-11-02,0.09370097476150982,0.08455745615182265,0.0794805674445479,0.0963234647438612
2023-11-03,0.09546836265957007,0.08585798291983424,0.07994926137654076,0.09760319053127117
2023-11-06,0.09637093766653078,0.08601285144847423,0.07997833127958097,0.09526831920570264
2023-11-07,0.09087963262954289,0.08622857695390405,0.08012583548511186,0.09364273204896423
2023-11-08,0.09089195108514274,0.0861228138618421,0.07979812789005584,0.09096633902725033
2023-11-09,0.09269141100298164,0.087174841032636,0.08043118149382807,0.0923373043729732
2023-11-10,0.08994670410473497,0.08804712572787578,0.0807684144291627,0.09283426266965149
2023-11-13,0.08863331509596353,0.08731137121084315,0.08076984730672841,0.09001040477680897
2023-11-14,0.10035122378801498,0.09109148603759384,0.08295144566975625,0.10375744063967343
2023-11-15,0.10029929699279946,0.09082242860238818,0.08298100461105565,0.10133607850703683
2023-11-16,0.09866577421731121,0.09125166825584062,0.08322631318676182,0.1000131816722754
2023-11-17,0.09569356151901429,0.09122737825242057,0.08323736546132299,0.09709124680882099
2023-11-20,0.09435864790233325,0.09154273125453735,0.08342933436904378,0.0955776188106238
2023-11-21,0.09456447285889542,0.0885290234347541,0.08318596132268452,0.09270819440197318
2023-11-22,0.09377294920076654,0.08691566736638283,0.0827707128356711,0.09007648970055045
2023-11-24,0.08283194090614122,0.08680078206338657,0.08272985615667701,0.08753443862126205
2023-11-27,0.0815547549878269,0.08683546287670871,0.08187717107067957,0.08621947801985792
2023-11-28,0.08141220140155177,0.0845814595588593,0.08183978662125765,0.08516713788137588
2023-11-29,0.08134989826322389,0.08474314151003189,0.08194049266575201,0.08356073295715193
2023-11-30,0.08345285925415698,0.08496414540028581,0.08154549639345393,0.08173947436104137
2023-12-01,0.0830800402803496,0.08673180923373451,0.08254836651227088,0.08718225427633496
2023-12-04,0.0827961437793471,0.08732348499432727,0.08325984991846463,0.08922621212937844
2023-12-05,0.0808063380156135,0.08719551887273574,0.0833770786477815,0.08769297646243206
2023-12-06,0.07907126482292778,0.0871928030959639,0.08234638559472494,0.0851451541805215
2023-12-07,0.07890429024331086,0.08736553636575724,0.08162816200720635,0.08355911252464342
2023-12-08,0.08063873893851012,0.08753945915543282,0.08174844884701152,0.08175453862008818
2023-12-11,0.07446460676378931,0.08726118991733604,0.08151715623378394,0.07926740971190091
2023-12-12,0.07295179142022036,0.08738285812199871,0.08159169207217412,0.07766797746872575
2023-12-13,0.08614795104133338,0.09230083008952418,0.08429993115679821,0.09638285317597763
2023-12-14,0.076505985773386,0.09215834335802003,0.08409121978544061,0.09703631718411859
2023-12-15,0.07513996070701463,0.09223702131661789,0.0839762726684798,0.09422920122070672
2023-12-18,0.07467914545333372,0.09194404229339669,0.08391741108284555,0.09154580023032002
2023-12-19,0.07495998697945591,0.09173178251005766,0.0839302791513077,0.09041773386079709
2023-12-20,0.07810470326984757,0.0882485536600547,0.08414543474932445,0.08925723685699317
2023-12-21,0.07844917516794482,0.08848640220008182,0.08431953328904757,0.088337274490567
2023-12-22,0.07865309710015579,0.08791102181654362,0.08422875859749938,0.08566270576967919
2023-12-26,0.07767532070078936,0.0861362015903783,0.08422118709890825,0.0842963078663354
2023-12-27,0.07814224546496559,0.08598961846231237,0.08446336517953024,0.0842305612353818
2023-12-28,0.07986065360443505,0.08638595320223517,0.08437574849778914,0.08236297546124216
2023-12-29,0.08205021529753678,0.0866615211531771,0.08381270431222551,0.08102539234421527
2024-01-02,0.0848554858192619,0.08712171464477408,0.08427762854519733,0.08180510534913606
2024-01-03,0.08230683110176885,0.08414547842231034,0.0843982432851778,0.08100222249542106
2024-01-04,0.07921401783366389,0.08429903687376232,0.08407495080572315,0.08046981091707685
2024-01-05,0.07897842959928139,0.0842590152538703,0.08409341591464274,0.07812557111468807
2024-01-08,0.08198737370896512,0.08493856147647968,0.08461906120918568,0.08081166757365495
2024-01-09,0.08183137398929421,0.08298929517907043,0.08446190598766279,0.07838845998400262
2024-01-10,0.08064243800223747,0.08298864477095852,0.08350940294780143,0.07614751415529929
2024-01-11,0.08059431732126861,0.08235561162455268,0.08294545560586032,0.07444632743783922
2024-01-12,0.08043750890167062,0.08031434167593487,0.08281785958512229,0.07260553629476396
2024-01-16,0.06629927940646606,0.08142573036393867,0.08330985856009862,0.07474004500730215
2024-01-17,0.06423921010098319,0.08234343593768907,0.08328181223040317,0.07502911139014075
2024-01-18,0.06589587122955849,0.08206085973438312,0.08340435184736694,0.07446901340230083
2024-01-19,0.06965253523165195,0.08195093272973304,0.08289310062424755,0.0765913178304343
2024-01-22,0.06802817366207803,0.0809778086675951,0.08289131749422748,0.0743909964493106
2024-01-23,0.0661758627378188,0.08060027336132328,0.08287477796302332,0.07213370499458092
2024-01-24,0.06446901221160364,0.08080197275879952,0.08287719991550185,0.07015120293373314
2024-01-25,0.06631481754213706,0.0805397875730496,0.08306957345553566,0.070172090012852
2024-01-26,0.06534269278036607,0.07705060860412537,0.08206935553940584,0.06842177628596895
2024-01-29,0.066962399959589,0.07743436769813183,0.08183306194344757,0.07119865241353728
2024-01-30,0.06624136494639131,0.07749000778108148,0.08181329178260162,0.06903348879255698
2024-01-31,0.06710856903832355,0.07852939193563825,0.08157439922671897,0.06931815746196493
2024-02-01,0.0724554880821532,0.0803980194322141,0.08161919676678837,0.07834396585911191
2024-02-02,0.07087881317484501,0.07910485795990659,0.0812969773357925,0.07634075548510076
2024-02-05,0.07273853127294934,0.07749049025149099,0.08176773429547737,0.077856678888116
2024-02-06,0.07297204130594134,0.076669872417243,0.08187219860138417,0.076716716270943
2024-02-07,0.06966659431233328,0.0762533373084403,0.08189449023507764,0.07499928424121072
2024-02-08,0.06973199726179233,0.07618958536625264,0.08176638284139649,0.07279210776014083
2024-02-09,0.06982333245930888,0.07619950143942453,0.08165481603694448,0.07096239242302986
2024-02-12,0.06994395782881228,0.07450586486049525,0.0816191628866223,0.06898923093717592
2024-02-13,0.0821370781894348,0.07839942867911577,0.08350506266345417,0.08137134735108174
2024-02-14,0.08034114651782195,0.0787394174346097,0.0832773676612111,0.08123221681077342
2024-02-15,0.07873589773366226,0.0742893165677232,0.08293625831718739,0.0805759724461305
2024-02-16,0.07928696225836228,0.07434842662694023,0.08280344039666611,0.07922966001918345
2024-02-20,0.07635194581320548,0.07400323692381884,0.08282262068624996,0.07684824714186538
2024-02-21,0.07673675212422583,0.07424847954835392,0.08290296605395042,0.07496924865680919
2024-02-22,0.08399971668591928,0.07617967422292964,0.0839500320480521,0.08242239564946138
2024-02-23,0.08405482352905433,0.07628757084015989,0.0824722370540557,0.08075096435070364
2024-02-26,0.08359709615483064,0.07654739704617876,0.08164623096382184,0.07876865945944883
2024-02-27,0.08323205742095,0.07643575755308336,0.08157067022466939,0.07638699221597188
2024-02-28,0.08023198476796323,0.07620282162458948,0.08145700557979461,0.0740757558114318
2024-02-29,0.08154022836385008,0.07625325022571414,0.08034267981533517,0.07388899412497718
2024-03-01,0.08467611033680253,0.0779152049895355,0.08124795310368906,0.08010124893393097
2024-03-04,0.0777495353838555,0.07753731107909616,0.08124971183411983,0.07776739223149608
2024-03-05,0.07749367575476057,0.07580534662624855,0.0811985694590901,0.07556426651880024
2024-03-06,0.07435482257686904,0.0743083443443163,0.08091978268479026,0.07549849883753224
2024-03-07,0.07534296017311284,0.07462519387791575,0.08095397159699207,0.07612219780682565
2024-03-08,0.07616033603107576,0.07490853566108367,0.08105126758719149,0.07428325044264401
2024-03-11,0.07611130792169526,0.07484148362687307,0.0810781887990723,0.0720728046542917
2024-03-12,0.07605714322767013,0.0744429734824499,0.08104145798983875,0.06997530486421447
2024-03-13,0.07601419523488476,0.0745376307584024,0.08091168355581964,0.06800370844808937
2024-03-14,0.06387286940572709,0.0753792760630848,0.08131464909619232,0.06867743414447325
2024-03-15,0.06502233675765919,0.06991359800111184,0.08156429089307234,0.06830941808856128
2024-03-18,0.06419064216526268,0.06894031718069046,0.08113913826273304,0.06708918024032268
2024-03-19,0.06242656632529352,0.06893647817936888,0.08114454559032258,0.0657277318939736
2024-03-20,0.06448034473755206,0.06984997088193183,0.08136453074756762,0.06823491530918192
2024-03-21,0.06311205664381757,0.06944683279407964,0.08113160514437044,0.06639259015300251
2024-03-22,0.055530202832943444,0.06873169589892432,0.07890737933357264,0.0643707991295604
2024-03-25,0.05600585247935088,0.06843489931003596,0.07898364879525126,0.06276109633724772
2024-03-26,0.05492004902912487,0.06844405995150193,0.07871235041106041,0.060849141203579364
2024-03-27,0.057052558635475766,0.06898808922645053,0.07807144739759207,0.06328981547822697
2024-03-28,0.056944121487303545,0.06835562667364553,0.07787471022119347,0.061540274109009654
2024-04-01,0.05726390051983315,0.06828473337185256,0.07797485900773356,0.06037244020165703
2024-04-02,0.04947859816860514,0.0678717520962464,0.07790029475949684,0.058704927040081685
2024-04-03,0.04978329872198618,0.06666309107714688,0.07752674348685049,0.057576730774570345
2024-04-04,0.0523099486594917,0.06668658575859104,0.07596771113698668,0.058283513424347747
2024-04-05,0.051515745130646856,0.06611233405042927,0.07560197519779972,0.05842775829586781
2024-04-08,0.04850341717080099,0.06600756597916345,0.07551779615397726,0.056904684711762646
2024-04-09,0.04909004661957133,0.065008937189528,0.07552398443985643,0.057101752086874506
2024-04-10,0.06220642489219981,0.06878189066941347,0.07609194398947777,0.06873765130334758
2024-04-11,0.06595765229616088,0.06974055047635669,0.07648138636873249,0.07121168897540486
2024-04-12,0.06969208194055615,0.07104248475225947,0.07677348863340198,0.07320473072222126
2024-04-15,0.07004432581552525,0.07196336100799439,0.07630073452019145,0.07392367725118906
2024-04-16,0.06889802502448597,0.07072990795364106,0.07614112148873309,0.07202880444185737
2024-04-17,0.06867053747579598,0.07002705211311655,0.07624565254929597,0.07029012640949549
2024-04-18,0.06825398710923047,0.0697939978577665,0.07609715178892175,0.06840291035167756
2024-04-19,0.06483140575227261,0.06914022782685658,0.07599182486367015,0.06764841137565898
2024-04-22,0.06440758866539292,0.06913117686685208,0.075577281520977,0.06559143214429843
2024-04-23,0.06732153583682272,0.06973444633643103,0.07562344643814206,0.06642128816993136
2024-04-24,0.06726797814538106,0.06973698309762083,0.07567414676939942,0.06463906589308788
2024-04-25,0.06745742488475824,0.06943083046162414,0.07547267416952438,0.0631919669540929
2024-04-26,0.06774846148714712,0.07024238709577114,0.07403555260045597,0.06573968470194552
2024-04-29,0.06857064281353771,0.06929236918879092,0.07399641822490545,0.06473259308062934
2024-04-30,0.0790648192236029,0.07355714893659678,0.0762548604686278,0.07808750478926424
2024-05-01,0.07981850741738131,0.07299942260500143,0.07625617014322982,0.07619250410488676
2024-05-02,0.08184151601203822,0.0707996199291202,0.07648218650956681,0.07654798869866278
2024-05-03,0.08586860193571497,0.07230619963516956,0.076112769490612,0.08036846451616492
2024-05-06,0.08754322546461739,0.07194217730259386,0.0747003714195278,0.08147648652757848
2024-05-07,0.08742263490297715,0.07169295015398064,0.0741520507353499,0.07901852837662135
2024-05-08,0.08654504939450688,0.07175976059214685,0.07407810146403884,0.07700993287308586
2024-05-09,0.07992623982208226,0.07226560865941106,0.07417388518337086,0.07710849669938875
2024-05-10,0.07689183989843645,0.07221335354499729,0.07417084071707356,0.07479818646241894
2024-05-13,0.07345039049102839,0.07218703411847414,0.07335828274792941,0.0726315802876109
2024-05-14,0.07173041986837893,0.06804964444131217,0.07314584551853266,0.07266663498737252
2024-05-15,0.07807161741154003,0.07021328166725906,0.07433095579698809,0.08116557666480297
2024-05-16,0.07804248789912753,0.07008181988791592,0.07194698522220953,0.07907751167811486
2024-05-17,0.07728620558119594,0.06958683126162968,0.07172576049235684,0.07695433430753773
2024-05-20,0.07507740473305004,0.06953955617086698,0.0715183279398677,0.074861795894268
2024-05-21,0.07474418944778671,0.06926945617143582,0.07151871959903054,0.07275761826386426
2024-05-22,0.0764823668119619,0.06743643126253193,0.07167255106823563,0.07212393779910523
2024-05-23,0.08148774339086065,0.06903084640734088,0.07253066396139275,0.07507879707190832
2024-05-24,0.08107180559468073,0.06912301505209485,0.07266454145192411,0.07441407539330659
2024-05-28,0.079632328524138,0.06914322150429354,0.07262075673880132,0.07219911294869737
2024-05-29,0.08363351045741514,0.07060032617170571,0.07320616268948649,0.07438348705221785
2024-05-30,0.06989090536137903,0.07016205938546752,0.07304723125728319,0.07211861946531534
2024-05-31,0.06988597370886718,0.067979506503601,0.07298361167643701,0.07043036918010455
2024-06-03,0.07045748906172053,0.06886836823517271,0.07318848579489673,0.07205834052300825
2024-06-04,0.06627962094874389,0.06879178783110021,0.07215787677115455,0.07001125365606348
2024-06-05,0.07006975047641019,0.07050338183399026,0.0722511147827247,0.07680699256333792
2024-06-06,0.07005240168215357,0.06982265907773967,0.07213434339582254,0.07451150888536498
2024-06-07,0.07986103683648965,0.07285603979412546,0.07379100961546571,0.08244487770077445
2024-06-10,0.07852737250187578,0.07287776470802924,0.07371213564504764,0.08023147099366802
2024-06-11,0.07945447333198662,0.07325548175402376,0.07370230358286999,0.07944049177377342
2024-06-12,0.0812152299134011,0.07405178560994793,0.07408441973964884,0.08063997226430568
2024-06-13,0.08042722171231613,0.073301327118941,0.07406794703533852,0.0788218563808241
2024-06-14,0.07385786775332204,0.07297226835806545,0.07119547217793772,0.07791191280862907
2024-06-17,0.07317369211359073,0.07286500451396125,0.07067517365893362,0.07560126167038417
2024-06-18,0.07365252635688865,0.07298249526150746,0.07072404206031062,0.07449174993660418
2024-06-20,0.07390566759627451,0.07220225704114867,0.0707513590307185,0.07231402218099982
2024-06-21,0.0750662333316046,0.07255656614212926,0.07073407729830423,0.07107288239450797
2024-06-24,0.07362171736184012,0.07264547126364637,0.07043602917420556,0.06908098891121724
2024-06-25,0.0680390627691401,0.07256789319609853,0.0702512188767526,0.06754020939116281
2024-06-26,0.06946002533859001,0.07312593545238812,0.07053993747481171,0.06721225690756329
2024-06-27,0.06983805877633102,0.07258495040421303,0.07052698721622186,0.06661976126496315
2024-06-28,0.06800286438752148,0.07341246911559701,0.07064854199695872,0.06744802598027655
2024-07-01,0.06839582038677756,0.07327625935116772,0.07054348476785421,0.06558768104177472
2024-07-02,0.06950809329607886,0.07369740798389278,0.07056079198452977,0.06622969657775607
2024-07-03,0.07056411183066688,0.07475638126543448,0.07054417659080787,0.0697911060515566
2024-07-05,0.07346123354233168,0.07517812449672825,0.07077960084372495,0.07312419175567991
2024-07-08,0.06833746976541602,0.07503248638489124,0.07043475714029515,0.0710452486460115
2024-07-09,0.06850140629482405,0.07505400766672789,0.0704057341327174,0.068896984899751
2024-07-10,0.056389592216992204,0.07528789408182109,0.0700589016293087,0.06953715540737129
2024-07-11,0.05654521562130596,0.07176387493056366,0.07003135164529842,0.06744380929763588
2024-07-12,0.056149487565484,0.07104821818566982,0.07011968882545876,0.06664504852250017
2024-07-15,0.05401544431276247,0.06961980398817827,0.07010201097247423,0.06463851843988445
2024-07-16,0.05795757750972778,0.06962402251151745,0.07070849009927362,0.0690024868931839
2024-07-17,0.06611979138271662,0.07182822284070596,0.07109630057418888,0.07400857044644482
2024-07-18,0.06907177565407191,0.0725267632901694,0.07106809198331099,0.07417064812497572
2024-07-19,0.07286054185005024,0.07401300828903855,0.07171346850492152,0.07656981210458384
2024-07-22,0.07417061500382562,0.07379884873228174,0.07142263933068456,0.07619180725453512
2024-07-23,0.07319504584327924,0.07381435157439366,0.07143697580586758,0.07388658471173098
2024-07-24,0.08612671295999719,0.07825049503143498,0.07386728235303024,0.08677015573070562
2024-07-25,0.0867588636785104,0.07868793432185488,0.07408794886395602,0.08548699329347931
2024-07-26,0.08958462946416802,0.079588270538599,0.074514115691009,0.08772229483001577
2024-07-29,0.08882878029772641,0.07887006144255192,0.07443247545411212,0.0851328289248453
2024-07-30,0.08692282238497628,0.07880588028704547,0.07395627140702382,0.08258179115008855
2024-07-31,0.0975197605319691,0.07846588920188946,0.07611676240297106,0.09532827622582755
2024-08-01,0.09913852370101801,0.07958318496006811,0.07626553180125235,0.09496340799410331
2024-08-02,0.09654770071979206,0.07932765626136334,0.07507935861337513,0.09233788573189253
2024-08-05,0.10184557654148466,0.08219787341147226,0.07711723112787292,0.10118403485117554
2024-08-06,0.10186764532716776,0.08152281117256929,0.07657892888366241,0.09827670526699425
2024-08-07,0.10244105240328688,0.08200682203639416,0.07672157912418577,0.09653383729281681
2024-08-08,0.1089855376380157,0.0846188078149259,0.07814727083342374,0.1031420306643894
2024-08-09,0.1099748875713821,0.08439025700778033,0.07824772634348048,0.10101698058792488
2024-08-12,0.11036469016627924,0.08468600649109981,0.07838648775066423,0.09923990799741426
2024-08-13,0.1149738131493406,0.0861706009970732,0.07919546507932237,0.1021311187720659
2024-08-14,0.11176017713103073,0.08582147343692131,0.07713844069102281,0.09904232210655085
2024-08-15,0.11010571853672872,0.08425722115563535,0.07726317663200068,0.09881000203259223
2024-08-16,0.10992751146166146,0.0846550065448403,0.07739931583529605,0.09825635405896573
2024-08-19,0.10706732204570775,0.08496546131848905,0.07734703907789471,0.09686663579876914
2024-08-20,0.10648194854332171,0.08496019061328393,0.07732471282357109,0.094076388190706
2024-08-21,0.10634267672900224,0.08497700998813452,0.07721725350956524,0.09147592266892252
2024-08-22,0.09981729644970894,0.086311746532399,0.07714130004101583,0.09402911235009519
2024-08-23,0.10010385852316028,0.08598474604552303,0.07773293424631864,0.09615738377595644
2024-08-26,0.09924703383227736,0.08602225062041774,0.07774056624107802,0.09366487505596288
2024-08-27,0.09923759610428817,0.0859609730388734,0.07772253454854247,0.09091122099342787
2024-08-28,0.10109280404143271,0.0853183747048925,0.07805949282035081,0.08974139948369987
2024-08-29,0.09143362456538476,0.08530370699329493,0.07788364576201005,0.08701239630468238
2024-08-30,0.08841529895750895,0.08527095480597717,0.07693771981927977,0.0843976184291604
2024-09-03,0.0922100307613524,0.08608139077575357,0.07767379677470256,0.08611055310426224
2024-09-04,0.07924012489339373,0.08614556957245177,0.07767112310917482,0.08403038772349088
2024-09-05,0.07852471192039044,0.0845066499437717,0.07751257955082257,0.08215008268860309
2024-09-06,0.08394610725061792,0.08643861713642802,0.07825650133080367,0.08612694198720171
2024-09-09,0.07812169087320169,0.08427762468689101,0.07852649691033343,0.0865465242610573
2024-09-10,0.07829416325005438,0.08451715239850947,0.0786631766491034,0.085405894944485
2024-09-11,0.0787753181331945,0.08468025589848746,0.07891234659974869,0.08509501903351008
2024-09-12,0.07556334336706608,0.08451211947981854,0.07915961304241644,0.08517170454041505
2024-09-13,0.07632940531337566,0.08475018506987016,0.07892473505017132,0.08435170880988864
2024-09-16,0.07448298154077343,0.08453461954710347,0.0786488834331416,0.08200144684969524
2024-09-17,0.07326980614079039,0.08467660198212552,0.0786753827213623,0.0797618423255955
2024-09-18,0.07419158921313425,0.08514220724379391,0.0789878289833359,0.07927059045371115
2024-09-19,0.08091901336096073,0.08699663578408234,0.07962845083444231,0.08567540228895888
2024-09-20,0.0808499699055552,0.0866544595164222,0.07962432122473148,0.08318421842261463
2024-09-23,0.07428174458284248,0.08654987794784139,0.07961946019515226,0.08067506464628665
2024-09-24,0.0709060607938887,0.0866983533131529,0.07965546657722623,0.07956945666380727
2024-09-25,0.07081000772217699,0.08637442730219794,0.0797567389650432,0.07759967065745403
2024-09-26,0.07124867841354207,0.08633988341829497,0.07950243516941154,0.0762981973316287
2024-09-27,0.06892378271172989,0.08558374313311927,0.07953579826755583,0.07406550191172259
2024-09-30,0.06944602471067897,0.0855921118282062,0.0794699526847944,0.07200730573619162
2024-10-01,0.06977761363268042,0.0853269959427138,0.07945612116162595,0.06989004061657747
2024-10-02,0.0640471096378832,0.08450447699531756,0.07946900946998292,0.06789192124310658
2024-10-03,0.0654575172127989,0.08379711257844967,0.0792990697680006,0.06667550552758497
2024-10-04,0.06524986795850607,0.08371788613952198,0.07917794685035548,0.06465970349320933
2024-10-07,0.06130493178153017,0.08476444365996323,0.07974390022009291,0.06695391059749843
2024-10-08,0.05962877724802979,0.08452813754497081,0.0797339842245822,0.06645512389363809
2024-10-09,0.058609509151290325,0.08452900112029198,0.07814471214423498,0.06444453151220753
2024-10-10,0.0566192419134657,0.08434510331577758,0.07772075024086832,0.062483925098702965
2024-10-11,0.05458886186968966,0.08446820904228325,0.07715546737961156,0.061683570062978706
2024-10-14,0.05329541460901724,0.08341843513831185,0.07671249989977552,0.06066448924543515
2024-10-15,0.053311833855029155,0.08161547045247569,0.0766573820390941,0.058915771600036866
2024-10-16,0.053421500799394596,0.08096736742491088,0.07659152039523756,0.05806029867146415
2024-10-17,0.05108444921000757,0.07971802108486506,0.07661786150783989,0.05677677843102615
2024-10-18,0.04127630440104647,0.07967459292070535,0.07651427164917535,0.05738204737497563
2024-10-21,0.043600053821942035,0.08017080444329676,0.07679052872749899,0.05757167490648148
2024-10-22,0.043969989726400434,0.07548161781658627,0.07658550129241179,0.05625626718904506
2024-10-23,0.04877907957829469,0.07659804384606082,0.07735191602422105,0.06120504277427559
2024-10-24,0.05117715543268627,0.07584320923545908,0.07742681601532622,0.062008620558299206
2024-10-25,0.049788612573744825,0.07585671197907465,0.07706909517264787,0.06012194521190744
2024-10-28,0.049741435450941784,0.07579803429881932,0.07701345778454291,0.05831504532024183
2024-10-29,0.05148678520931638,0.07177679086502506,0.07496906293279142,0.05868412439470215
2024-10-30,0.05147527832443254,0.07068859933323075,0.07498609479246332,0.056979735986675766
2024-10-31,0.06274838587970918,0.07387094752125496,0.07636504748673952,0.06802402733463503
2024-11-01,0.06219890974538862,0.06926423305072402,0.0757283648003095,0.06610082754209264
2024-11-04,0.06290907021971716,0.06918294151883986,0.07538230834220759,0.06486012379924076
2024-11-05,0.062164241501754036,0.06914929880403384,0.07573171035241082,0.06684065015069245
2024-11-06,0.06122131867760959,0.0661333289574398,0.07566547644624275,0.06489188294615954
2024-11-07,0.06936529943410254,0.06822626946033576,0.07648727004072137,0.07331294735345288
2024-11-08,0.06948414548810931,0.0679626939329345,0.07650844209304306,0.07152752604662553
2024-11-11,0.07176491019847951,0.06705111935395393,0.07689847105570413,0.0719920325514524
2024-11-12,0.07419452393362579,0.06822452458260701,0.07721878139870293,0.07310337561449722
2024-11-13,0.07493840462950095,0.06773490204422511,0.07615268728410036,0.07189966791838008
2024-11-14,0.0746216367995203,0.06713792991419822,0.07617404759966027,0.07028087107956876
2024-11-15,0.07768098281043816,0.06803891254042219,0.07684091138342238,0.07292533888866062
2024-11-18,0.07906444995082572,0.06890762142416262,0.07718436562064485,0.07414817471455988
2024-11-19,0.07976083167704968,0.06933151170428623,0.07736612698507021,0.0738529426058459
2024-11-20,0.07948122022569705,0.0672451257554036,0.07711096162724462,0.07160932669878034
2024-11-21,0.07582574025714563,0.06570368495542499,0.07640254971481551,0.0702627512836412
2024-11-22,0.07484853390071197,0.0656880137925508,0.07632751090935871,0.06908943858073384
2024-11-25,0.07491776949026188,0.06569222573065636,0.07630645812513473,0.06714380009010552
2024-11-26,0.0749723599562301,0.06499202159428107,0.0756266183249625,0.06524586827858751
2024-11-27,0.07374715117872181,0.06499097792553084,0.07561963530432975,0.06326981717306929
2024-11-29,0.07653906554178269,0.06598179001045139,0.0759868159752232,0.06590129611603225
2024-12-02,0.06592405355834248,0.06420679947679189,0.07563189587126039,0.0640081436435092
2024-12-03,0.06569491137087975,0.064152539398165,0.07564884079259938,0.06208793284697798
2024-12-04,0.0677151327195543,0.0649023358177785,0.07504432192804195,0.06452076985124759
2024-12-05,0.06629206955321802,0.0624083923803663,0.07512532438126861,0.06293633457213045
2024-12-06,0.06623574534681109,0.06167251683142869,0.07354919406205133,0.06181997557466081
2024-12-09,0.059100922232305404,0.0615996095120355,0.0736632183172539,0.0606051538977751
2024-12-10,0.058807989566861694,0.060956003077162264,0.07350415459176643,0.058778152754328856
2024-12-11,0.05694832367514044,0.060625992966640306,0.0732738523218387,0.05937521115710024
2024-12-12,0.05901925610827004,0.06194157787688844,0.07401357239023587,0.063583126886176
2024-12-13,0.05896092712124434,0.062273338817769856,0.07404326470104083,0.06276696308372677
2024-12-16,0.059139563358470905,0.06265520899166979,0.0742361212469408,0.06316032314724285
2024-12-17,0.053355062722045425,0.06205883382694468,0.07421500332661414,0.06172348913304607
2024-12-18,0.08407883797355169,0.06983986705316415,0.07882329767587394,0.09291326871376941
2024-12-19,0.08331676746435461,0.07007027573846214,0.07882947523617097,0.09086877551832953
2024-12-20,0.08720801076902249,0.07155527796866906,0.07937648695873757,0.09245557607927979
2024-12-23,0.08667184484013193,0.07115985556474858,0.07934287866354774,0.08964382364591897
2024-12-24,0.08841471389979538,0.07194743960263021,0.0794503649828163,0.08975479846343135
2024-12-26,0.08844922476735916,0.07171166734593537,0.07934287492096297,0.08718893034890904
2024-12-27,0.09170776224873645,0.07307922939395124,0.07967572784726573,0.08882078658498378
2024-12-30,0.09210101171481282,0.07324798040837713,0.07977508109550806,0.08681664132516663
2024-12-31,0.08897330642210496,0.07331554261059377,0.07960570196951246,0.08446069185374296
2025-01-02,0.08944330852840751,0.07343998930215478,0.07909733556021288,0.08239552745648038
2025-01-03,0.09049141489733566,0.07350328922781682,0.07861851029969193,0.08086167426499574
2025-01-06,0.08799387922595571,0.07362891007237128,0.0786325272966511,0.07889002780441629
2025-01-07,0.09014972139946364,0.07377009344073172,0.07921914966994272,0.08049158245887267
2025-01-08,0.08977387325254503,0.07349070329983169,0.07896852695497211,0.07831408379665777
2025-01-10,0.09124280025983045,0.07443914879299857,0.07944720237204196,0.07925126138540589
2025-01-13,0.0911036390598943,0.07454457278414894,0.07939221285487896,0.07722798543986205
2025-01-14,0.08923928283126153,0.07431808716870919,0.0793923433239484,0.07496183915769143
2025-01-15,0.09955135775640844,0.07850001396623828,0.08073057034280201,0.08812283636496206
2025-01-16,0.0991694013006173,0.07847914314001159,0.07983327570356327,0.08545969432786517
2025-01-17,0.0989665970874362,0.0786986032907883,0.07965417360155788,0.08430017932275133
2025-01-21,0.10201183770778996,0.07979607289133218,0.07954219903129985,0.08623951249027231
2025-01-22,0.07736626695339772,0.07956921499552069,0.07941534092309291,0.08430897533345787
2025-01-23,0.07602290782747832,0.07914352075842776,0.07940897638746584,0.08174088881759795
2025-01-24,0.07284567492476617,0.07908876684166082,0.07717769595128252,0.07929059566016135
2025-01-27,0.07731809181918105,0.07889144335386214,0.07759080680697146,0.08105434820392983
2025-01-28,0.07687108034634166,0.07902786388602237,0.07726617820976049,0.08114721441750795
2025-01-29,0.07742009019008886,0.0791927857017371,0.07736785234417379,0.07915844703702946
2025-01-30,0.07413542918405666,0.07979571636899377,0.07762043640534456,0.0793352818808145
2025-01-31,0.0737597687624521,0.07959837893474878,0.07557769877336963,0.07739592240890159
2025-02-03,0.07328141662628225,0.07958633994072006,0.07509192675724023,0.07506693337486765
2025-02-04,0.0751488461792928,0.07750265255052069,0.07541484103963497,0.07643309863912931
2025-02-05,0.07648891185407289,0.07813134900198802,0.0735553740410271,0.0774158371490817
2025-02-06,0.07646042402530745,0.07803110037378835,0.07348643431151652,0.0750963380289382
2025-02-07,0.07487931928946394,0.07811414325898462,0.0736500347513519,0.07547385827525949
2025-02-10,0.07650487958743318,0.07882771816906366,0.07251803804331816,0.07667019270039492
2025-02-11,0.07292814929343258,0.07675347636710372,0.0724954786829312,0.07476050234313113
2025-02-12,0.07374191665098437,0.07697764541225337,0.07251857025762919,0.07348253758073033
2025-02-13,0.07851767885929546,0.07843634472229893,0.0726958168151401,0.0803445222917756
2025-02-14,0.06852883061515287,0.07748880773563388,0.07271212882200594,0.07792039222190385
2025-02-18,0.06843901264520673,0.07714267498765025,0.07231290802623225,0.07573585438665305
2025-02-19,0.06785202610849489,0.07691364425969939,0.07195511837989134,0.07352880360276096
2025-02-20,0.06484369779187671,0.07549068249369488,0.07174449200454489,0.07132283088917525
2025-02-21,0.06716624335177447,0.075530637358646,0.07207240316410807,0.07130899884216167
2025-02-24,0.06737313738505221,0.07521573454332316,0.07207443310702671,0.06924730644837375
2025-02-25,0.0678101489222773,0.07533680706114654,0.07112429632083862,0.06742957707827243
2025-02-26,0.06281495047541918,0.0752589861480125,0.07037336926227013,0.06584351774880519
2025-02-27,0.07360512046418792,0.07866353155857118,0.07218459496398248,0.07740654171123952
2025-02-28,0.07674277889245128,0.07978759465698211,0.07278856475721722,0.07982520445126863
2025-03-03,0.07627726220851669,0.08021027327792461,0.07272583293354302,0.07881495336032901
2025-03-04,0.07667405844927622,0.08049202369396843,0.07289108343180462,0.07734636723774427
2025-03-05,0.0772299587641299,0.07976412977579417,0.07297706255908457,0.07582272825431259
2025-03-06,0.0812281913215232,0.08204230787710387,0.07358207491832541,0.08221695500599781
2025-03-07,0.07857764908052721,0.08212785949063338,0.07355735976306842,0.08007766150552209
2025-03-10,0.08606652712728778,0.0841169539947776,0.07519405217337975,0.08853820908434995
2025-03-11,0.08492054622979009,0.08411186972089513,0.07422474965385116,0.08609803260347106
2025-03-12,0.08224099289017578,0.08411340564055693,0.07387422699256078,0.08406766125872696
2025-03-13,0.08219763057191974,0.08405383971988958,0.07372020263248631,0.08174459151631124
2025-03-14,0.08689605499457803,0.08537728006181118,0.07408482658606011,0.08418165051254856
2025-03-17,0.08090533684978105,0.08540996661284606,0.07395701898249041,0.08342378795681508
2025-03-18,0.08115001119104522,0.0844592629161102,0.07384105102170285,0.08162590483658273
2025-03-19,0.08540861362389753,0.08536410809083554,0.07443226405872036,0.0836065559904833
2025-03-20,0.08518346867313888,0.08497941006536584,0.07441782515200314,0.0812270995886384
2025-03-21,0.08524191545756987,0.08496846300158228,0.07417609384845605,0.07908929249259541
2025-03-24,0.08619282081811518,0.07681709449469896,0.07318356796992781,0.07861058528771454
2025-03-25,0.08662428310988003,0.07655793286143868,0.07321780317586245,0.07662882745291044
2025-03-26,0.08955343291886267,0.07675977290011848,0.07392419065185529,0.07912587032603857
2025-03-27,0.08908592338506552,0.07675364032605847,0.07374585036017084,0.07671681652594833
2025-03-28,0.08161078240285588,0.07643835575198575,0.07392938991811862,0.0761481856389794
2025-03-31,0.08002079931126925,0.07714652907154854,0.07418339929773975,0.07682311142449015
2025-04-01,0.08009209767046452,0.07600386761532454,0.07430880982311114,0.07563066217682327
2025-04-02,0.07991152916219822,0.07587398720266979,0.07436376804740295,0.07408627071731098
2025-04-03,0.10270198256065616,0.0849923908435775,0.07906762289907625,0.10254495016552374
2025-04-04,0.1288862059852393,0.09829425361297774,0.08644261494881592,0.13815257205682163
2025-04-07,0.13129251798704966,0.0998935444735938,0.08746843549610635,0.13938152156965603
2025-04-08,0.1296325593865552,0.10107441342589264,0.08829141622342299,0.13932285101893474
2025-04-09,0.219396641303263,0.14110843113802182,0.1121429040778311,0.23362192608012475
2025-04-10,0.22785204541310913,0.14552787915349946,0.11482709930793701,0.23668272568696197
2025-04-11,0.23092410985792983,0.146518117929736,0.11575137062308519,0.23296152764210545
2025-04-14,0.2299249006139802,0.14666638623524697,0.11589582695176077,0.2264470120081692
2025-04-15,0.22941812839347078,0.14668611522434016,0.11584408330269909,0.21964059207542683
2025-04-16,0.22933968220184872,0.14452818893101396,0.1158328475239844,0.21311757143122673
2025-04-17,0.22783174663797578,0.14453924755047093,0.11583432856849264,0.20665926587784597
2025-04-21,0.22886229374105915,0.14497039350151744,0.11619477004234974,0.20217034754889734
2025-04-22,0.23088992295732885,0.14516538976749094,0.11671001505355633,0.19845425444669512
2025-04-23,0.23095816777737424,0.1453729402621994,0.11675030489142096,0.1932750491501888
2025-04-24,0.23629645703580984,0.14811526629144628,0.11828152469982636,0.1952181358196384
2025-04-25,0.2350063163199803,0.14820713002817984,0.11831570680854285,0.18957772249943447
2025-04-28,0.23525346770976935,0.147735388140373,0.11795174927006356,0.1843830874773046
2025-04-29,0.23461648421058773,0.14746880150311917,0.11783188556812015,0.1790237769678295
2025-04-30,0.23449873041053865,0.14754883279992595,0.11793611393130844,0.17401983304805585
2025-05-01,0.23435727707957754,0.14723212469933994,0.11795112277647332,0.1687705386616733
2025-05-02,0.23448817192961618,0.14731327096542804,0.11792541070852668,0.16423466946899395
2025-05-05,0.22372341619173353,0.1473464911963374,0.11794233646249902,0.1594247744459256
2025-05-06,0.20249351519498335,0.14694813100340975,0.11702457173952863,0.15482554914230315
2025-05-07,0.19756799206095627,0.1465198594406893,0.11700792494485884,0.1501115998409651
2025-05-08,0.19402699528533915,0.14662145288264858,0.11704347675531722,0.1459012414330621
2025-05-09,0.10128749496318999,0.14625875065885602,0.11679071905580368,0.141550136411933
2025-05-12,0.07651300760909212,0.1465297681081742,0.11720849707900897,0.14022250265118477
2025-05-13,0.07123030662617959,0.14664259043259745,0.1165678034548604,0.1368060418192321
2025-05-14,0.07399602091687188,0.1467536880410524,0.11671045119568019,0.13360715739534362
2025-05-15,0.07529007775936591,0.14597527871531701,0.11672546915632082,0.1314608788553094
2025-05-16,0.07404487053394547,0.1459681090544215,0.11641732287735179,0.1274637615654855
2025-05-19,0.07322628755684443,0.14599230056410853,0.11633020422575584,0.12382100463236145
2025-05-20,0.06559402554204116,0.1459878668023929,0.11626491211096024,0.12008184810980885
2025-05-21,0.07194263568394825,0.14690111749359525,0.1164369641637434,0.12046540634898772
2025-05-22,0.0713448144432184,0.146602121133924,0.11619328826524275,0.11679849678209568
2025-05-23,0.0550419655873123,0.1465973389998014,0.11606509174660777,0.11335402374604574
2025-05-27,0.05988642133156107,0.14735347886820663,0.11655743881281072,0.11417725814349461
2025-05-28,0.0608823441714674,0.14747294773218766,0.1166129726527959,0.11132249423501998
2025-05-29,0.06157218596425138,0.14574874164300414,0.11666492417003307,0.10901822118759312
2025-05-30,0.06010793592156126,0.14518697691715068,0.11667539863658388,0.10576098836751224
2025-06-02,0.06100501016152132,0.1452037207373265,0.11685009109267452,0.10434233054188238
2025-06-03,0.060479612618625035,0.14501450498929572,0.11685090982349408,0.10120669002009444
2025-06-04,0.06169951613468277,0.14518830157347185,0.11673024430969926,0.09989607296934142
2025-06-05,0.06367952286282016,0.14396088180715969,0.11684724475705031,0.09771166565617354
2025-06-06,0.06407825177375935,0.14399891451686653,0.11686562928764845,0.09487398100968032
2025-06-09,0.06266185645856615,0.1420450139742341,0.11660629220263762,0.09218440516211354
2025-06-10,0.06308379843483908,0.14202716913681185,0.11664379934823252,0.0903223970352587
2025-06-11,0.05914119951651303,0.1419929165062376,0.11660336122603454,0.08760098019210208
2025-06-12,0.060303049728474646,0.14217683674154188,0.11675997802929565,0.08753327304918551
2025-06-13,0.06016455798950289,0.14195967550905977,0.11692819137346923,0.08628167497997846
2025-06-16,0.05778072653550493,0.14178204419707746,0.11679694599079486,0.08365560814743735
2025-06-17,0.05813028406652367,0.14164044766894937,0.11635001585879837,0.08120852360601313
2025-06-18,0.058074431153491125,0.1411156382461774,0.11625125737083045,0.07874500053415329
2025-06-20,0.05829431672047876,0.14108769035300892,0.11612960681010567,0.0764101799023295
2025-06-23,0.051162182618102944,0.1412332086432474,0.11625703788761704,0.07653755077306358
2025-06-24,0.05166914941383731,0.1411534086880014,0.11322996629712391,0.0755002345853229
2025-06-25,0.051671384312407004,0.14113428637414896,0.11311076860760477,0.07335225843739403
2025-06-26,0.04704814983993567,0.14038632178136207,0.11283833942002428,0.07296491710682507
2025-06-27,0.04682819785880531,0.14058488491117757,0.11293778126280686,0.07159079408167146
2025-06-30,0.049193059008516386,0.1405865327006837,0.11298753239777591,0.07357730808046607
2025-07-01,0.04873682269361406,0.1403230721626479,0.1129847244264174,0.07133620782994306
2025-07-02,0.047028608315159384,0.14025874975272482,0.11247975743235748,0.06962999111416296
2025-07-03,0.04705467363971473,0.14021808972090316,0.11236870909168535,0.06754612903837587
2025-07-07,0.04914288650108122,0.13483139041511713,0.112560788603294,0.06785013822988915
2025-07-08,0.04807934241012853,0.12438588950683149,0.11260657934837688,0.06631706271512858
2025-07-09,0.049789456088550545,0.12238263721506476,0.11273813610900972,0.0674810743250789
2025-07-10,0.04980017157263652,0.12053393835579247,0.11271509986969289,0.0654602913932611
2025-07-11,0.05010075605826816,0.07359463202773282,0.11232117459246747,0.06389838023112808
2025-07-14,0.05015683914386284,0.06295820254183022,0.11231493304212317,0.06195321989878629
2025-07-15,0.04888755481623417,0.06092755388644897,0.11206004891369516,0.06124909290177556
2025-07-16,0.04663551942747932,0.06068422861674053,0.11202160022827319,0.060145769164589656
2025-07-17,0.04682637479625649,0.060703805140713114,0.11203745095058036,0.058868099448296386
2025-07-18,0.04634896874143417,0.06032425185923754,0.11070636092667364,0.05715446199725795
2025-07-21,0.04883313699953407,0.06076520933607707,0.11092417670866372,0.059477646295255295
2025-07-22,0.04840853074193918,0.05840734146555844,0.11084399141151074,0.05827485402295352
2025-07-23,0.04706667616214045,0.05707279210084069,0.1104867394537501,0.056601146219413825
2025-07-24,0.046734340061528885,0.0568906364492465,0.11047356833130124,0.055091188904144675
2025-07-25,0.04670964869715075,0.0505690240343744,0.11047045132113795,0.05350704729507946
2025-07-28,0.04577591138111242,0.05075490843637983,0.11052084019259388,0.05233814805954115
2025-07-29,0.044788287403463745,0.050579103533816935,0.11009183163301074,0.05191485212059042
2025-07-30,0.043277567154830734,0.05153932161424471,0.1101133068415407,0.05298641226129701
2025-07-31,0.043301992464817994,0.050922769787048884,0.1100462491382483,0.05137819137454961
2025-08-01,0.04281534571427255,0.05076972654877624,0.1098512261222819,0.04986350576549117
2025-08-04,0.05002972687840207,0.05225169379288192,0.11023671841622698,0.056737686037086885
2025-08-05,0.04714325896105888,0.05243719524778603,0.11026453656692732,0.05530743913032707
2025-08-06,0.046302865173072236,0.05243606383681333,0.11002286117112503,0.05435350523931727
2025-08-07,0.0435092119509052,0.052388028963418744,0.10977999738293848,0.052939366855435134
2025-08-08,0.04377151184575453,0.051919558733867215,0.1098012992825409,0.05195692454501364
2025-08-11,0.04478896664518959,0.052544034921895376,0.10962375339907657,0.05173146963501847
2025-08-12,0.0456655605548531,0.05113549191687881,0.10943569412797095,0.05184277192753915
2025-08-13,0.043996233369919875,0.05098030274663096,0.1094358482403814,0.05178007890128562
2025-08-14,0.04600037590506405,0.05058380734565935,0.1094301135034325,0.051558905294507996
2025-08-15,0.04695152559339903,0.04996348309782185,0.10874830191675813,0.050681873420748993
2025-08-18,0.04730042462199911,0.05007892482526168,0.10875919480259393,0.04928227811455631
2025-08-19,0.045330665539058866,0.050592008584693066,0.10886861821873542,0.04925067439022248
2025-08-20,0.044800914609119766,0.050592020670856004,0.1088662911633323,0.04781078699573493
2025-08-21,0.04624430261488946,0.048161055231692965,0.1089865382751934,0.04809335873529411
2025-08-22,0.05716553513081872,0.05148045888499202,0.10956788701091043,0.0603747767677697
2025-08-25,0.05811276759217887,0.051920431817892104,0.10963137967500738,0.059340889362769066
2025-08-26,0.05822800610598793,0.05006810131544919,0.10964262462153297,0.05869926909194906
2025-08-27,0.05770817630004222,0.049477000075959475,0.1096261142814333,0.057073577616299845
2025-08-28,0.0561431243167436,0.0494871086593171,0.10842364695537728,0.05746724676560018
2025-08-29,0.05739923018134397,0.04985606459620312,0.10815175320305627,0.05667384386628796
2025-09-02,0.05749980310537365,0.04916581579943713,0.10797250201540742,0.05495263551478933
2025-09-03,0.05518170395132466,0.05025824787701719,0.10809772417794193,0.05804883957863834
2025-09-04,0.055747795421120794,0.050021324188017795,0.10815517672538935,0.05840198052949839
2025-09-05,0.05721145835457729,0.049962369746272925,0.10732734264283265,0.059677444861422166
2025-09-08,0.059189119862054315,0.050559522748906446,0.10751348380394414,0.06160722616592682
2025-09-09,0.059527227259658214,0.050676702956619385,0.10621621359146119,0.059810187920687805
2025-09-10,0.05766061874350472,0.05051295499199114,0.10616386180316001,0.05863372731599419
2025-09-11,0.05781058196859238,0.050799383302717376,0.10620997873690206,0.05863373678505857
2025-09-12,0.05758564991973434,0.05002330119293536,0.10615352696235088,0.056848980785569034
2025-09-15,0.05677337442513842,0.049643774107667994,0.10592587203524075,0.05840761365948423
2025-09-16,0.05534627196981517,0.049636141080510086,0.10581531419282153,0.056638192288172094
2025-09-17,0.05652700508174802,0.049971662311660656,0.1057924522233277,0.05576284926099788
2025-09-18,0.05415553146090487,0.049923081020904356,0.10545254567785542,0.054069896451416015
2025-09-19,0.05427581239104094,0.05001644844817746,0.10546898157048877,0.054185742182130396
2025-09-22,0.05120753085388537,0.049783110485004306,0.10548673879101605,0.054904321891134
2025-09-23,0.04387480562233037,0.04959976961454136,0.10538400142805807,0.05323928890446527
2025-09-24,0.045326630475295435,0.05045198815543053,0.10556461557717686,0.05344772544223106
2025-09-25,0.04639746477345384,0.050244438359417866,0.10501533063548242,0.05210723530349155
2025-09-26,0.04657912515737684,0.04982305968484792,0.10504424307925517,0.05174814729910457
2025-09-29,0.04801921006001667,0.04958869577952561,0.1049964860609459,0.054859182945835874
2025-09-30,0.04526340309873682,0.04959881747187532,0.10481771306037747,0.05377801878706562
2025-10-01,0.04460766181070564,0.0496519032847207,0.10478722669063992,0.053085325957974876
2025-10-02,0.04256244885001425,0.04964674438826213,0.10475943419937954,0.051553011133505654
2025-10-03,0.04222908099508996,0.048378973078532395,0.10088996605097204,0.049983296152762424
2025-10-06,0.04129575651379445,0.04819204925598351,0.09399564366680584,0.050515240045615195
2025-10-07,0.03909001381100854,0.047504822250492136,0.09262527223956195,0.04898367773926417
2025-10-08,0.04078659688791749,0.048302329344869936,0.0916568503101574,0.052110432460280014
2025-10-09,0.04575584612738797,0.0491922631327591,0.06234324478479801,0.0533240369305475
2025-10-10,0.0525087507393287,0.05154314965682943,0.05738790703173592,0.057733508478219536
2025-10-13,0.06386874953290159,0.0548857963283195,0.05775457994610801,0.07144085898977608
2025-10-14,0.06258042294396132,0.054853911561447644,0.05761208032600786,0.069289229169674
2025-10-15,0.0637754189178505,0.05531820828420585,0.0578448793816284,0.06982352129314272
2025-10-16,0.06237977740738951,0.05541733453539645,0.05769378926752484,0.06870640830895258
2025-10-17,0.06283870260546329,0.05491544962746102,0.057691522042034045,0.06671279462240881
2025-10-20,0.07039759501405636,0.05820671117891349,0.05808361351309663,0.07731012762450243
2025-10-21,0.08137260093508017,0.062445182273273024,0.059590503146664205,0.08470275055851202
2025-10-22,0.08228365062853886,0.06269698305546517,0.0596268314000059,0.08270069037894635
2025-10-23,0.08050321678283454,0.06272324285328681,0.056757728972669765,0.08062300653406498
2025-10-24,0.08003135320840644,0.06255192913471062,0.05678675197407481,0.07915702554546894
2025-10-27,0.07991867900378692,0.062473815692408285,0.05666259744133572,0.07689456986254767
2025-10-28,0.07852325829624779,0.0614693425779843,0.056630473009227356,0.07462050224025926
2025-10-29,0.0794872418945121,0.06182966917965062,0.0565070420561822,0.07290708338767365
2025-10-30,0.08020836969278856,0.062248982169099513,0.056636269926214164,0.0712822093753166
2025-10-31,0.08026812741285887,0.06092649411464091,0.05654066773519918,0.06911067490831226
2025-11-03,0.08022932824435901,0.06071105657126732,0.056529922860661545,0.06703127271730036
2025-11-04,0.0849595598957915,0.06326785606427783,0.05787542883963593,0.07176003683669216
2025-11-05,0.08511022724622948,0.06328617068346057,0.05786253968841248,0.06993257400591592
2025-11-06,0.08394715747244,0.06383896231163358,0.05795733432316063,0.06902762201957552
2025-11-07,0.08242407603596656,0.06333731191571737,0.05795863684883082,0.06695662013289004
2025-11-10,0.08695543801955381,0.06647632745075023,0.05909183391990316,0.0784495603037683
2025-11-11,0.07851710108692857,0.06635186476053352,0.058952940800792754,0.07634101355652684
2025-11-12,0.0787962957572223,0.06588372716716054,0.058540044907868974,0.0746776539166864
2025-11-13,0.08498786217800514,0.06906520970126512,0.0600763955520548,0.0815800237161289
2025-11-14,0.08522766269550376,0.06962073841330575,0.06043442021663209,0.0804334992403711
2025-11-17,0.08661260751227257,0.0701051105883983,0.06093803853893216,0.08015359949469711
2025-11-18,0.07620456178078742,0.07037892687627265,0.06108166580901617,0.07815273665409739
2025-11-19,0.06917859613299027,0.06986122748246745,0.05979996491741383,0.07603870702178235
2025-11-20,0.07130740788606395,0.06883458297726351,0.06054501689946606,0.07714208464024444
2025-11-21,0.07244359952121827,0.0687913054521,0.06069887098357994,0.07633066545873825
2025-11-24,0.08163808089460557,0.07147824001928337,0.06149057493415346,0.08505595154464173
2025-11-25,0.08261324968977865,0.0716745370283999,0.061360590811051205,0.08367566569886087
2025-11-26,0.08435255193505407,0.07183706268070225,0.0614617357055837,0.08328076914319715
2025-11-28,0.0847530523235262,0.0716151922508407,0.06151910390222271,0.08196372319457378
2025-12-01,0.08505330598942372,0.07205572321027358,0.06151283371342981,0.08033808101397515
2025-12-02,0.08508100155504236,0.07138643839916631,0.06151266660853748,0.07799279629805556
2025-12-03,0.08518001471383262,0.07113735609357834,0.061267383797429985,0.07585479462850318
2025-12-04,0.07994347036595983,0.07078997058386005,0.06102226772083914,0.07361312607500806
2025-12-05,0.07989809602037169,0.07021133662394512,0.06095797329474723,0.07137243897557416
2025-12-08,0.07931110540268392,0.07040866040570824,0.06111589479893002,0.06975472299187119
2025-12-09,0.07930969164900235,0.07034749053555335,0.06101458751531212,0.06770515885011325
2025-12-10,0.07051918272954905,0.07039891467742386,0.06117222222308305,0.06744528628704552
2025-12-11,0.07046222673933049,0.07039753011136625,0.060831900091290074,0.0656222823075106
2025-12-12,0.07320986012328763,0.07114250728406414,0.061205222106387104,0.06768862046889923
2025-12-15,0.06442309533357726,0.07118374606184048,0.06123375240929687,0.06567355201648342
2025-12-16,0.06266016060153987,0.07090873089146771,0.06117535245014912,0.06379433475497104
2025-12-17,0.06172831231832232,0.0714704273288648,0.06151143043296689,0.06361886735289746
2025-12-18,0.06241882356850672,0.07171515435414076,0.06171508594757802,0.06438231990532818
2025-12-19,0.06283436825329755,0.071550056196413,0.06152721127055004,0.0636025667298738
2025-12-22,0.05926030401680084,0.07216523847671402,0.06174114843931047,0.06512566840009161
2025-12-23,0.05933203807451929,0.07195033092788544,0.061904153429057404,0.06508710518542163
2025-12-24,0.04906830642213597,0.07183527738396396,0.061739233735020056,0.0634937469915454
2025-12-26,0.04824498399897106,0.07172689598066691,0.06151745015606313,0.06180234019524204
2025-12-29,0.05529152032474529,0.07311326832721123,0.06228158882127165,0.06731012933019083
2025-12-30,0.05417270673677805,0.07309927513403199,0.062307056492960505,0.06531013391901219
2025-12-31,0.05635452348543075,0.07389991535068709,0.06286032141057704,0.06652262005229459
2026-01-02,0.056304570846219246,0.07389936033809953,0.06285993478654497,0.06455778399342967
2026-01-05,0.06266987131587382,0.07547431235226208,0.06326702714180307,0.07013388666259222
2026-01-06,0.06364995377565659,0.07552814777560923,0.063276685762088,0.0697328929937938
2026-01-07,0.06387674356854814,0.07559640281744485,0.06302482137591797,0.06773350181370696
2026-01-08,0.06324735719125502,0.07496896237334558,0.06306681085911911,0.06574679759117957
2026-01-09,0.06509965279452372,0.07488451129477798,0.0632390119782445,0.06680280787841612
2026-01-12,0.06464682379995258,0.07358517515567344,0.06330780975700527,0.06588702205326004
2026-01-13,0.06477639283682837,0.07036612161969394,0.06308490618779161,0.06390846366288275
2026-01-14,0.06010380134625187,0.07037208618992326,0.06305714506325599,0.06196309006274063
2026-01-15,0.05994784398391685,0.06983354448958132,0.06305161828381378,0.060077441122565696
2026-01-16,0.0608796128311312,0.0698153163175953,0.06318186038440124,0.05875493882719189
2026-01-20,0.06031383791128287,0.07014422577899883,0.06308715044779599,0.05832687914460841
2026-01-21,0.06446096124568204,0.06881469222818092,0.06398213542588914,0.06540130945073817
2026-01-22,0.06626694146945174,0.0663292632667242,0.06433915102144686,0.06749468480395539
2026-01-23,0.06502266768201896,0.06624287071486801,0.0643555593926569,0.06669373294861038
2026-01-26,0.06559429731693381,0.06672899607363572,0.06460603212000426,0.06747311460699565
2026-01-27,0.06704852193432348,0.06715899955879114,0.06476719350509783,0.06852392403627054
2026-01-28,0.06922323338511324,0.06807761993205438,0.06515594367142472,0.07087752024748037
2026-01-29,0.06080494823052884,0.0681571409197545,0.0647701839334643,0.06878848554130326
2026-01-30,0.09788876932517655,0.0799098343634938,0.07141971404744707,0.10312686982261891
2026-02-02,0.09781961715680033,0.08051474281093977,0.07193386327665982,0.10197669860564341
2026-02-03,0.09990218356172893,0.08152276515927225,0.07180305792643378,0.10245514357118637
2026-02-04,0.09854706513000112,0.0821306262155532,0.07211178212246937,0.10078652940727593
2026-02-05,0.10131255204992945,0.08181795520730889,0.07293623621492833,0.10147105619523801
2026-02-06,0.10977440708320838,0.08523668494586613,0.07480731281588146,0.10979448410482551
2026-02-09,0.11131719063460004,0.08562226356955129,0.07521923543704602,0.10944798411216167
2026-02-10,0.11060990967360255,0.08570169225784223,0.07506078138349896,0.10618581198641559
2026-02-11,0.11032930381898673,0.0830163600026157,0.07498022857360333,0.10306152943847906
2026-02-12,0.11590278351758392,0.08542505536112016,0.07632135278053792,0.1064774195411669
2026-02-13,0.11746260582439064,0.08601683277470627,0.07646729090170667,0.10576844836542684
2026-02-17,0.11905739258350675,0.0842400675167154,0.07679363333080096,0.10434553199396318
2026-02-18,0.11986705073230643,0.08427167573093557,0.07700767547221665,0.10325059920361591
2026-02-19,0.11907233649064412,0.08355372253657692,0.07682228727285284,0.10011624623540143
2026-02-20,0.11725839591496143,0.08389186038582098,0.07712068498534506,0.09958106082913187
2026-02-23,0.11577503717822987,0.08388309285428593,0.07688318538645172,0.09667226447077402
2026-02-24,0.11535319544259914,0.08273656390657565,0.07583590258145928,0.09378761801275935
2026-02-25,0.11478291142086348,0.08269516070441614,0.07577207304580935,0.09200719102474937
2026-02-26,0.1134731330334226,0.08038579863139948,0.07576351469706873,0.08927659092140774
2026-02-27,0.1113909004046725,0.08021296413398127,0.07577351246446803,0.08684666227426882
2026-03-02,0.11137703326641896,0.07980563299764681,0.07565256184319144,0.08421555453252813
2026-03-03,0.09406039532277713,0.08319870110892667,0.07746453067615992,0.09286209767999713
2026-03-04,0.0931259260014472,0.08334261076978795,0.0776697323112905,0.0920916047921187
2026-03-05,0.09240030102599994,0.08407643630594433,0.07776129696327858,0.09128965713798462
2026-03-06,0.09183760059968302,0.08442601550482054,0.07785109149924921,0.08949254511715063
2026-03-09,0.08967307913360867,0.08506165086532393,0.07797397678441632,0.08972436166542046
2026-03-10,0.07918680820772517,0.08507933262343662,0.07770651145350375,0.08701544806646265
2026-03-11,0.07683219226553774,0.08528115122041736,0.07790387350577374,0.08544565252551029
2026-03-12,0.08453785770146058,0.08802750942540763,0.07941333282761072,0.09208219205341939
2026-03-13,0.08565734933967264,0.08840430362027388,0.07969548694426751,0.09147451543144
2026-03-16,0.0824041228133649,0.08898259725419061,0.07999665818103517,0.09117176584583556
2026-03-17,0.07983941736352378,0.08812994957672514,0.07977853675385846,0.08875858955675754
2026-03-18,0.08823094562878382,0.09156827352389198,0.08172724629494964,0.09791761379478461
2026-03-19,0.08738690517149494,0.09248479319486101,0.08217565162480682,0.09803025030966947
2026-03-20,0.10043295635107803,0.09743160421042435,0.08524917336064665,0.11282856472683225
2026-03-23,0.09780113555471402,0.09706814941702327,0.08517386921352306,0.1097646317647548
2026-03-24,0.097052386246215,0.09704311723249445,0.08513744890798115,0.10714754722967738
2026-03-25,0.10477243565160657,0.09828503680218789,0.08611142125027776,0.1100700946377179
2026-03-26,0.1133430527994161,0.10292298204185632,0.08899301491055181,0.1235958363023546
2026-03-27,0.11327938480026246,0.10283376824521745,0.08898720994545511,0.11992703891704877
2026-03-30,0.11277422506328148,0.10279317035074127,0.08890816590007952,0.11631036911858425
2026-03-31,0.13458193809358515,0.10836938663158724,0.09223379175752262,0.1334604039977688
2026-04-01,0.13330082839188886,0.10914838507003591,0.09261677604972267,0.1318173631696766
2026-04-02,0.1313537396236937,0.10865964384711868,0.09259006024578255,0.12791044584035083
2026-04-06,0.13105341058042239,0.10866646928618795,0.09259274638493219,0.1240711380549949
2026-04-07,0.13125210846788188,0.10749944771024017,0.09261940974517996,0.12050964769111873
2026-04-08,0.13683045495027824,0.10984696232084319,0.09395479432574393,0.12571536731026278
2026-04-09,0.1375107443917714,0.1099888441994777,0.09403993291639592,0.12251552628753667
2026-04-10,0.13713498875834715,0.11001095237740216,0.09378312713821453,0.11888997333711279
2026-04-13,0.133037787651299,0.10981559625126397,0.09367757384157924,0.11627426252351784
2026-04-14,0.1359265242283373,0.11152067550790012,0.09417737062125964,0.11961613652545305
2026-04-15,0.1349472649843201,0.11152010687886577,0.09289347584183849,0.11604609799210126
2026-04-16,0.13490072039027518,0.11152558809089967,0.09289905104501653,0.11251597297154302
2026-04-17,0.12954385217996056,0.1128323191462047,0.09345400744525004,0.11442507201621027
2026-04-20,0.12730268891691313,0.11288890702058182,0.09348046323339387,0.11138536635658586
2026-04-21,0.11645078297631431,0.11393012840455168,0.09422614292882991,0.11242686567736658
2026-04-22,0.11783906952393729,0.11363661344975737,0.09356161714594274,0.11269782585468142
2026-04-23,0.11829096700635608,0.1133713921897424,0.09256339544092886,0.11032076180154933
2026-04-24,0.11636887474978772,0.11381003354983224,0.09281394281660721,0.10951818474460323
2026-04-27,0.09705610423800462,0.11346599260444389,0.09283263989797749,0.10639280710985326
2026-04-28,0.10065162990537119,0.11357677207090036,0.09315378211008306,0.10553528867117064
2026-04-29,0.10228582473861675,0.11295898331253569,0.09325600895872525,0.1029225284640018
2026-04-30,0.08593721899480429,0.11368469891809543,0.09363011644494074,0.1027082111290082
2026-05-01,0.08440590052298008,0.106172024257142,0.09360882307875273,0.10013171772192946
2026-05-04,0.08830920062578483,0.10642649240363927,0.0940040000050408,0.1000956440416081
2026-05-05,0.08973938148800994,0.10625211657280653,0.09436020622200204,0.09998090693916895
2026-05-06,0.09758765450197968,0.10874749601616372,0.09597626318296441,0.10901467554258806
2026-05-07,0.0920218332537986,0.10779053774911208,0.09530745140512337,0.10598783876507209
2026-05-08,0.0942524120225465,0.10602100040349186,0.09581729338496324,0.10698087162198708
2026-05-11,0.09389888648371629,0.10532336571386411,0.09566141150317137,0.1037284131051039
2026-05-12,0.09556792284909309,0.10562246252139079,0.09586603301482306,0.10164070176753895
2026-05-13,0.09009753258343549,0.1056341125957409,0.09465058089668552,0.09872353385295383
2026-05-14,0.09009960191291341,0.10373571822630255,0.09464230398239495,0.09584462498927301
2026-05-15,0.10068591012128168,0.10607106832461069,0.0962068064578357,0.10377253569089011
2026-05-18,0.09603386194743933,0.10554655999971993,0.09513514458126482,0.1006193480982669
2026-05-19,0.0983533467023759,0.10592691747508608,0.09545930944224086,0.10076975134523761
2026-05-20,0.09971269164981489,0.10771218438623399,0.09609887454587172,0.10506725927257955
2026-05-21,0.09683072979174175,0.10716723170857304,0.09602439345765859,0.10196691394714197
2026-05-22,0.09550085080686789,0.10715793330778106,0.09601471461718569,0.09893485671055735
2026-05-26,0.09526772745894117,0.10770986511804669,0.09584188824427006,0.0984575246157048
2026-05-27,0.09540844106510213,0.10760793055664096,0.09581283426868785,0.09581623456590975
2026-05-28,0.09364859911234259,0.10804210481095282,0.09494532858124562,0.09508863764441042
2026-05-29,0.09265147452848646,0.1081414457253723,0.09491155346411975,0.09296239907889498
2026-06-01,0.09135627247383192,0.10817563456691384,0.09474493517319481,0.09021770071731541
2026-06-02,0.09121124567548783,0.1055616968431006,0.09465938012974827,0.0877334856460396
2026-06-03,0.08956793607915353,0.10563128906705205,0.09478883566730997,0.08680880871810175
2026-06-04,0.08778339677963687,0.10513323962880704,0.0948098855212547,0.0845299162913791
2026-06-05,0.105144931296729,0.11292150353847401,0.0993223152620596,0.11414002302106036
2026-06-08,0.1056698752624055,0.11246766475032945,0.09937093889212052,0.11122154636372913
2026-06-09,0.10214440413071876,0.11275383075121562,0.09955286624637481,0.10889226661404737
2026-06-10,0.11120104627056,0.11586335156991538,0.10144140507308796,0.11816666332040805
2026-06-11,0.12821676138884544,0.11893233795848666,0.10420797160611976,0.13253559650295688
2026-06-12,0.12821681551139702,0.1184214811868107,0.10409533146254824,0.12863556788581026
2026-06-15,0.13611359683272053,0.1205187365040262,0.1055320487489531,0.1341139678004372
2026-06-16,0.1296083845898661,0.12066988959648944,0.10523899423791047,0.1304748361952496
2026-06-17,0.13317031057640139,0.11935336538355762,0.10597760011503489,0.13065469331668744
2026-06-18,0.13297117887028043,0.11917764278370963,0.10636886307676746,0.1294811538015595
2026-06-22,0.129311008931183,0.11478147491218015,0.10635122860267682,0.12631836838692764
2026-06-23,0.13459437990502218,0.11716741416751182,0.10737546963751364,0.1295587451054262
2026-06-24,0.1348189169267236,0.1171918864956825,0.10743007231129471,0.12629648556199274
2026-06-25,0.13359738456936016,0.11600580023456343,0.10726851382321512,0.1230994870039723
2026-06-26,0.13354033375301885,0.11102790820085585,0.10716196495297092,0.11949186311393944
2026-06-29,0.13349646736516046,0.1112586030562007,0.10736395548077383,0.11756467052658125
2026-06-30,0.13311842206768357,0.11127050324674857,0.10737600659564754,0.11421614071518868
2026-07-01,0.1333136901160204,0.10581663309568945,0.10684743233755081,0.11134023420046793
2026-07-02,0.13309354531914805,0.10516386638671991,0.10683996407714463,0.10798404725906573
2026-07-06,0.13457458091241317,0.10561630485765118,0.10683307325988471,0.10718433049364638
2026-07-07,0.13671338596968566,0.10708655889177854,0.10751231512308701,0.10862351100027857
2026-07-08,0.11728761654419106,0.10717693213122445,0.10698477699528725,0.10560376519694999
2026-07-09,0.11908194034766093,0.10534327735236582,0.10721304718802244,0.10539755266544876
2026-07-10,0.1182333142899069,0.10519357737253746,0.10719671958146049,0.10220769476739876
2026-07-13,0.11385125585129623,0.10732747910975537,0.10824260431002751,0.10698994664357964
2026-07-14,0.0984116157565236,0.10760743595316832,0.10828396323331518,0.10596864277245557
2026-07-15,0.09831835854960488,0.10567903992568449,0.10821187891050942,0.10281845600974829
2026-07-16,0.0890776903685886,0.10662029988176724,0.10869040115899872,0.1033675304308955
2026-07-17,0.08898239662340068,0.10671745559483889,0.10874552295870628,0.10061645782678205
2026-07-20,0.0849939440957068,0.1052082414739516,0.1087758015528026,0.09777525829834671
2026-07-21,0.08545688116369572,0.10615542241791026,0.10920498618009454,0.09894794670097425
2026-07-22,0.08487481250179435,0.10490771614703544,0.10909654688622929,0.09593584675531448
2026-07-23,0.08382888717503514,0.1058128510164971,0.10944080318199347,0.10106470741850207
2026-07-24,0.0832422821621017,0.10556447026868207,0.10913330236905726,0.09809666423679604
2026-07-27,0.08260440574461414,0.10489361840142623,0.1090645194084216,0.09538623548648432
2026-07-28,0.0827270963762747,0.10492026981103843,0.10887573085927608,0.0928497954702859
2026-07-29,0.08408163760417918,0.10556378034396206,0.10921828060195751,0.0955196874779104
2026-07-30,0.09437160307382525,0.10798723171046802,0.11006484395648185,0.10274715725733782
2026-07-31,0.0940447791619458,0.10724998539217334,0.11007307272578455,0.09974269468135001
2026-08-03,0.09666022343141961,0.10778433997360706,0.10659846593075231,0.09937832629793421
2026-08-04,0.10335224972893921,0.1096111360773631,0.1075999174654416,0.10663555560383868
2026-08-05,0.10074391211765812,0.10945040736010922,0.10743319585192189,0.10550934700112931
2026-08-06,0.10079382096989446,0.10646428554088248,0.10728765872847021,0.10264006774476118
2026-08-07,0.10189367976713967,0.10753605445310015,0.1073134063634365,0.10401142192415809
2026-08-10,0.10198283628762819,0.10643537428880409,0.10590323865904161,0.1008743927259136
2026-08-11,0.09435190064166306,0.10646837871901438,0.1055446315126612,0.0979525089362595
2026-08-12,0.09331692650433299,0.10642315728998536,0.105631209379576,0.09590076239673853
2026-08-13,0.09343553447315464,0.1064706846043817,0.10565955216231619,0.09337632320495734
2026-08-14,0.08917392804106342,0.10645615581766861,0.10476775961072271,0.09059100376658799
