,SPY,QQQ,TLT,GLD,HYG,SHY
2020-04-03,0.08624057820295927,0.06865567030092146,0.10483148419783203,0.11559523606445815,0.07072904386481088,0.38131906302075674
2020-04-06,0.08621188167012385,0.06863566023387897,0.10509741939896014,0.11616528725726731,0.07005003588435156,0.3814580781622318
2020-04-07,0.08235406256989622,0.06543429915260922,0.10366573422317076,0.11217898184831017,0.06774245034501424,0.3759929251498332
2020-04-08,0.08230661904415665,0.06540145322574993,0.10341709815263257,0.11200541782069517,0.06770295549420988,0.37580355150343303
2020-04-09,0.08199487555531054,0.06548165618262781,0.10378496766152019,0.1123346155973565,0.06661546840215804,0.37721963625981314
2020-04-13,0.08226803984237335,0.06581905249963112,0.10426602218905102,0.11083750205811276,0.060478397107626036,0.37898088696120824
2020-04-14,0.08241935766283848,0.06591038246186036,0.10430184263263442,0.11031803333710527,0.060383136749402426,0.379798842016519
2020-04-15,0.08182196636563531,0.06509022914586546,0.10415690123111962,0.1102772490636654,0.06024399552873311,0.37911944342343445
2020-04-16,0.08173095652638372,0.0651231002108367,0.10343240811916539,0.11027233345383082,0.06023036423651295,0.3795737044622927
2020-04-17,0.08171257541696457,0.06499091890537582,0.10334440378709236,0.11029906471026578,0.060228771856544815,0.37955141044199386
2020-04-20,0.08166118312212975,0.06523257472352727,0.1033565779082399,0.10928443470928606,0.060409067381253484,0.3809619586224135
2020-04-21,0.08161221631738896,0.06523755650926975,0.1036271983378912,0.10926561212172335,0.06021662289137764,0.38125886580382967
2020-04-22,0.08113356506492696,0.06465194598561548,0.10345820068138223,0.10892198688076375,0.05980137334096879,0.3808268077998769
2020-04-23,0.08086697714688494,0.06432507462826043,0.10318389796504228,0.10789832803148357,0.05969889644682506,0.380886721504146
2020-04-24,0.080887346307087,0.06434218183914109,0.10322072842185179,0.10771180713500075,0.05971463725925427,0.38096909318524236
2020-04-27,0.08086706052529159,0.0643318709362122,0.1033474396273435,0.10774971649962255,0.059701509079530674,0.3813123572876449
2020-04-28,0.08079982485848733,0.0644327654502332,0.10280825209730586,0.10756124560858597,0.05966440653042084,0.38107057934462274
2020-04-29,0.08079251137437977,0.0643282549692411,0.10278434131010314,0.10769839486983958,0.05970879199439524,0.38075524611249145
2020-04-30,0.08047021926458799,0.06389423138094648,0.10279260300237746,0.10773375011381162,0.05931404704383743,0.3808903679729706
2020-05-01,0.08038442652914778,0.06384787364462448,0.1024100536109304,0.1064949165663049,0.05926244325317441,0.38059542947132663
2020-05-04,0.08013152585605009,0.0635761534482702,0.10230635561957485,0.10636513227396484,0.0589044477861485,0.3801704659889584
2020-05-05,0.0801128830921741,0.06357221141467502,0.10218491663166383,0.10647180687651296,0.05887164737825349,0.3799508885386702
2020-05-06,0.08001691777578296,0.063578102865993,0.10223231233102315,0.10686192880226092,0.05869314112856917,0.3791367609949887
2020-05-07,0.07990730875017442,0.06342792445845301,0.10175422183122244,0.10599787960413795,0.05857387557361543,0.378298906839136
2020-05-08,0.079555668081175,0.06317592758656772,0.10111453234165739,0.10510580497669426,0.05835943208205983,0.37699033220011835
2020-05-11,0.07954143468534475,0.06321955828929747,0.10106398610557832,0.10511056235311485,0.05832255572349855,0.3775925569244475
2020-05-12,0.07958333281094142,0.06324858511858229,0.1009249968037313,0.10495499875213826,0.058322881910646385,0.3776290567723158
2020-05-13,0.07951817328472906,0.06315563332734553,0.10101984572822731,0.10511675173103009,0.05838971014057636,0.37803475411103654
2020-05-14,0.07947899112405267,0.06316988181398232,0.10113004572010448,0.10499642537193676,0.05842094597113559,0.37824024097454295
2020-05-15,0.0793204951578413,0.0630666235126913,0.10096819796095054,0.10479922686166335,0.058368072477636236,0.3779052631040859
2020-05-18,0.07932017984532418,0.06306477065126395,0.10094913256705551,0.10478876065704108,0.05837065973536483,0.3779679160190117
2020-05-19,0.07916926364329355,0.0631903571749349,0.10051630398240222,0.10533602123391936,0.058198696628184554,0.3794557244879073
2020-05-20,0.079191523961898,0.06325167195948445,0.10057105139257443,0.1052468963424913,0.058224770794595086,0.37964823784699964
2020-05-21,0.07898231443064643,0.06309684440259175,0.1005372270156983,0.10518286244773781,0.05803776370642668,0.3793507101736101
2020-05-22,0.07884174943255694,0.06305891465327171,0.10040514831278458,0.10480907341789639,0.057917471834199846,0.37856793288406404
2020-05-26,0.07898835717330459,0.06336513107470186,0.10022039901206667,0.10450574518922316,0.057781621651749326,0.37705027126396157
2020-05-27,0.07953551329415193,0.06382821193564221,0.1001738611901631,0.10514345542722141,0.057905930204240584,0.3780446622337259
2020-05-28,0.07945861571905292,0.06383879804562453,0.1002430084514183,0.10519541632332664,0.057911567189366395,0.3781121483495056
2020-05-29,0.08031340261924749,0.06477668375615331,0.10019177300344928,0.10503546139168903,0.05802076526678831,0.37759579003251376
2020-06-01,0.0797200821656549,0.06423696655468313,0.10004339581399456,0.10854805931180724,0.057586851816294915,0.37476792380114454
2020-06-02,0.08054487319464401,0.06516639090632717,0.10002322591932715,0.10853101964341964,0.057567108851209844,0.3746366270636682
2020-06-03,0.08029892094946561,0.0651129801294489,0.09950000093285198,0.11054667221612499,0.05701754445741285,0.3716570821574391
2020-06-04,0.08107078540016155,0.06576309529591022,0.09941589197881215,0.10927467338811606,0.05721102626372602,0.3717138534168478
2020-06-05,0.0810603057734164,0.06569076480187712,0.09922358599148895,0.10965596356078701,0.056955488652546266,0.368997483165402
2020-06-08,0.0812286533511726,0.06596795369069407,0.10377399114106273,0.10859694125961103,0.057213735304193346,0.3703547330502361
2020-06-09,0.08330147322890277,0.06721997531283848,0.10332465153969399,0.10644021005938378,0.05847562073162399,0.3642363614026512
2020-06-10,0.08343084788962116,0.06747346636431746,0.10615355968277203,0.10620892027205969,0.05781356328676017,0.35907982575035874
2020-06-11,0.08716396286857873,0.07031243927194515,0.11120265819048103,0.10839219181436761,0.059938381854433447,0.3682933702920863
2020-06-12,0.09485505366420287,0.07673867949046456,0.11489269856091616,0.1188194705505364,0.06360951199446871,0.3826116678615976
2020-06-15,0.09756237521389532,0.07884349370734602,0.11256879297298174,0.11992779502543698,0.06302308407534822,0.37180854942941005
2020-06-16,0.10709425419111683,0.08980834102861021,0.11803802441521882,0.11645755568388894,0.06575981585798947,0.3587322983053622
2020-06-17,0.10679117155141774,0.09309000325471412,0.12712120444649558,0.11357620617977726,0.06392285601280662,0.3482161781580822
2020-06-18,0.12066047898136849,0.10324172557246492,0.15286815216188862,0.1260310705428117,0.07395105185891666,0.37905195377827483
2020-06-19,0.11998813122208463,0.10267135351595885,0.15499377903912512,0.12760595178088524,0.0750015478876651,0.3769964650057908
2020-06-22,0.12108361724335984,0.10372129932186439,0.1925297942011467,0.12543786310169444,0.07494378757891769,0.3693265972483799
2020-06-23,0.12198511295717857,0.10307706272616388,0.21217708017855721,0.134809572287253,0.07538795047137876,0.3670706453284649
2020-06-24,0.13974041605123866,0.11479970008566011,0.2204108340552918,0.15430025720172044,0.08087335719043871,0.3735539591338096
2020-06-25,0.137194588653782,0.11314313159064682,0.21765073721510309,0.15550516637671813,0.08205887396998895,0.3716886631627647
2020-06-26,0.15082163873311108,0.12304897805273494,0.2264960014389513,0.16295527728270418,0.09270885385950763,0.3863816245088813
2020-06-29,0.15065258211940574,0.12388002461736984,0.2346375354047914,0.1621603637064049,0.091459087578642,0.3831999167936222
2020-06-30,0.15289395365870934,0.12653997065657532,0.23559147166175265,0.16219283984246752,0.09147990550052014,0.38308233894824967
2020-07-01,0.15624440946430973,0.1285074396749579,0.24044471672293471,0.17843064388788332,0.09313323709002988,0.38970271734685613
2020-07-02,0.16222760997453964,0.13334437456923726,0.2407901103405727,0.1761774360175277,0.09561136761739915,0.38429626764193625
2020-07-06,0.16564830935899724,0.1357433695764777,0.2445807027758117,0.18135598804656736,0.0968132136000302,0.38903084023012147
2020-07-07,0.1663679291553848,0.13571466825439968,0.2443394031783827,0.1811515497408783,0.09938680175438383,0.38884244721389344
2020-07-08,0.189435638467629,0.15724540551515054,0.24740104537499674,0.1969529787267597,0.10465986811015954,0.4
2020-07-09,0.18933459379511944,0.1569948099365391,0.24919531649913382,0.19731081435464645,0.10467025784906794,0.4
2020-07-10,0.1944020683226246,0.15830953753510563,0.2454534965915356,0.19889424536004652,0.10828136949334642,0.4
2020-07-13,0.19502523623881654,0.15832689977567094,0.24497684606930098,0.2105356931047682,0.15282607742011844,0.4
2020-07-14,0.19508894944184074,0.15551445661319396,0.2464825005223229,0.21629851499918917,0.15622544040615846,0.4
2020-07-15,0.1990053017399138,0.1636104922084214,0.24647070454507666,0.21710650607245,0.15523788372594724,0.4
2020-07-16,0.20233163832684722,0.16486402823218665,0.26026693621268704,0.21791617936088106,0.15663143344328598,0.4
2020-07-17,0.20214584127347118,0.1655155144755598,0.2627202745118889,0.21557124070270525,0.15668773345473092,0.4
2020-07-20,0.20640476335437616,0.1657279165988035,0.26680717832988804,0.2242259376531236,0.15697892724261694,0.4
2020-07-21,0.20902255690684934,0.16352319940886928,0.26824434427343086,0.2247963078817976,0.1616415884459061,0.4
2020-07-22,0.21763296624437833,0.17230543013988397,0.2723181861360354,0.22350217485851784,0.17017940924332012,0.4
2020-07-23,0.22077817092405053,0.17676913137419542,0.274682842967316,0.2272103064517909,0.17157638892271834,0.4
2020-07-24,0.21901712893893147,0.1711011848706501,0.2718717854522534,0.22769384233883946,0.17155647083581693,0.4
2020-07-27,0.21951225168636687,0.17109109621694485,0.27201008049649045,0.22720249282337293,0.17458436493195514,0.4
2020-07-28,0.22059144832091693,0.16987031394812363,0.28103386310130885,0.22075332811954748,0.17475088586963047,0.4
2020-07-29,0.22036313547353795,0.17133074493994868,0.28339826739063,0.22082065953825286,0.1743993511781236,0.4
2020-07-30,0.22466831179760163,0.17795317042941083,0.28413424914689916,0.22040330445690406,0.1815452949252615,0.4
2020-07-31,0.2254029167496773,0.17787406095852115,0.2870904500825361,0.22847746530200808,0.18141885294324803,0.3997362539640092
2020-08-03,0.22912866476587132,0.18057921585167844,0.2841077406468382,0.2237522757619617,0.18954960797811685,0.3928824949955335
2020-08-04,0.22897690552497077,0.18036374910097314,0.284065506035033,0.22379341294809477,0.18983207237662794,0.3929683540143004
2020-08-05,0.23049207608051847,0.18166754718313013,0.2843509156697807,0.216155392639942,0.1925328294880214,0.39480123893860736
2020-08-06,0.22916523213234136,0.18007975613095964,0.28773698407082476,0.219094976681733,0.19266868023981742,0.39125437074432406
2020-08-07,0.22845598412150026,0.1788822274822457,0.2935491788914581,0.21887539298985556,0.19146710683883977,0.3887701096761007
2020-08-10,0.2303110130642247,0.17787368166921652,0.2979067195991294,0.21216446695019342,0.19329318020420555,0.38845093851303053
2020-08-11,0.2297686741668445,0.1772868634824062,0.29877742146189673,0.2126026043861857,0.19409937552732948,0.3874650609753374
2020-08-12,0.240413409582813,0.18290791808475557,0.30487475245827134,0.1683888820019691,0.1955299083675433,0.39819463754850926
2020-08-13,0.244383027562365,0.18151989318830866,0.3040758939045501,0.16897413835521033,0.19759775045918893,0.399086677621058
2020-08-14,0.2456566623375712,0.1824023601813735,0.3042055718903821,0.16487398664209374,0.19829254711211625,0.4
2020-08-17,0.2456061026709289,0.18232290782146252,0.3039195522101593,0.16463565053146292,0.19792151493554272,0.4
2020-08-18,0.2502729897065123,0.179812088115732,0.3156413107629201,0.15837429850081208,0.2042025486386769,0.39169676427534655
2020-08-19,0.2509592759905552,0.17870495273753048,0.31231598873827554,0.15753374171783358,0.20300121998713092,0.3894080791309309
2020-08-20,0.25188643342604733,0.1791158919750929,0.30922992301100943,0.14716209172127337,0.20542123206784782,0.3871864939682748
2020-08-21,0.25230167769646683,0.1792219336409642,0.30539917343956785,0.1486400859158443,0.20460527112780963,0.3860500421958395
2020-08-24,0.25280167686579197,0.179489057891681,0.30603731124870975,0.14829020058621017,0.20509145154688743,0.38684245390073446
2020-08-25,0.25300569812117507,0.17948062699855866,0.3129905706639071,0.1497043018620477,0.2062415688342856,0.3863169528527075
2020-08-26,0.2548590824702666,0.17907179573547954,0.3100690604685835,0.14945755948864936,0.2059793248946024,0.3856908298031756
2020-08-27,0.25474819344795463,0.17724701697319384,0.31066323346885333,0.1490062824592157,0.20636583270936362,0.38648924308803917
2020-08-28,0.2525838803259864,0.17622986669638208,0.29864682490701344,0.1465093064804035,0.2048170037628293,0.38310584740205306
2020-08-31,0.2519010028293903,0.17588241501316682,0.2996992518517436,0.1444625774381023,0.20672812501262128,0.3823774318268245
2020-09-01,0.2511539862801391,0.1752640676409495,0.29765292060924015,0.14455653351857553,0.21035834577727971,0.38119349354761506
2020-09-02,0.2487903508351888,0.1716108649326631,0.2959140472055298,0.14589486160960227,0.2071629854147234,0.3760674002197409
2020-09-03,0.2490435266449911,0.17369784560382232,0.3042449513501333,0.14577148820271726,0.20949926768097815,0.3791562760215481
2020-09-04,0.231414180315249,0.15161447765887237,0.29681421383930706,0.1441470268750076,0.2046827711755052,0.3668826209731114
2020-09-08,0.2281682031980282,0.14804116726285538,0.27828551434165016,0.14250013498997238,0.2011095714673573,0.3611835083756843
2020-09-09,0.21980752077209958,0.13666551406617455,0.28090367785771275,0.14270751338177357,0.20250595444455602,0.3608447206127083
2020-09-10,0.21650758220336808,0.13409390431684168,0.2878463676049457,0.14341407830606742,0.19969009101499044,0.3607111723849461
2020-09-11,0.2522175615814873,0.1401459023089938,0.2943473574506768,0.14079756734361681,0.238451909814779,0.3529808334548415
2020-09-14,0.2525734827393011,0.13911367122578747,0.296649283136347,0.13998989652869992,0.24490013028125948,0.35102893475522495
2020-09-15,0.25088237952464226,0.13829183859681599,0.29611955520031014,0.13957345567469184,0.2528281319582126,0.3504047092454067
2020-09-16,0.25352652732950315,0.13726729284098071,0.30392314877838744,0.13808480799887576,0.2511894873008146,0.3469300155178885
2020-09-17,0.25284663996102746,0.13547023416258117,0.3031589544025717,0.13768999464502507,0.2532798232908725,0.3459506521855969
2020-09-18,0.2509050213335816,0.134108334868213,0.30770973170595656,0.1372858721349101,0.25293793324768116,0.34573206604542106
2020-09-21,0.24755471378126748,0.1325239922210715,0.3054442696067161,0.1371614060650721,0.2521677823597218,0.3437813458722919
2020-09-22,0.24631205385883165,0.1333677122604134,0.30522628454606215,0.13416795637755322,0.24546437796954707,0.3448246103725915
2020-09-23,0.24521615649208758,0.13243007467388038,0.3077657052435342,0.1342988785994934,0.24468147828492562,0.3449168053087162
2020-09-24,0.2409725665783774,0.12709848876763477,0.30546132822059713,0.12755203470422152,0.23882225787166012,0.3363145839986112
2020-09-25,0.2423844232881461,0.12726303423179847,0.30506060769601556,0.1274758253043359,0.23874143143260076,0.33620686300754427
2020-09-28,0.24656552458419487,0.12654051716347806,0.3075400044504275,0.12608401853452894,0.24580792052340586,0.3325639164347027
2020-09-29,0.24376453379386778,0.12459825063097667,0.3053111435694476,0.12459340387863288,0.24443347604620239,0.3300479502207889
2020-09-30,0.24475303525539122,0.12534578906354488,0.3060376119732859,0.1241001275400853,0.2522788779425123,0.32946943460260375
2020-10-01,0.24511565368527527,0.12585969473922884,0.3019310002763927,0.12422329619514179,0.25208733269747646,0.33012105065954933
2020-10-02,0.24437947319779263,0.12492400747071336,0.3011258818997994,0.12354669804723492,0.2561338584605692,0.32932924708441264
2020-10-05,0.24505389460474056,0.12320505517453244,0.30011708468679915,0.1231976452816454,0.26097013488982346,0.3280664233342676
2020-10-06,0.24417745705443578,0.12286392001378398,0.29374606462880487,0.12410726771376325,0.26308133629071406,0.33026807892307297
2020-10-07,0.24108224788061824,0.1222181206202973,0.2930775825293934,0.12340935075825858,0.26283396720202407,0.33060537584213034
2020-10-08,0.2380081198577712,0.12173169883210011,0.3047001641715193,0.12369345281767306,0.2631731359328585,0.33119091737264006
2020-10-09,0.23715917619047355,0.12116753048660424,0.30230065001155465,0.12309651405344936,0.2625306546202531,0.3295225409261926
2020-10-12,0.23673628008426187,0.12153739020188771,0.30153291787010694,0.12069559254177659,0.26611165007084464,0.3278532589821624
2020-10-13,0.23499682535634425,0.11864078342711132,0.30042385609251965,0.12044327896505069,0.2717929030359192,0.32721257227010714
2020-10-14,0.2352007210557696,0.11879318856756617,0.29878404278269527,0.11901437509693584,0.2721573096893421,0.32767244888113795
2020-10-15,0.23456016787667425,0.11867121274552878,0.2996882090583346,0.11956440091858538,0.2707747591684208,0.32759409264081596
2020-10-16,0.23439532933378338,0.1183871309111309,0.2996244885380374,0.11978268129898993,0.27126114137161894,0.32746290949174406
2020-10-19,0.2354499555242558,0.12072454083644536,0.3002656285162706,0.11996498642979628,0.2762238601837644,0.32799824061715094
2020-10-20,0.23000762510116526,0.1194308498581769,0.29799017308767073,0.12000060327993087,0.275340340599438,0.3260322476437835
2020-10-21,0.23115937518394547,0.11993986415603515,0.2959633217200238,0.1216816121917002,0.275209874210392,0.32738375157942406
2020-10-22,0.23091017519343027,0.12109672068990522,0.3002118862912684,0.12041489804069101,0.27218758754694955,0.32364977407532564
2020-10-23,0.23117206827553993,0.12134626967135685,0.29537106413811687,0.12005182922893412,0.2714983329383973,0.3231770292464387
2020-10-26,0.2314241295834433,0.12213393508705368,0.29284235104793366,0.12234135242531113,0.2717851048863142,0.3228376379404143
2020-10-27,0.22795934264306258,0.12266443689364005,0.29259785636296504,0.12360329704718256,0.2626353939722242,0.32489973585700316
2020-10-28,0.22997476337125725,0.12307669496757614,0.2903400492202637,0.12414871017229978,0.2673331351911396,0.3254183766764418
2020-10-29,0.21216666084199728,0.11670247206162193,0.290237199431865,0.12179447245939977,0.25615907704372903,0.3225319035268649
2020-10-30,0.21310060864412972,0.11751486547551411,0.2885837271881943,0.12313640081574428,0.25720210297790486,0.3246723684802968
2020-11-02,0.2120002927337561,0.1158180419993762,0.2853578134099195,0.12279467106345408,0.2561746800107749,0.3241892506596898
2020-11-03,0.2104791699144985,0.115710225626807,0.28681791749400437,0.12513024207080353,0.25511811167398607,0.3238169286716148
2020-11-04,0.2075315181641792,0.1149078347669841,0.28859494378905365,0.12559366429638152,0.24657834391556238,0.32394667566689705
2020-11-05,0.1976580884978347,0.10721628801198613,0.26203461537927536,0.1237954324179795,0.2316566320330986,0.3157098743214306
2020-11-06,0.19314052406047713,0.10550413940137435,0.2616335773056516,0.12082112607649244,0.23003320065283517,0.3139925852657775
2020-11-09,0.19310475862788745,0.10554615235995846,0.25743642221346763,0.1208075349474146,0.2285571023289898,0.31388129565700185
2020-11-10,0.1984264798171946,0.10855676423140478,0.25545270005880905,0.13101416204169578,0.23905075012565746,0.32330409862649573
2020-11-11,0.1987381547871479,0.10839261060558822,0.2552287865211205,0.1302299041990379,0.23717616014386342,0.3212549583354988
2020-11-12,0.19725961426584718,0.10664968531068525,0.2563110184260621,0.13405272584441227,0.236808905522169,0.31940132874771926
2020-11-13,0.19806302425278927,0.10761351532603063,0.24926668034298993,0.1350885619097942,0.23422697249773453,0.3224964181081131
2020-11-16,0.19679703529617626,0.1078912876764183,0.2498535861197499,0.13924626731766998,0.23677821133010243,0.32294995445815355
2020-11-17,0.19620146199605995,0.10829342580828441,0.25233350712225705,0.14058734078684235,0.23486469122501039,0.3239478937579305
2020-11-18,0.19707225674902606,0.10895523173340145,0.25311903129716046,0.1513793429013857,0.23717085988463368,0.32561161980225806
2020-11-19,0.196485087265966,0.10974548513863576,0.25687897201646726,0.1524803695387743,0.23865309047972272,0.32723295767184996
2020-11-20,0.19604419266015066,0.10948928341667984,0.25667837466464755,0.15280440391052957,0.23729995200041,0.3265575141021153
2020-11-23,0.19648816973084618,0.10953603986690577,0.2542343757862321,0.15313023467936643,0.23881826590578903,0.326882521441497
2020-11-24,0.19669882053359958,0.10989266700231244,0.2558696427285825,0.14921815592140822,0.23921165486332563,0.32754091206897085
2020-11-25,0.19679886441060981,0.11136170652427566,0.25526138438622026,0.14985518749469037,0.24030893735868067,0.32999572942522715
2020-11-27,0.19763702550111314,0.11180085546883749,0.2653166935028169,0.1517581904540025,0.2416870814406557,0.33145797327840676
2020-11-30,0.1980634580159726,0.11175290750961032,0.2622982165419682,0.1550496800681802,0.2417588393708497,0.3317370000449654
2020-12-01,0.19781479854950307,0.1117932913245148,0.26352667310979133,0.15477121184223955,0.2416688132012619,0.33143798910787337
2020-12-02,0.20070848887806672,0.11390782852728278,0.26540090885154016,0.15140468315441633,0.24774316818711042,0.3367333355306151
2020-12-03,0.20253572009919554,0.11415854476256003,0.2672156296075491,0.15222442959154242,0.2472598439322589,0.336820750661454
2020-12-04,0.2156428777393753,0.12198965812587721,0.26520176472526513,0.15207826135792837,0.2524433332999865,0.3370554919660735
2020-12-07,0.21889456446272967,0.12428049190303404,0.27356118542487307,0.15418543799895773,0.2555798968071485,0.34152890131329944
2020-12-08,0.22720233935329057,0.13230587262714924,0.26954494006652396,0.15021923625400443,0.25784504371355627,0.33858574435392635
2020-12-09,0.23282187618615108,0.13615892943820293,0.2700563529540433,0.15192531666758577,0.2654060693961192,0.3402545743628339
2020-12-10,0.23413329010287132,0.13430558444509116,0.2683036657020063,0.14770462077113206,0.2660329512713877,0.3369812447122407
2020-12-11,0.23382395755995322,0.1344617203557792,0.2652070154408871,0.14752790095312138,0.2657831556039238,0.3365898961171697
2020-12-14,0.23600467919611084,0.13562518963934894,0.26496037001652356,0.1484121512033093,0.26609009604736306,0.33696236260128076
2020-12-15,0.2355974581386455,0.13612900951102785,0.2647827249920326,0.14814758070284564,0.2665406026821963,0.3367971631927513
2020-12-16,0.2333680398962207,0.1369099171557376,0.2641942393005613,0.1457480643453782,0.2652280283489801,0.3361304338700206
2020-12-17,0.2349619490354773,0.1383221767482235,0.26447214439224204,0.14558298926104193,0.26500546463511226,0.3361300358933305
2020-12-18,0.23781940238633256,0.13956978851881208,0.26496959623291366,0.14464920045493998,0.26668845885708964,0.3366723127487288
2020-12-21,0.23908362697868163,0.1389155397725863,0.2649119811548766,0.14799732079375041,0.27699481659521474,0.3354510500619655
2020-12-22,0.2396765122127433,0.14013120850300237,0.26419701851023,0.14813056765461852,0.2751919793817874,0.3354523737952238
2020-12-23,0.2549902121056041,0.14863215395288418,0.26823888791146033,0.15542010157439362,0.30084146056040384,0.34184376135336275
2020-12-24,0.25566182187472347,0.1487311237024387,0.2683311154583371,0.15549589572078973,0.29929996826407573,0.34277777414825505
2020-12-28,0.2579119868283627,0.1504071621038437,0.26612761254539763,0.15455715871556025,0.29888308913353273,0.34086095080128165
2020-12-29,0.26257660192895127,0.1528867405050669,0.2675751110159846,0.15633011283608306,0.30623649413143883,0.34256005102304277
2020-12-30,0.2628389078678752,0.15284112203627984,0.2671329184229185,0.15670909775636646,0.3046699246777064,0.34187440791040136
2020-12-31,0.26269289440458155,0.15248567180298322,0.2687858261566505,0.15595829624606258,0.3054442895313153,0.3408207851944715
2021-01-04,0.2636043114511017,0.1541138327816573,0.26952273126623605,0.15714677967434568,0.30757817162035683,0.3417219921087
2021-01-05,0.2633202009589579,0.15956373197383225,0.2718546337424178,0.15274198193111557,0.3082853828604211,0.3442340685332554
2021-01-06,0.2630840139418811,0.15893331058216514,0.2782368756734982,0.15003101591421386,0.3119162860825215,0.33779849780572024
2021-01-07,0.26826894406316626,0.16005938919413132,0.2652490712680198,0.14877494401483324,0.3126155102238928,0.33802081710601456
2021-01-08,0.2705845390014645,0.15861067473384785,0.2651907443759666,0.14909450034404703,0.31418072186213514,0.3388956233413624
2021-01-11,0.27368788702486735,0.1592163691811643,0.26851633600694613,0.13952559417516686,0.31726155168693126,0.3417922619249241
2021-01-12,0.2742480058564607,0.15915880727250614,0.269436442168124,0.14302071540088,0.3111609237336597,0.3429751055683696
2021-01-13,0.2763725413280569,0.16379068400151492,0.26718076701858545,0.14113542362565154,0.31211900059583125,0.33940158343036003
2021-01-14,0.27695156507036034,0.16305553471180287,0.2636227412434413,0.14266607438050263,0.3153527893338467,0.33835129526004604
2021-01-15,0.27754776645321316,0.1632811159112725,0.2614242886452694,0.14264372122882135,0.3170636692315445,0.33803943852987905
2021-01-19,0.2767093337225299,0.16360333816495645,0.2614403437832521,0.14193729017995896,0.317269644061837,0.33904005008746557
2021-01-20,0.2764163690872683,0.1629895762962624,0.2615853555011,0.14159225112700138,0.3176434007319466,0.33977304725642143
2021-01-21,0.2790122319224123,0.16159519296895586,0.26103378551772816,0.13881971477124497,0.32071573570769424,0.3388233391119647
2021-01-22,0.278597952721555,0.1610626499652135,0.261760105801666,0.13878815967880764,0.32156975954814077,0.33822137228461696
2021-01-25,0.2786290438027869,0.16116723946733313,0.2619005590915986,0.13905193777252212,0.3205401509218599,0.3387110689438993
2021-01-26,0.2789588814151293,0.16101395236108862,0.2604223968688943,0.13984050930959765,0.3208987718964534,0.33884925295342705
2021-01-27,0.27866439149365035,0.16096414519102956,0.2615781603696034,0.1397679971215628,0.3198084440189154,0.33875514402602713
2021-01-28,0.2693258077407779,0.15502070215790406,0.26163189257922015,0.13803533414079094,0.3352715992075794,0.3352715992075794
2021-01-29,0.2688170295155433,0.15509937870520102,0.2625067345862071,0.1380644123367805,0.3346293211918001,0.3351830005102067
2021-02-01,0.28468750819081223,0.16085663127351715,0.2573446618946533,0.13788592687018197,0.3296126358854177,0.3296126358854177
2021-02-02,0.2815343627962986,0.15916202896547374,0.2605831349050436,0.13762617894327553,0.3305471471949543,0.3305471471949543
2021-02-03,0.2810636084365506,0.1633326948068552,0.2612154506153322,0.1360269071697471,0.3291806694857574,0.3291806694857574
2021-02-04,0.28256964048181127,0.16266207725042875,0.2608087866662884,0.1366600526407147,0.32864972148037846,0.32864972148037846
2021-02-05,0.2862883839401278,0.1633892094967171,0.2610487727746361,0.13317811806487967,0.3280477578618196,0.3280477578618196
2021-02-08,0.2897715433945116,0.17487066221641406,0.26999004850900504,0.12841859101055866,0.3184745774347552,0.3184745774347552
2021-02-09,0.2954073907876582,0.17891388990705362,0.2659026482576727,0.13038058961929788,0.31469774071415874,0.31469774071415874
2021-02-10,0.29447240767303284,0.17834799659802927,0.2697329592744283,0.1299000358013379,0.31377330032658585,0.31377330032658585
2021-02-11,0.28984025436534183,0.17914437344314108,0.27714850546098874,0.1442365388372199,0.30481516394665414,0.30481516394665414
2021-02-12,0.28917281509958587,0.18389043661719298,0.27633300525375987,0.1430691112189522,0.3037673159052546,0.3037673159052546
2021-02-16,0.2897559453987754,0.18923777068834757,0.27079514929509957,0.14307411301350811,0.3035685108021347,0.3035685108021347
2021-02-17,0.2923740058753013,0.18850155725834844,0.27495162078829516,0.14057098417805647,0.3018009159499993,0.3018009159499993
2021-02-18,0.2973534284320731,0.18809639799053335,0.2719348718636416,0.139805704674393,0.30140479851967955,0.30140479851967955
2021-02-19,0.3002088891100894,0.18755623327188298,0.27109921757046257,0.1395272017390177,0.30080422915427374,0.30080422915427374
2021-02-22,0.3020874647650662,0.1876589956111259,0.2680904724091371,0.13956551971963746,0.3012987737475167,0.3012987737475167
2021-02-23,0.3077507820341056,0.1792486982664209,0.2689581665991817,0.1380346732250878,0.303003839937602,0.303003839937602
2021-02-24,0.3075531688590262,0.17914838004570358,0.27053935174185934,0.13778535722906476,0.30248687106217303,0.30248687106217303
2021-02-25,0.3058813787693488,0.17905914864311692,0.27415428509046813,0.13754762364955828,0.3016787819237539,0.3016787819237539
2021-02-26,0.291933384999822,0.16936275445631674,0.2740278210506315,0.14224643392172098,0.31121480278575436,0.31121480278575436
2021-03-01,0.305616376763003,0.17504614634301124,0.2400547060158719,0.14204311557792096,0.31861982765009655,0.31861982765009655
2021-03-02,0.2935976671703207,0.1703350372192441,0.24123271537581256,0.14486921244402517,0.3249826838952988,0.3249826838952988
2021-03-03,0.2912951056847247,0.16816688767217094,0.24488602062315143,0.1454889707480903,0.3250815076359312,0.3250815076359312
2021-03-04,0.2891756539368918,0.1622613842992546,0.2452780660438293,0.14625841076722612,0.32851324247639907,0.32851324247639907
2021-03-05,0.28617036244006383,0.1606818596811411,0.24844442428675104,0.15003591965236424,0.3273337169698399,0.3273337169698399
2021-03-08,0.27836341540021875,0.15937022672176157,0.24969415938850173,0.1512102256381253,0.3281126692496976,0.3281126692496976
2021-03-09,0.2742292814357321,0.15171240047102513,0.24862954838379778,0.14942341690393451,0.32420974534561053,0.32420974534561053
2021-03-10,0.2633056997004131,0.13820321088238022,0.23911961078473448,0.1397704085142634,0.3147695252702496,0.3147695252702496
2021-03-11,0.26243657991350633,0.13808605176552183,0.2416120654119462,0.1417794661616497,0.3142885704671349,0.3142885704671349
2021-03-12,0.26143300955446536,0.13590293054076538,0.24279081469333483,0.14248275650701847,0.3153337194566677,0.3153337194566677
2021-03-15,0.2647561903483555,0.13883824311959625,0.23350218495750696,0.14571960002246173,0.3163971392812128,0.3163971392812128
2021-03-16,0.26353610147838435,0.1379763460342238,0.23431463361839977,0.14499437373898846,0.31548730246894424,0.31548730246894424
2021-03-17,0.2633784682002153,0.1378490455938157,0.23499369153869978,0.14496100879101645,0.3153115917182856,0.3153115917182856
2021-03-18,0.26399410613652086,0.1379421460102296,0.23420044132809237,0.14444182154778415,0.3151686665732098,0.3151686665732098
2021-03-19,0.2586363719406774,0.13190141851327855,0.2300183376246123,0.14495836005499863,0.3087036325621245,0.3115495057441517
2021-03-22,0.25847128824663584,0.13198801411777084,0.22815454118259293,0.14514555539829135,0.30566662390124877,0.3115679857913271
2021-03-23,0.2568564929163779,0.13008252655850447,0.2229319460790788,0.14616156930516785,0.30203884340364856,0.3103895788535996
2021-03-24,0.256757754216524,0.13059900297696955,0.22109931055269383,0.14637858109578358,0.30326815500256016,0.3117479190257646
2021-03-25,0.25709421395486237,0.1296056586896398,0.2212751235099706,0.1465568166448481,0.30727203224403404,0.31259357290205897
2021-03-26,0.2567670553001804,0.1296150245638629,0.2216746280219581,0.14701404827645428,0.30697017429033296,0.312592414211231
2021-03-29,0.251105979490229,0.12839428627927152,0.22147636215950453,0.14709722929509572,0.3086864960422756,0.3116402923707985
2021-03-30,0.25137433168826906,0.12855432050336568,0.2215966700242321,0.14622974296265148,0.30980837419966223,0.3118700064077622
2021-03-31,0.25289159252199245,0.12917058162069434,0.22104573240311456,0.14391439911129544,0.30939607907791083,0.31264954882644147
2021-04-01,0.2528686743865258,0.12816661582708844,0.22079616667300886,0.14118833742816922,0.3043951719538598,0.3126187457266879
2021-04-05,0.2477568143993345,0.12540088948651615,0.2110072944141496,0.13824363897367295,0.3005234560418169,0.30868903446553947
2021-04-06,0.24536619059457143,0.12429250588804391,0.21182177588554144,0.13893476130303362,0.3015457914593371,0.3096590700821722
2021-04-07,0.24703507525659027,0.12374853814795204,0.20777674405594035,0.14230606390075562,0.2985619041512389,0.3059891368043833
2021-04-08,0.24734110896650274,0.12380824118074793,0.2076345453262872,0.14237916107611265,0.2981616357221633,0.3056419194266651
2021-04-09,0.2471592842707545,0.12422618302668936,0.2123685471653429,0.14286448302571497,0.29866215007212193,0.3051714693695471
2021-04-12,0.2492739510769741,0.12585590275281494,0.2125303928657538,0.1418723780747025,0.298941356302965,0.30393154185332627
2021-04-13,0.2465927672064682,0.12488538504891537,0.20996044706881048,0.15358697975812063,0.29536126599959844,0.3001923879844114
2021-04-14,0.24763639378061744,0.12530743026573693,0.20805645040123913,0.15246353802041698,0.29977349088850186,0.29977349088850186
2021-04-15,0.24684867334070654,0.1244080943662864,0.20773378095348155,0.15289885898785635,0.29940445945742983,0.29940445945742983
2021-04-16,0.24165099657650113,0.12200158842951678,0.20160066578153474,0.1469872742176237,0.29527893664069227,0.29527893664069227
2021-04-19,0.24262148348751555,0.12244148261572414,0.2024577712039392,0.14669424615087445,0.2956959334791884,0.2958727173347101
2021-04-20,0.24290558184939504,0.12208328079445434,0.20251562840344317,0.14819325361502714,0.29508336910829763,0.2952597665083963
2021-04-21,0.2437463537246883,0.12337583047197256,0.20364036885283618,0.15009782606897026,0.29730872680893855,0.29730872680893855
2021-04-22,0.24601791192440492,0.12548744399025713,0.2038107688656481,0.15277631439201955,0.2967093567088337,0.2977188178948868
2021-04-23,0.24386090414192874,0.12508563588373695,0.20402552301937688,0.15240239838920186,0.2961326962773436,0.29794158733815
2021-04-26,0.24267573107976673,0.12462440936084211,0.20455711373404542,0.1531469492750228,0.2959710053673597,0.2982137538700442
2021-04-27,0.24309041060985734,0.12487678480282789,0.2082346555009238,0.1532061857613303,0.2962302429281077,0.2985718009155228
2021-04-28,0.2429891796478314,0.12464680303262725,0.2069602691786456,0.15305764336622882,0.2960350544890449,0.2982872657882809
2021-04-29,0.25748686346417443,0.12786287597099935,0.2063564238022729,0.15274245580717355,0.29637523552684125,0.2970738035608945
2021-04-30,0.25807023051632666,0.12791786745269423,0.2065961038363634,0.15255003523981459,0.29700924887795865,0.29700924887795865
2021-05-03,0.26956788325684355,0.1302892652993732,0.20710814990571771,0.1527092898738325,0.29753764834849944,0.29753764834849944
2021-05-04,0.2782717264630097,0.13415175605861515,0.20881481822289363,0.15270591309279513,0.29991523150772287,0.29991523150772287
2021-05-05,0.2800881840571005,0.13305803968528343,0.2071187949663641,0.15331904056978776,0.29858880508027624,0.29858880508027624
2021-05-06,0.2801408438536227,0.13312131660802326,0.20826772515506603,0.15307488021555316,0.29867379052455184,0.29867379052455184
2021-05-07,0.27867896501269196,0.13201097241310153,0.20577410131673107,0.15393655535412354,0.29520965629433654,0.29520965629433654
2021-05-10,0.2774618623366638,0.13158172424496714,0.20634940859972703,0.15400618120424694,0.2948743989943655,0.2948743989943655
2021-05-11,0.27498890520987723,0.12870850619068688,0.20551378843951632,0.15560337513496805,0.2952748653542031,0.2952748653542031
2021-05-12,0.27205621152170184,0.12872071769597593,0.20520470121122808,0.15578513908933117,0.29531711350639206,0.29531711350639206
2021-05-13,0.2548457386209812,0.12386043057013804,0.20189843794703177,0.15230535070149626,0.29113623145449213,0.29113623145449213
2021-05-14,0.25075882017917933,0.12324064629587904,0.20127772885327536,0.152582577062903,0.2890643352709435,0.29002379589713473
2021-05-17,0.24343938372408783,0.1197941403530152,0.19930225307027616,0.14980640790013933,0.2840555189381107,0.28675430752283004
2021-05-18,0.2443195465835761,0.12021546365671919,0.20431695147813084,0.15187582226686355,0.28513311566397215,0.28803782440412823
2021-05-19,0.2417477448587349,0.11986729099085017,0.20491444814614565,0.15380264726090553,0.28319228486923154,0.2874161446718493
2021-05-20,0.24225855664977203,0.12002167133514144,0.20523901408406903,0.15394016514389378,0.2822693744870629,0.2876490687239839
2021-05-21,0.23888673731767518,0.11780345438458165,0.20565024009024002,0.1529751975383161,0.2767353225532775,0.28593248098940593
2021-05-24,0.23896440697199847,0.11975663923830891,0.20512237510736164,0.15526854950049196,0.27670691319414314,0.2840908878787959
2021-05-25,0.23688078424699913,0.11849773138643416,0.20459858996081826,0.155165885841726,0.27718137875746246,0.28366921841033677
2021-05-26,0.23828710098848718,0.11853519151760576,0.2032059441194693,0.15379465674676293,0.27687977873575376,0.2831784566029794
2021-05-27,0.2644200353200272,0.1294441667289457,0.21777648344725486,0.16718115516565965,0.29492999936517633,0.29492999936517633
2021-05-28,0.2562153880761412,0.12477638013660564,0.24101538544131362,0.17497675011044725,0.28445023688396837,0.28445023688396837
2021-06-01,0.26753985940286934,0.12725505438808246,0.24340238490302396,0.17255690796308928,0.2802878289038455,0.2802878289038455
2021-06-02,0.26945396239697317,0.12839580321064198,0.24285254094528022,0.17210256880341276,0.27965080784207824,0.27965080784207824
2021-06-03,0.28085272416756724,0.13562096084350667,0.25060238648876076,0.1782654654304175,0.2837159353384712,0.2837159353384712
2021-06-04,0.28922942737859986,0.13775828554576802,0.2535737638560735,0.17194445590826593,0.28582543594207815,0.28582543594207815
2021-06-07,0.2954770473606293,0.13612264250226927,0.24424675830572348,0.16854567974867193,0.2831737898025218,0.2831737898025218
2021-06-08,0.3012998569813981,0.14429381085921383,0.24977041063011857,0.17421753755999594,0.2872345072671805,0.2872345072671805
2021-06-09,0.3131240504354897,0.1585725459685169,0.259191377700708,0.18590070443569728,0.2916056607297941,0.2916056607297941
2021-06-10,0.31425090643024245,0.15894157773136394,0.2566367105956908,0.18617683567611493,0.291996984783294,0.291996984783294
2021-06-11,0.3156227443858609,0.16186340497056653,0.2561997344565437,0.185034011504306,0.2902960788619156,0.2902960788619156
2021-06-14,0.3119407120865624,0.16085198926983782,0.2746164320947863,0.17875838389847354,0.28691624132516996,0.28691624132516996
2021-06-15,0.3133847989881062,0.16126286812587626,0.27280607680471763,0.17796060252980625,0.2872928267757469,0.2872928267757469
2021-06-16,0.3132893772343411,0.16086216780591386,0.2737662695730299,0.17739288628002553,0.2873446495533448,0.2873446495533448
2021-06-17,0.31246966565954076,0.16128763629238874,0.27803567884022873,0.17152589869635407,0.2883405602557439,0.2883405602557439
2021-06-18,0.32460382455122566,0.17119184501569337,0.2740050433930884,0.1539224119887662,0.2881384375256132,0.2881384375256132
2021-06-21,0.31945091894675354,0.17304893998000084,0.2651697323652424,0.1562419212960372,0.29304424370598303,0.29304424370598303
2021-06-22,0.31628674495338016,0.17820514191660733,0.25846876241945566,0.15548903391400057,0.29577515839827817,0.29577515839827817
2021-06-23,0.3182199169807195,0.1771074935217276,0.2600423081021817,0.15546153692579845,0.2945843722347864,0.2945843722347864
2021-06-24,0.31847625478475505,0.1808957989560119,0.25929244210282554,0.1548715936855352,0.2932319552354361,0.2932319552354361
2021-06-25,0.317692210217762,0.18043943126485462,0.26183301764355027,0.1547906239225309,0.292622358475651,0.292622358475651
2021-06-28,0.32667950483980096,0.1817198732458016,0.2559274117064726,0.1538479586956394,0.29091262575614274,0.29091262575614274
2021-06-29,0.32659083121662585,0.1801145199660759,0.25568024605799017,0.15619917286279617,0.290707614948256,0.290707614948256
2021-06-30,0.3262374710713567,0.18011324468528706,0.2554780546805186,0.1588364593653989,0.28966738509871937,0.28966738509871937
2021-07-01,0.3249900871598104,0.181633539362194,0.255487456797264,0.16145643262584417,0.2882162420274437,0.2882162420274437
2021-07-02,0.32449416599767184,0.18269136508485662,0.2624127182463868,0.16181399881825934,0.2842938759264126,0.2842938759264126
2021-07-06,0.3296396979626519,0.18520698872496694,0.2606259988908072,0.15998914067928968,0.28226908687114216,0.28226908687114216
2021-07-07,0.33003395374540234,0.1855437027666938,0.25761291393068864,0.16102728031718638,0.2828910746200144,0.2828910746200144
2021-07-08,0.3296817731704344,0.18554708860163924,0.2579662782716247,0.16103832672550164,0.28288326661540014,0.28288326661540014
2021-07-09,0.3256001152011463,0.1860039176574003,0.2597458149324101,0.1629920455192125,0.2828290533449154,0.2828290533449154
2021-07-12,0.3249105879309676,0.187319201753836,0.2527144084973702,0.16530484538033102,0.28487547821874765,0.28487547821874765
2021-07-13,0.32449384927065555,0.18725818339251893,0.2525208412340408,0.16610565558885318,0.2848107352569658,0.2848107352569658
2021-07-14,0.3235354174847967,0.18901541042548362,0.2511558815594366,0.166889748107953,0.2847017712111652,0.2847017712111652
2021-07-15,0.3247956051714817,0.19214832885344255,0.24779045136433672,0.16546272242751647,0.2849014460916113,0.2849014460916113
2021-07-16,0.3253732329604732,0.1922789930009531,0.2506306796555599,0.16852322086938729,0.28159693675681324,0.28159693675681324
2021-07-19,0.3225360378889658,0.19132613313032792,0.25410372035386736,0.16740745834375645,0.2823133251415412,0.2823133251415412
2021-07-20,0.31733452714649907,0.19498907788339626,0.24269384929195972,0.17051960930919757,0.28723146818447365,0.28723146818447365
2021-07-21,0.31343157477891914,0.1955261755992298,0.2405944997982364,0.17189919610905027,0.28927427685728224,0.28927427685728224
2021-07-22,0.31514286290729654,0.19615290255474502,0.23491895862714174,0.17402268470318902,0.2898812956038138,0.2898812956038138
2021-07-23,0.3185910921942317,0.19801008915710505,0.23203647612962688,0.17417789101326595,0.2885922257528852,0.2885922257528852
2021-07-26,0.3192228463364905,0.19844026035059706,0.23064019547054856,0.17434664642271683,0.2886750257098235,0.2886750257098235
2021-07-27,0.31914018020234153,0.19893259539393177,0.23032215444443443,0.1743148451902053,0.2886451123845435,0.2886451123845435
2021-07-28,0.318410378187084,0.19713101501154964,0.23105006638833558,0.17482412331970365,0.2892922085466636,0.2892922085466636
2021-07-29,0.31842649025126446,0.19741487819946327,0.23103962382098434,0.17447802473963886,0.2893204914943246,0.2893204914943246
2021-07-30,0.31982011641021674,0.19776300085504903,0.2304781850784676,0.17256366944151658,0.2896875141073751,0.2896875141073751
2021-08-02,0.32096982420218956,0.1981246483635623,0.2301647893300793,0.1713606932454714,0.28969002242934877,0.28969002242934877
2021-08-03,0.32012282227629857,0.19862026325782006,0.22815905268183465,0.1746183028658018,0.28923977945912244,0.28923977945912244
2021-08-04,0.31804698385690616,0.20460663412794175,0.22757648168637143,0.174850802902643,0.2874595487130689,0.2874595487130689
2021-08-05,0.3164964009220491,0.20527525044380682,0.22769071051550643,0.17529896399318257,0.2876193370627275,0.2876193370627275
2021-08-06,0.31614449927161165,0.20464123849034602,0.22553586203330678,0.1809463115709279,0.2863660443169037,0.2863660443169037
2021-08-09,0.3219824766999936,0.2071746856551471,0.22053502768523128,0.17075239991861405,0.2897777050205069,0.2897777050205069
2021-08-10,0.32348619773394294,0.2218775805589132,0.22019452439288356,0.16290963224864824,0.285766032532806,0.285766032532806
2021-08-11,0.3279398025866111,0.22011606788965454,0.21984284157629091,0.16238571468024665,0.2848577866335984,0.2848577866335984
2021-08-12,0.34752461179797445,0.23498340129636344,0.21513349477187219,0.15400689243499058,0.2741757998493997,0.2741757998493997
2021-08-13,0.3535496285653427,0.23449850775054062,0.21357159001480597,0.15342841239655297,0.272475930636379,0.272475930636379
2021-08-16,0.3637284818289078,0.24563177632965533,0.2062533568047789,0.1486610959849719,0.267862644525843,0.267862644525843
2021-08-17,0.36335757680557207,0.24732041123509863,0.205703262059974,0.15005577036094964,0.2667814897692028,0.2667814897692028
2021-08-18,0.36611982936995285,0.24527374271427047,0.20575546887918308,0.1499712702021161,0.2664398444172387,0.2664398444172387
2021-08-19,0.3586907305975128,0.24248790085303246,0.20835836936972293,0.15163942467128086,0.26941178725422543,0.26941178725422543
2021-08-20,0.3615032835530753,0.2517776697047509,0.2056647673024839,0.1498927168175959,0.2655807813110469,0.2655807813110469
2021-08-23,0.35882890648764304,0.25163972115179084,0.20635719466412544,0.15035621519489462,0.2664089812507731,0.2664089812507731
2021-08-24,0.360418147939305,0.2537625317797887,0.20612980110044118,0.14748060595376125,0.26610445661335197,0.26610445661335197
2021-08-25,0.3608830844047793,0.2533707361076676,0.20536911807517658,0.1488814741510118,0.26574779363068246,0.26574779363068246
2021-08-26,0.3614719398171816,0.25389124358357146,0.20372489807657268,0.14852345649301268,0.26619423101483075,0.26619423101483075
2021-08-27,0.358576122946082,0.25311371798490345,0.20502796935450665,0.14900831750297072,0.2671369361057686,0.2671369361057686
2021-08-30,0.356422971037929,0.2524086022192178,0.2061161388879321,0.14647502794635447,0.2692886299542833,0.2692886299542833
2021-08-31,0.3567003948517039,0.250467941848709,0.20656628590950288,0.14656383195064668,0.2698507727197188,0.2698507727197188
2021-09-01,0.356625838064581,0.25044734799615415,0.2052941458184519,0.14715603671396155,0.27023831570342566,0.27023831570342566
2021-09-02,0.35484363897000276,0.25500790442698346,0.2037500057104911,0.15155721317136792,0.2674206188605774,0.2674206188605774
2021-09-03,0.3547050188049814,0.2619000103630723,0.20442893664845257,0.1516421462544825,0.26366194396450554,0.26366194396450554
2021-09-07,0.3558288893197032,0.2625586596199975,0.202817605301286,0.15012455143314257,0.2643351471629353,0.2643351471629353
2021-09-08,0.35609742330087074,0.2641954979060751,0.20277306676487772,0.14518704074602687,0.26587348564107477,0.26587348564107477
2021-09-09,0.3563648661982605,0.2628870541046997,0.2035457369406271,0.14522498328774638,0.26598867973433304,0.26598867973433304
2021-09-10,0.35538335206821675,0.2654905026057104,0.2013379011122141,0.14533406824821013,0.26622708798282435,0.26622708798282435
2021-09-13,0.3518351094891979,0.2629964567082905,0.20083174863266304,0.14788275641083226,0.26822696437950805,0.26822696437950805
2021-09-14,0.3507535817162765,0.26537902185567985,0.20131098528484798,0.14763222095031348,0.26746209509644114,0.26746209509644114
2021-09-15,0.3490623610518508,0.26840904314730846,0.19909522803332488,0.14734008650136413,0.26804664063307587,0.26804664063307587
2021-09-16,0.3475013944467956,0.2676363110714932,0.19839850310911647,0.1511820509518612,0.2676408702103666,0.2676408702103666
2021-09-17,0.3429233823598375,0.2712500522942969,0.19969479469297347,0.15733329022782416,0.264399240212534,0.264399240212534
2021-09-20,0.3479124378106342,0.26437436482720567,0.2056335936366346,0.15682803400813974,0.2626257848586929,0.2626257848586929
2021-09-21,0.34417954431817227,0.24673042857217098,0.21354884657035159,0.16153968073950278,0.2670007498999013,0.2670007498999013
2021-09-22,0.34484641683496203,0.24912716884279476,0.21295610870994658,0.16050152328732087,0.2662843911624879,0.2662843911624879
2021-09-23,0.34106067821916,0.24766396643978278,0.21398265965632052,0.1612612854592552,0.2680157051127407,0.2680157051127407
2021-09-24,0.33956430085926004,0.2501692967943685,0.2036964034113155,0.16131249916957338,0.2726287498827413,0.2726287498827413
2021-09-27,0.33977178995798013,0.25018581060542705,0.20382738766353337,0.1614144986334863,0.27240025656978667,0.27240025656978667
2021-09-28,0.3383664179671991,0.2517080063066383,0.20523854144037254,0.16097895718511,0.27185403855034,0.27185403855034
2021-09-29,0.3258703857087222,0.23134391287553382,0.20798871351281104,0.16811337647280886,0.28334180571506207,0.28334180571506207
2021-09-30,0.32567841754758853,0.2312646247271738,0.20829347302591109,0.16825630911471248,0.283253587792307,0.283253587792307
2021-10-01,0.3218514245087679,0.23291632566096132,0.2102119811458712,0.1632919162007913,0.28586417624180427,0.28586417624180427
2021-10-04,0.3178593159155826,0.23606426295650446,0.209623124036003,0.1642075983627506,0.2861228493645796,0.2861228493645796
2021-10-05,0.3134991626832135,0.2261407349722757,0.2151753972233636,0.16619837432511592,0.2894931653980157,0.2894931653980157
2021-10-06,0.3109961439996393,0.22262498067809644,0.2164252721335658,0.16722835059495259,0.2913626262968729,0.2913626262968729
2021-10-07,0.31307557118027457,0.22224716135506864,0.215750420164458,0.16686114419081635,0.29103285155469133,0.29103285155469133
2021-10-08,0.3143627823296347,0.22070697627867927,0.2174814080829944,0.166374502388631,0.2905371654600303,0.2905371654600303
2021-10-11,0.3149446934736202,0.22056994876427102,0.21655649422701878,0.1664799915239836,0.29072443600555326,0.29072443600555326
2021-10-12,0.3134415774380049,0.2194194923108154,0.21807513079515672,0.1667476192061291,0.291158090124947,0.291158090124947
2021-10-13,0.3137456649968366,0.21958064869471738,0.21438679580120004,0.169060143195295,0.29161337365597556,0.29161337365597556
2021-10-14,0.3150220999616084,0.22005580590111162,0.21594075159312037,0.16331517492465034,0.2928330838097546,0.2928330838097546
2021-10-15,0.30860528868340165,0.21582702579218216,0.217738966259123,0.1664708794524942,0.2956789199063995,0.2956789199063995
2021-10-18,0.31361330682933203,0.21437166644116937,0.22727747127892034,0.16016117153406728,0.29228819195825556,0.29228819195825556
2021-10-19,0.3200356921920227,0.21354140980139705,0.22721010600620092,0.1589246949685276,0.2901440485159258,0.2901440485159258
2021-10-20,0.3204242244847991,0.21366365674297846,0.22646920699699186,0.15895918958332284,0.29024186109595396,0.29024186109595396
2021-10-21,0.3198270489826701,0.21432783301503885,0.22806861503090894,0.15758586625931906,0.2900953183560316,0.2900953183560316
2021-10-22,0.3227110411723462,0.21542922054011926,0.22789961733650677,0.15688042224577045,0.28853984935262883,0.28853984935262883
2021-10-25,0.3240415279415842,0.21441867863983463,0.22525236963102593,0.15694478610387141,0.2896713188418419,0.2896713188418419
2021-10-26,0.3234160636011232,0.21474753847727865,0.22813459904788191,0.1558152290376139,0.2889432849180511,0.2889432849180511
2021-10-27,0.3240110909940685,0.2151993874814025,0.22634421256995715,0.15560130816176446,0.28942200039640376,0.28942200039640376
2021-10-28,0.3248425693026107,0.2161700446503036,0.2191124256167502,0.15831871648172424,0.2907781219743057,0.2907781219743057
2021-10-29,0.3228707556284877,0.21488816010822942,0.21985968047572832,0.15965430733099045,0.29136354822828203,0.29136354822828203
2021-11-01,0.3230800248483689,0.21442708677933622,0.22162489523679157,0.15841264546087308,0.2912276738373152,0.2912276738373152
2021-11-02,0.32552261227807416,0.2146804701356786,0.22018481789118738,0.1577593214486059,0.290926389123227,0.290926389123227
2021-11-03,0.3266186109655591,0.2143733897138754,0.21968117194767717,0.15764886383337534,0.29083898176975653,0.29083898176975653
2021-11-04,0.327657021133736,0.2134678395207849,0.21835247614825065,0.15722810125554332,0.2916472809708424,0.2916472809708424
2021-11-05,0.32478182587870164,0.20969795742506125,0.22094004970375342,0.16508187672432842,0.28974914513407757,0.28974914513407757
2021-11-08,0.324993179450752,0.2099459381988246,0.21603656001374616,0.1688519391542059,0.29008619159123566,0.29008619159123566
2021-11-09,0.3247562803811501,0.21056403892771663,0.21635749654978803,0.16857681850035758,0.2898726828204938,0.2898726828204938
2021-11-10,0.3244995785130683,0.20963632126797543,0.21300122161372467,0.17209454509738964,0.2903841667539209,0.2903841667539209
2021-11-11,0.32476294878260775,0.20701447399450004,0.20797631977862882,0.17209591690371856,0.2940751702702724,0.2940751702702724
2021-11-12,0.32289836770992364,0.20585694425622164,0.21201269971539646,0.17455858800471766,0.2923367001568704,0.2923367001568704
2021-11-15,0.32153123516687093,0.20456815019495375,0.21227587262343137,0.1754012037567614,0.29311176912899123,0.29311176912899123
2021-11-16,0.3240029130375692,0.20639135900317204,0.20869311887251138,0.1752331097603571,0.2928397496631951,0.2928397496631951
2021-11-17,0.329438605760573,0.20718446010457334,0.20779254141970716,0.1729434147371912,0.29132048898897767,0.29132048898897767
2021-11-18,0.329192543673667,0.2076677091963194,0.2078666154662629,0.17188517161059144,0.29169398002657965,0.29169398002657965
2021-11-19,0.33116184611620475,0.207436156186052,0.2073002120091626,0.17136096078662386,0.2913704124509784,0.2913704124509784
2021-11-22,0.3329741458182373,0.21027616138743488,0.2040848611546679,0.17217051540797537,0.2902471581158422,0.2902471581158422
2021-11-23,0.3358479386804578,0.20899050209280864,0.20472648888254125,0.16369401596606564,0.29337052718906326,0.29337052718906326
2021-11-24,0.3367867606584274,0.20884912715128154,0.20251551988096053,0.16361671694736946,0.29411593768098065,0.29411593768098065
2021-11-26,0.3394936643730248,0.21011536040178075,0.1978895609226516,0.16376411368945012,0.2943686503065463,0.2943686503065463
2021-11-29,0.32326976590191586,0.20856267358290023,0.19261924278790876,0.1722642029126347,0.30164205740732036,0.30164205740732036
2021-11-30,0.3201552243292087,0.2039322887967153,0.1932984435558384,0.1741639040088582,0.30422506965468965,0.30422506965468965
2021-12-01,0.3085715359619117,0.20296656935582183,0.193720854583298,0.17627926796354496,0.3092308860677118,0.3092308860677118
2021-12-02,0.30589377483513064,0.19921823209554934,0.19466520936789328,0.17719586801694479,0.3115134578422411,0.3115134578422411
2021-12-03,0.29954834218199616,0.1996843863681111,0.19608815603159083,0.17783093144388898,0.3134240919872065,0.3134240919872065
2021-12-06,0.2982255447938253,0.19578111821162927,0.19648919797274367,0.17963596102303672,0.3149340889993825,0.3149340889993825
2021-12-07,0.29383927999128834,0.19468720560113864,0.19439238266284767,0.1877995401070246,0.31464079581885035,0.31464079581885035
2021-12-08,0.28603816009787053,0.18594568704937742,0.19716725396262028,0.19082996977042738,0.3200094645598522,0.3200094645598522
2021-12-09,0.2869242562633749,0.18616625460705263,0.19487797248135488,0.191474038287158,0.3202787391805298,0.3202787391805298
2021-12-10,0.28769951694389795,0.18416193797580557,0.19575004482564992,0.19133607744078981,0.3205262114069282,0.3205262114069282
2021-12-13,0.2861852345118138,0.18333888477298038,0.1965734915118929,0.19155617687018336,0.32117310616656475,0.32117310616656475
2021-12-14,0.28539722445163174,0.1812473766305621,0.19609676239467677,0.19301590254209142,0.322121366990519,0.322121366990519
2021-12-15,0.28577665417563136,0.18063047501702262,0.19646785793272029,0.19199770212814785,0.32256365537323894,0.32256365537323894
2021-12-16,0.2795212925727663,0.17513860456374433,0.19528186468363298,0.20533335680693532,0.3223624406864605,0.3223624406864605
2021-12-17,0.28163191482795114,0.1706787397260216,0.19674417423086984,0.2025471097636534,0.32419903072575207,0.32419903072575207
2021-12-20,0.2845966658834381,0.1736791036312668,0.19571126364220184,0.2022339481950377,0.3218895093240278,0.3218895093240278
2021-12-21,0.2818392009870927,0.17313772758221502,0.19554283045503615,0.20354732541806755,0.3229664577787943,0.3229664577787943
2021-12-22,0.2778740808557533,0.17028110433132781,0.19700640548750867,0.2051626507009305,0.3248378793122399,0.3248378793122399
2021-12-23,0.2771691368541788,0.16860272202620136,0.20332473334986714,0.20556320655080168,0.32267010060947554,0.32267010060947554
2021-12-27,0.2765941930701385,0.16829056547322663,0.20377075925698404,0.20567883396971756,0.32283282411496655,0.32283282411496655
2021-12-28,0.27358556289044045,0.16750778490782223,0.2046673958502311,0.20635654676729942,0.32394135479210345,0.32394135479210345
2021-12-29,0.2809507324314667,0.17272928753680103,0.20498005668077934,0.20513372686588033,0.31810309824253624,0.31810309824253624
2021-12-30,0.28119138183980225,0.17296342503743883,0.20296868172365928,0.20611925299276046,0.3183786292031696,0.3183786292031696
2021-12-31,0.2838743631736406,0.17158892628410832,0.20023583120573965,0.21287350937274124,0.31571368498188523,0.31571368498188523
2022-01-03,0.286161681325576,0.17090967493858525,0.2009796957332541,0.2113439541965085,0.31530249690303797,0.31530249690303797
2022-01-04,0.2937167900196184,0.1766925397921724,0.19127824248581982,0.20472411599433316,0.3167941558540281,0.3167941558540281
2022-01-05,0.29572819455941096,0.17550092340649776,0.19214959056484301,0.2037808378064837,0.3164202268313823,0.3164202268313823
2022-01-06,0.28706048101776777,0.1680035988877995,0.19522854287014646,0.20680275416302274,0.32145231153063175,0.32145231153063175
2022-01-07,0.2886209993198685,0.168609433928372,0.19679024776927073,0.20300416984846012,0.32148757456701427,0.32148757456701427
2022-01-10,0.2885002169346632,0.16787079426113669,0.19701699555813837,0.20276144327716597,0.3219252749844478,0.3219252749844478
2022-01-11,0.2899519604405634,0.16826870727041174,0.1967050798687855,0.20235560265289482,0.32135932488367225,0.32135932488367225
2022-01-12,0.28900113200873834,0.16698236265211328,0.20082324652581254,0.19937215119122018,0.3219105538110579,0.3219105538110579
2022-01-13,0.28709403329465866,0.16617026612155716,0.2007221132462285,0.2066560118459246,0.31967878774581565,0.31967878774581565
2022-01-14,0.2885908899489157,0.16334451015782447,0.2001738488271257,0.20690751434530508,0.3204916183604147,0.3204916183604147
2022-01-18,0.28869616080198346,0.16261384614482238,0.19630763122430825,0.21429631153818277,0.31904302514535154,0.31904302514535154
2022-01-19,0.2821491454383353,0.15991679378401677,0.19603136518298758,0.2167999088067876,0.32255139339393646,0.32255139339393646
2022-01-20,0.2819939756498828,0.16028891073058332,0.19897907285052935,0.2102540453264822,0.32424199772126117,0.32424199772126117
2022-01-21,0.27947099773992207,0.15928048499649758,0.19935725170213214,0.21244431838625866,0.3247234735875948,0.3247234735875948
2022-01-24,0.2731790675329704,0.1559780975218875,0.19954157531483901,0.21446477578310477,0.3284182419235992,0.3284182419235992
2022-01-25,0.2725376066548383,0.1560978241114881,0.20022019481390232,0.21459316240716172,0.32827560600630473,0.32827560600630473
2022-01-26,0.27076493056989404,0.15396326736011529,0.2007302857160917,0.2163044869186073,0.3291185147176459,0.3291185147176459
2022-01-27,0.272144981693095,0.1549001108629708,0.20073742153724664,0.2105753753953678,0.3308210552556599,0.3308210552556599
2022-01-28,0.2730379673024903,0.15505826538242487,0.20137264836040375,0.20648215695942504,0.33202448099762805,0.33202448099762805
2022-01-31,0.2640986463622991,0.15093630077608464,0.20397983658303073,0.20877029972035774,0.33610745827911387,0.33610745827911387
2022-02-01,0.2594025137790337,0.145959194902041,0.20544897884998348,0.21158852767265499,0.33880039239814336,0.33880039239814336
2022-02-02,0.25848514842681597,0.14571489321764927,0.20599257870827256,0.2123161980884599,0.3387455907794011,0.3387455907794011
2022-02-03,0.25727652884515084,0.14560106301231032,0.20639500971160474,0.21237741387073478,0.33917499228009973,0.33917499228009973
2022-02-04,0.2519339722914169,0.14054329568564186,0.21020649040657763,0.21776938886052163,0.3317465103189526,0.3442977105315479
2022-02-07,0.25218816276930045,0.140711685128198,0.2091954137256996,0.22193471812670304,0.3313275261946778,0.344642494055421
2022-02-08,0.25025388463850634,0.13937791020267362,0.21143425493426646,0.22397311355526273,0.33318509109200495,0.3417757455772858
2022-02-09,0.24934876632712455,0.1388315055240221,0.21126323320868626,0.22445422792265163,0.33377869219030565,0.3423235748272098
2022-02-10,0.24734924887667803,0.13760096303943845,0.2159111638124536,0.22639967743187767,0.3281268348518345,0.34461211198771763
2022-02-11,0.24168816101926535,0.13548618802431533,0.21581141240262225,0.22874995765447484,0.2977000986568204,0.34236503273937074
2022-02-14,0.242063639372834,0.13507803540978364,0.21683594031206882,0.2227786301283233,0.30384411700564284,0.35096109809000486
2022-02-15,0.24316533369330473,0.13574453384879556,0.21499531271408623,0.2221130261022872,0.3039929334244746,0.35117633132366644
2022-02-16,0.24171457318597175,0.13446315160513708,0.21789275503719957,0.2218622435914116,0.30652746026858446,0.35519841886413284
2022-02-17,0.24056442384502788,0.133963633173586,0.21586577528162873,0.21899459557510698,0.29823088829303,0.35312373515712236
2022-02-18,0.2385482096742161,0.1331829088967456,0.21955067842685907,0.2195272051059429,0.3008297818056668,0.3589227760215981
2022-02-22,0.23891535717153317,0.1337432300420305,0.21821410697741522,0.22032348468855734,0.3007895143547986,0.359677389249958
2022-02-23,0.2375057370508693,0.13367946904875075,0.2200211171423308,0.22202711382253398,0.30005570798637654,0.3594101777682878
2022-02-24,0.2351680731540397,0.1326996058704411,0.22030650876922628,0.24105652652598294,0.30311538768564833,0.3611987681874129
2022-02-25,0.23281493759893515,0.12873244757302718,0.2243488317921137,0.24354509100282315,0.294945430360329,0.3627308830321002
2022-02-28,0.22721250978415378,0.1281829935019475,0.23015220571042921,0.24368446316838355,0.29026485171380156,0.36379595089271977
2022-03-01,0.22624032556617132,0.12547720503734355,0.22683753202140144,0.23387541565674147,0.2894556455035247,0.35371127695175636
2022-03-02,0.22716223430678664,0.12747742815614743,0.22619647798259349,0.2254975209479183,0.29684494973049136,0.3557778637469398
2022-03-03,0.22973858268196315,0.1284054218968535,0.21490791794191189,0.22591235693985542,0.3019620509126571,0.360198425359419
2022-03-04,0.23085839674316502,0.12864543370375733,0.21369070994885037,0.22543749921948095,0.3006438704801605,0.3601669011755865
2022-03-07,0.2344871458193926,0.12904610017632723,0.20973144022454066,0.2216967431860902,0.306050985620396,0.36197531385846454
2022-03-08,0.224568781329977,0.12547361319820965,0.21095839717128728,0.21717024514525896,0.29377694629985834,0.36065589749944377
2022-03-09,0.22623937368570105,0.12589655202422623,0.21224445722521057,0.2015673958349043,0.29684651767753967,0.36091998402836145
2022-03-10,0.22925631095046203,0.12824229906202958,0.21803739841839254,0.1873167532355397,0.29812544440539185,0.3714385692452626
2022-03-11,0.22813852672759058,0.127514908290539,0.2181907301923283,0.18634115516055097,0.28795693195529215,0.3695131559008861
2022-03-14,0.2263274197155953,0.1265705703132487,0.21792539953503987,0.1855014989445065,0.28323362264709917,0.3683657352532352
2022-03-15,0.2215488129060849,0.12316084631930772,0.2056071063855767,0.17642740529981643,0.2627615945986486,0.3589821526398217
2022-03-16,0.2173308245631466,0.12077785097178985,0.2105944103233828,0.17143488800513149,0.2561841630162444,0.3607687597320318
2022-03-17,0.20836765955807143,0.11472142878710415,0.20471995904849924,0.16946129952915734,0.2313866406250808,0.35405982163269084
2022-03-18,0.20921027625662417,0.11573168606757951,0.2050884728674124,0.1693789010936649,0.22845802213056318,0.3539994614155004
2022-03-21,0.2072486520573253,0.11523297600363107,0.20122152494419118,0.16857667866126044,0.2258714809373065,0.3518093067573347
2022-03-22,0.20775288849407372,0.11500339278372274,0.19720576736240977,0.16776231470497915,0.21702013053761116,0.35102096347621853
2022-03-23,0.20935409412620415,0.11518434496705977,0.19796979050449215,0.16873543461307505,0.21679155481196768,0.35427588641774177
2022-03-24,0.21278754066233185,0.11712802539247943,0.19278871335852849,0.1681345550119453,0.22075025686082012,0.3573337628231036
2022-03-25,0.21277542128357949,0.11688775867985791,0.19405960972153277,0.16955172451571046,0.2223317671598057,0.3594874165771733
2022-03-28,0.2126715314271639,0.11694105599131879,0.19273988246762466,0.1689596614038408,0.22031121418019112,0.35904786913551934
2022-03-29,0.2158245158629815,0.11791352412498246,0.19313827327616337,0.1653915781363973,0.21877603467761886,0.36174738858395317
2022-03-30,0.21288168327709764,0.11637101688813539,0.19099784397786274,0.16472365426337474,0.20708864818067324,0.35953358401441754
2022-03-31,0.21298518858184326,0.11634539781842622,0.19127933594211008,0.16444873543342603,0.2072170709125186,0.3601987742595745
2022-04-01,0.2112440908180721,0.11621600478879991,0.19248157331208804,0.16513996457503102,0.20705081403324369,0.3607155392590474
2022-04-04,0.21123619366198532,0.11631534278912416,0.1923623934839971,0.16496791327262353,0.20711316454639891,0.36084246755655724
2022-04-05,0.21036550299519993,0.11519158782953565,0.19874470132156774,0.16784293180444204,0.20298465375580207,0.360045733195008
2022-04-06,0.20468523192958174,0.11208691529833634,0.1895284261773325,0.16417269051479993,0.1916224171430353,0.3525408058475397
2022-04-07,0.2084712814878704,0.1139318130417683,0.1905512875241536,0.16550355802320751,0.192880293184721,0.3550092596050851
2022-04-08,0.20827831519801537,0.11395786219496346,0.19048226865337664,0.16786890718655084,0.19298280865309245,0.355179241770711
2022-04-11,0.2082757195839422,0.11375080302664224,0.1898427377802104,0.16762181196913764,0.19180186874921884,0.3550610584436775
2022-04-12,0.20465658163836045,0.1119694131915699,0.18695634984092965,0.1665535149443278,0.18931065796721597,0.35309100109662306
2022-04-13,0.20783224992046692,0.11388734996005666,0.18995286895645194,0.16949097870632038,0.1895940158251952,0.3571375760371352
2022-04-14,0.20530208326302718,0.11214549838197138,0.18861509702902615,0.1683096328611458,0.18668311843055396,0.3549503915462124
2022-04-18,0.2021745341712449,0.11049606052598299,0.18358104939787487,0.16552161536999396,0.18250561624573292,0.3490460955649094
2022-04-19,0.20200750378889656,0.11052921188545832,0.18500454399231545,0.16558330346510203,0.1823360839743979,0.3487577956195621
2022-04-20,0.20582043011867754,0.11253925498324921,0.1895464495291601,0.16512046220745266,0.18629153053438102,0.35507641718107186
2022-04-21,0.20673624098588395,0.11233046873679518,0.1850956485809998,0.16780248087916635,0.1856169806289663,0.35503686734589945
2022-04-22,0.2038780528156195,0.1107160211688321,0.1838092192420455,0.16609671724689548,0.18244669005154499,0.351669207430114
2022-04-25,0.1968632824141366,0.10876936193671101,0.18227688304723294,0.16166803259700807,0.17799294835003887,0.34492884080160546
2022-04-26,0.19718712959537846,0.10867387500944395,0.18141032733861562,0.1580170332614083,0.17511359090296155,0.3457370199313625
2022-04-27,0.19365982357264172,0.10789721866751815,0.18164056188732744,0.15964321704231835,0.17606723846200922,0.34913061228891884
2022-04-28,0.19457242803267547,0.10843592125039514,0.1823967582701777,0.16309455799573655,0.17658911862400767,0.35087239504218465
2022-04-29,0.1872680542980379,0.10448643404334604,0.18414506497386932,0.16297271806685498,0.17315379657318328,0.3460592597643093
2022-05-02,0.17938764809478236,0.10104139271853589,0.17996831979830732,0.16035741725390792,0.1662582541959381,0.3401170984724794
2022-05-03,0.18249606986326586,0.10310369360810703,0.17892447417877932,0.15697431352515115,0.16722351681681608,0.3420655325691184
2022-05-04,0.18248641205664098,0.10311211238400553,0.1778145067219718,0.1567431576230225,0.16657096946279362,0.34167126823145044
2022-05-05,0.1733427660379975,0.09896237648651544,0.1740104494192136,0.15277488323916294,0.15971509298346775,0.3349234338800846
2022-05-06,0.16513467548646488,0.09506801943705234,0.1645713997449357,0.1488128553884978,0.14981463198755904,0.32662320459109145
2022-05-09,0.1645733708913993,0.0948882233272606,0.1639561422863791,0.14825285367990346,0.1489227369789018,0.3253993101739027
2022-05-10,0.16013304011750507,0.09304546503833536,0.16335019086139851,0.14673324252705236,0.14709808145563308,0.3262886261155981
2022-05-11,0.1606009418407942,0.09303537945282532,0.16236943484108038,0.1460668567298483,0.14602045456218357,0.3263936136736088
2022-05-12,0.16326160438407053,0.09412366791144898,0.16097414377377683,0.14752206091531575,0.14847830730117847,0.33092046928090657
2022-05-13,0.1668751400393255,0.09603903552256554,0.16470280556924802,0.14724579221345094,0.1542674639036629,0.33555483105556316
2022-05-16,0.16508001970135017,0.09487985040835174,0.16579358320191862,0.1504347505066353,0.1542369199400663,0.3353982138366774
2022-05-17,0.16508287841626731,0.09476894976216452,0.16661002935297833,0.14974375606741014,0.1542662252745759,0.3354435316841173
2022-05-18,0.16451002850464821,0.09486928474955071,0.16682773138213386,0.15057072139802816,0.15476239595518723,0.3361096679707895
2022-05-19,0.16094515394676445,0.0938095446897897,0.16659638684123548,0.15529071817080614,0.1581355341084674,0.3438014519240328
2022-05-20,0.1613311854735843,0.09408682637668576,0.165822845666127,0.15369430737836973,0.15547516970708972,0.34102116185982995
2022-05-23,0.16105936227882717,0.09399014389929013,0.16527515993103384,0.15333398109998783,0.15528437091458158,0.3402504056288866
2022-05-24,0.16014124061476095,0.09387499875538688,0.1644737359651001,0.15362040738480864,0.1551942678693058,0.341367139558907
2022-05-25,0.162203321656438,0.09471098539172518,0.16275653662272108,0.15411009354630809,0.154910125014293,0.343414529777653
2022-05-26,0.16324802574927746,0.09639933989092148,0.16282891716390385,0.15443558002241642,0.1504971757930859,0.34401518678911397
2022-05-27,0.16386882803590913,0.09562638977669209,0.16301959975484812,0.15468186094314973,0.14678068408331227,0.34439362475851815
2022-05-31,0.16058862007845764,0.09377186167482846,0.16707220650999374,0.15572280693095625,0.14466446759671464,0.3438079483382762
2022-06-01,0.15979433870527956,0.09307187859257175,0.16424317726696344,0.15728829194781224,0.14194254822618277,0.3402552538252114
2022-06-02,0.15942553537493176,0.09245661982299735,0.17061999559034616,0.15604206524507147,0.14034674030318003,0.33645552715641336
2022-06-03,0.1560752703970913,0.09057264265798161,0.17018317959685209,0.1529483041845301,0.13854358676443246,0.332931733389229
2022-06-06,0.15394376371377483,0.08924077552695145,0.17247374003516724,0.15392634411988995,0.13717258494120602,0.33020149583533676
2022-06-07,0.15708255188848536,0.0906132248668247,0.16973787629841355,0.15632652360367932,0.13697738839831625,0.3288753577068586
2022-06-08,0.1552592997162719,0.08955927839240822,0.16672336554163367,0.16533147516331848,0.1355519109699439,0.3253816624709406
2022-06-09,0.15489153042388426,0.08953795204357612,0.1634011718125766,0.17564333219464315,0.13305600705379245,0.31868569587008433
2022-06-10,0.1526521187763559,0.08885978366849247,0.16453436819945852,0.17613889989306866,0.1333344238086289,0.31908163242589427
2022-06-13,0.15032865024276915,0.08812090082640818,0.16531775673801755,0.17350046567518831,0.1297926842501428,0.3202547567997322
2022-06-14,0.1381293190995915,0.0818503451814763,0.15422514185337938,0.157970730777725,0.1106338983110295,0.30512972628562546
2022-06-15,0.13918097787838374,0.08259080614177391,0.15231059383965762,0.16096532421791518,0.10998534829171643,0.302840116418077
2022-06-16,0.13887726216430396,0.08270839360862878,0.14836094659932503,0.15693034946976625,0.10658741256931084,0.2995173221075615
2022-06-17,0.13795998255821154,0.08234048799004093,0.14968144445930534,0.15727595372142725,0.10642290418466793,0.30349260078640294
2022-06-21,0.1386613184193397,0.08280216273016124,0.1511593784821681,0.1575101892447745,0.10650634424180136,0.3036830960463933
2022-06-22,0.13661227241282015,0.08225165579364063,0.15369095733394592,0.15935217755495037,0.10820418590742914,0.30537498430122095
2022-06-23,0.13646952730754003,0.08237040384186832,0.1470105210660793,0.15864171021638276,0.10797295259072377,0.3034380578377417
2022-06-24,0.13551475550221861,0.08163513355640326,0.14951810276590638,0.16063396847666317,0.10659027369086868,0.3016612704845054
2022-06-27,0.13348462611010087,0.081296933636566,0.14977349849762703,0.16290836136956147,0.10669840792086818,0.30375096391064904
2022-06-28,0.13349117252806325,0.08118838613953008,0.15032795522470918,0.16287794842878126,0.10670632218852075,0.30341280393600145
2022-06-29,0.1322249076100672,0.08044310311726571,0.1502868780929209,0.167544985363441,0.10591871844498565,0.3023000852789807
2022-06-30,0.13336932128343632,0.08117660288918947,0.14909736470500348,0.16807878836448112,0.10833757000635479,0.30320823846725936
2022-07-01,0.13339128579536388,0.08119923776906995,0.14903673679076884,0.16920679151810689,0.10841001149957556,0.3033858962193838
2022-07-05,0.13263530193420195,0.08072509518128411,0.14730497406733423,0.16834385247551495,0.10654387539582481,0.3017679857255906
2022-07-06,0.13344257132391363,0.08070254635131648,0.1477225456800788,0.1626359533105625,0.10718457944250508,0.30353501870085076
2022-07-07,0.13389630326917107,0.0813620859279828,0.14651924462319785,0.16009402953980417,0.10815628773903992,0.30389193660225733
2022-07-08,0.13470654156066447,0.08195870088282654,0.1508682269872567,0.1621285637580685,0.10740401903659884,0.30722356566502085
2022-07-11,0.1349445455429839,0.08238879351946211,0.15055843154312828,0.16234794316096565,0.10788746219674554,0.3072906217810978
2022-07-12,0.13539374191911444,0.08235146691220832,0.14888470467104392,0.16329310789148085,0.10811938627540878,0.3085906816637751
2022-07-13,0.13524281950270556,0.08243987709326372,0.14915344445450807,0.16430884484169284,0.10812686627276129,0.3085780672659466
2022-07-14,0.13605028860325358,0.08302421091375063,0.14973257470993556,0.16445292561294678,0.10858809024696044,0.30877527546067507
2022-07-15,0.13606952745945003,0.08299082071758554,0.14935840841798623,0.16364192476931105,0.10938777009686985,0.3088003593817306
2022-07-18,0.13522515592252518,0.08314230778894861,0.14918725374019795,0.16454717183797268,0.10791868258043746,0.30893402929947034
2022-07-19,0.1362013314785536,0.0840735261349434,0.15203119848251148,0.16528350498835562,0.10804020609610114,0.31061822228489383
2022-07-20,0.13355430583019948,0.08281741497220835,0.15208001787802017,0.1654882976252772,0.10607507211779926,0.3107766798484311
2022-07-21,0.1336763445761018,0.08271579957830223,0.1515806773618623,0.16660406033600822,0.10528511544676704,0.30917913224243254
2022-07-22,0.13136752206347346,0.08145845400923679,0.15026530925218,0.16070459729233588,0.10248017199211987,0.30485465785146754
2022-07-25,0.13261576597513725,0.08212555234947021,0.14946532548027522,0.161470404148038,0.10354143584122363,0.30685018478214965
2022-07-26,0.1356266186064846,0.08332185866763253,0.14989986506481048,0.16336384993870032,0.10443511813974679,0.3085583792662649
2022-07-27,0.1347810826260299,0.08277089529852906,0.14996989066812783,0.16716249609964745,0.1042879890637813,0.3071577630938176
2022-07-28,0.1334153502172579,0.08117890309352452,0.14876846075323644,0.162943112430038,0.1020913024314864,0.30345643536749534
2022-07-29,0.13209536817571368,0.08057438111276706,0.14848032408611478,0.15962150603211167,0.10069932758048286,0.301621712647626
2022-08-01,0.13383723469453168,0.08187094573876623,0.148788651012211,0.1604159468020551,0.10112708953529624,0.3022902452804235
2022-08-02,0.14012759985006792,0.08533523981522562,0.14735856447870177,0.1613361141848415,0.10362994369190597,0.3054107573133952
2022-08-03,0.138668361020733,0.0848191436703209,0.14484127528838933,0.16447769668852066,0.10235953012191577,0.30230449643708013
2022-08-04,0.1370505711081598,0.0833769969186584,0.14271519051393797,0.16357306866914595,0.10132375194125892,0.3005955609173115
2022-08-05,0.1423758239447026,0.08590154464718096,0.1446464912270183,0.1623512307554988,0.10348046891938104,0.30429218751229314
2022-08-08,0.15030959093636614,0.09115705713750613,0.1484240525214489,0.1634916248320671,0.10829092251103546,0.30955792089578504
2022-08-09,0.1506673197986085,0.09150836434835113,0.148553481495129,0.16238987295972698,0.10880419702726635,0.3099478318111455
2022-08-10,0.15555721986647714,0.09388179708723299,0.1487155436175169,0.16517634987772759,0.10934455360166595,0.30964536590625347
2022-08-11,0.15374034459524138,0.0929925219709926,0.14908455403573215,0.16642236766664648,0.10752023534220315,0.3100592213591506
2022-08-12,0.15329526045590283,0.093466788819258,0.14608525682379056,0.16561810957538545,0.10624786455416733,0.306298575759183
2022-08-15,0.1509807762669121,0.09226606588113566,0.14428258063383964,0.16670682129776612,0.10474400130327674,0.3039771870830403
2022-08-16,0.15211215811436204,0.09356453114123371,0.14445889639202655,0.16351312352887754,0.1037656895846363,0.30130334814002785
2022-08-17,0.15196005745498925,0.09368474486506059,0.14408146228091442,0.16488571817303058,0.10332682581370614,0.3007229318459068
2022-08-18,0.15180513575396046,0.09338875710397995,0.1426879682785772,0.162963646107673,0.10103324061672765,0.2972898747375489
2022-08-19,0.15823752644917266,0.09662861826352016,0.14281795954301324,0.15957406616012934,0.09967839071039884,0.29122182147489933
2022-08-22,0.15548128614453022,0.09468236876020249,0.13956157762904609,0.16117049050102938,0.09787572197677909,0.28795843080534145
2022-08-23,0.15193860659123004,0.09267674928417043,0.13977060278354592,0.15983638343645898,0.09620881217676786,0.28655694936663506
2022-08-24,0.15302852519653237,0.09274378639484342,0.14076267239975276,0.1586197516116294,0.09589208278031719,0.2853847139692784
2022-08-25,0.152393477160576,0.09316438587521356,0.14247454908010382,0.15857112952921693,0.09555017027088211,0.28348953935826293
2022-08-26,0.15082002733213634,0.09237446464183172,0.14019473911518743,0.1577699025067262,0.09621304838339301,0.2817279575320868
2022-08-29,0.14636756071101173,0.09022438706424685,0.13975100934602397,0.155488565879761,0.09560075821231322,0.2815650606331748
2022-08-30,0.14941072013147894,0.09208764529506829,0.1394624494535253,0.15554346670670727,0.09637074662640162,0.28167398942032434
2022-08-31,0.14938642806810612,0.09212883101399628,0.14287389602556502,0.1564377135626477,0.09678177428970136,0.28250512521666143
2022-09-01,0.14898064039750925,0.09189525442410305,0.14183540065199124,0.15617481439085024,0.09636783971424541,0.2816644793993048
2022-09-02,0.1517585589841559,0.09391753025854495,0.1402897509845054,0.1592907792542885,0.0969548908698149,0.2830351890401462
2022-09-06,0.15357958608355463,0.09550729535150382,0.14089881367946028,0.1597928926831281,0.09798856241057152,0.28480795350393023
2022-09-07,0.153031426408497,0.09508773633202883,0.13856700564513588,0.15900197872083974,0.09803501251517924,0.2837562952713815
2022-09-08,0.15046746899144617,0.09360947143697751,0.1365530964818461,0.15651823902797343,0.09530154728746079,0.28153038589382307
2022-09-09,0.1512399514779112,0.0939119284063679,0.13677532631068437,0.1565654337437196,0.09599074628983859,0.28232311522408693
2022-09-12,0.15268307741000411,0.09419023964945004,0.13642308595862593,0.15544306078305856,0.0961273991092987,0.2814926325574027
2022-09-13,0.15654814155109942,0.09630332243675634,0.1354675418285298,0.15760665402232682,0.09829264250206973,0.27986987825397963
2022-09-14,0.16091520496292958,0.0987858694882555,0.14869690192391416,0.17528505388761753,0.10985150298528841,0.2930101468590811
2022-09-15,0.16101306824365846,0.09871523279402505,0.14988345525152033,0.17626631094496403,0.11034176511397752,0.2930985206134306
2022-09-16,0.16369388881484734,0.10084707904360482,0.15511083618852994,0.17670593209491367,0.11650435104417019,0.2976020962284906
2022-09-19,0.16797006905263825,0.1030480741686504,0.1523043006965643,0.1760107250193057,0.11804582855306467,0.29212192216117006
2022-09-20,0.16732982090528808,0.10304804102948487,0.15205657986228074,0.1765864193294805,0.11775165130327196,0.29155257071965424
2022-09-21,0.1681282172919794,0.10291662739431988,0.15138956876384393,0.1737447901141145,0.11441777964061083,0.2873474045475048
2022-09-22,0.167292638682212,0.10293300981601142,0.15709786069379267,0.17510358937252637,0.11528457729807529,0.2898861486396669
2022-09-23,0.16672272448179945,0.1026577636254396,0.15171770404118315,0.17484470495561624,0.11500584604461091,0.2886423674719802
2022-09-26,0.1705106022666002,0.10402498426235716,0.1510958792970957,0.16733850045816528,0.11215859392932884,0.28519195529538716
2022-09-27,0.16905446875171562,0.10357456028919382,0.1480270087327754,0.16448669814076586,0.1102501512596886,0.2837180439285255
2022-09-28,0.1718019990661658,0.10596043305114689,0.14310556686280826,0.16387040978492237,0.11153905673453605,0.2831584356855738
2022-09-29,0.16376657821707916,0.10178093443019288,0.1327910994634439,0.1503651182493257,0.10419055643734225,0.27508581067200943
2022-09-30,0.1607173364870551,0.09968955745070746,0.13302026522024918,0.15033952610626516,0.10290897558811704,0.2744200680881713
2022-10-03,0.16035302956344316,0.09928605087927687,0.13335053799100585,0.15058756146216534,0.10402557013778851,0.2749224007953494
2022-10-04,0.15162185974871675,0.09617901880627473,0.12874380113030678,0.14341052980720925,0.09942912879656124,0.2681850943913024
2022-10-05,0.14532230533333407,0.09347293429565978,0.12965023399507897,0.14322336587335346,0.09443002162291265,0.26714272338638045
2022-10-06,0.14588398083025939,0.09413142771691184,0.12894445057216372,0.14210369023913777,0.09642014883709843,0.26583799115041856
2022-10-07,0.1451887674079009,0.09392398348489041,0.1292936015615288,0.14196275032203112,0.09625168663736194,0.2655858491405172
2022-10-10,0.14014240968890568,0.09064032467314867,0.12962309511222087,0.1390674838348127,0.09400315319700997,0.26253356136797545
2022-10-11,0.1397344383500227,0.09030333718022236,0.12838735940850746,0.13573669475334643,0.0925135629002561,0.26159234530183473
2022-10-12,0.13968226158199754,0.08995788956424379,0.12929900524221988,0.13608872683480897,0.09240052895899835,0.2616009233847371
2022-10-13,0.1394376630387862,0.0898595960583337,0.12900228134940783,0.13792348347579128,0.0922301928201363,0.26117855120723793
2022-10-14,0.139089916629876,0.09025846728103284,0.13033900826686123,0.13874441605989854,0.09477909804197568,0.26380563062484724
2022-10-17,0.13670034854863958,0.0884551095386689,0.1302712289484352,0.13654490147632625,0.09535630511589734,0.26326752085534194
2022-10-18,0.1367250531939386,0.08794290962943492,0.12998482396041053,0.1361826149076309,0.09538427217694698,0.2626492061946005
2022-10-19,0.13574028884350703,0.08806386275276108,0.12954921398177682,0.13667406913105426,0.09471699903140729,0.26173449483224837
2022-10-20,0.1369374767859708,0.08909424921832644,0.13126080286097747,0.13819376633967845,0.09601584252265455,0.2632484529504377
2022-10-21,0.13623632169453254,0.08909073938722166,0.13186080698275732,0.13756688340540132,0.09524885406360059,0.26177275719032367
2022-10-24,0.13398356806827927,0.08830362281637859,0.13136042855828514,0.1337891317753997,0.09464385879880786,0.26309245970793377
2022-10-25,0.13387687083816652,0.08875889334189772,0.1313829086807176,0.13375214448579062,0.09507174244123771,0.2631842122221603
2022-10-26,0.13504249102367885,0.09122547211149212,0.1241790638236384,0.13433775795804592,0.09480825728749183,0.2616318778166401
2022-10-27,0.13702545654344142,0.09145974007667726,0.12441268816273676,0.1372530135115865,0.0968915867123049,0.26431323144798874
2022-10-28,0.13855900448320638,0.09206351806801044,0.12383788450274247,0.13788327809449932,0.09667460927738007,0.26519114098125285
2022-10-31,0.13666463795771513,0.09043387275342604,0.12891700128970032,0.13835181317583578,0.0966760903136285,0.26712561170209065
2022-11-01,0.13685645720968373,0.09038035921108886,0.13106149442438006,0.13823242949673584,0.09491534787183374,0.2675715259700407
2022-11-02,0.13918784608008203,0.09282007950404865,0.1334165507872189,0.13781072168004388,0.09611257678730828,0.2697100824491403
2022-11-03,0.13629588920401287,0.09062931459265405,0.13324561658234896,0.14142050120977692,0.0954017539590032,0.2692757034470989
2022-11-04,0.1361504638335412,0.09025881242462533,0.13636488529031995,0.14294705537748217,0.09534198930690516,0.2696861301334827
2022-11-07,0.13633801464436426,0.09038271159401196,0.1390353152384578,0.13247083988286348,0.09570244076230841,0.2722836376766479
2022-11-08,0.13605464946754312,0.09028590740828575,0.13892314361448568,0.13274842637855458,0.09626195578647595,0.2726699976127523
2022-11-09,0.13748908652296812,0.09162118977691247,0.13692702147649163,0.12615072511183942,0.09837467606248176,0.2715053604655746
2022-11-10,0.13622366133654776,0.0910372968242755,0.14001231384516769,0.12634778966099358,0.09763506938431561,0.27224682349109947
2022-11-11,0.11871125276706596,0.07743993381501152,0.12309648112441172,0.1125087541076586,0.08474119119054543,0.2582274328317879
2022-11-14,0.11819938934331309,0.07684579209224676,0.12286537316965872,0.11318047297618461,0.08445859017980677,0.2577337716186505
2022-11-15,0.11803590557909208,0.07677661992573678,0.12310255475504525,0.11315355780337595,0.08423689084814218,0.25770662085792745
2022-11-16,0.11770747016563957,0.0764538025878109,0.12139508444156234,0.11324994965360972,0.08419116194207324,0.257364584970781
2022-11-17,0.1181727253219726,0.07665311528208268,0.11902205275207463,0.11380248943366642,0.08459780148216955,0.2585898148501441
2022-11-18,0.11895677135579485,0.07727324108152202,0.11998475387413728,0.11409199549026468,0.0854062767190602,0.25923323770092915
2022-11-21,0.12043838117722293,0.078290373413128,0.12008743959491497,0.11428000010138906,0.0864639105324507,0.25972505254147754
2022-11-22,0.12043037555330716,0.07818519932309623,0.11999640425672965,0.11441942026114979,0.08652739898790542,0.25975277619967235
2022-11-23,0.11953741047515212,0.07766408225803297,0.11863174150523362,0.114198719600959,0.08590449416963833,0.2591158053718102
2022-11-25,0.12015400711247343,0.07803782886652359,0.11810053343261603,0.11402285913060992,0.08640076222282228,0.2592548947709717
2022-11-28,0.12353976110333069,0.07998431923904233,0.1178866742200276,0.11466746713139514,0.08812608575538093,0.2579838000716949
2022-11-29,0.12297609967216819,0.07994814734329471,0.11824624985480175,0.11433686505386434,0.08747489221566548,0.2584179413468075
2022-11-30,0.12346663399450232,0.08008220108716715,0.11783420046379352,0.11479796762318219,0.08786568924202959,0.25854793756845623
2022-12-01,0.11955619410318631,0.0765354262358915,0.1170912529986318,0.11341252276655743,0.08587888155795545,0.25698403132403264
2022-12-02,0.11957675838402554,0.07653775316793056,0.11351099795081218,0.11172980883442302,0.08583967901096613,0.2569984112404645
2022-12-05,0.11982470552517037,0.07668490938050355,0.11277013001489183,0.11189906967597607,0.08571630919264432,0.2566360686826991
2022-12-06,0.11822580462457255,0.0760456535145774,0.11416672271269125,0.10936672495573889,0.08466967130502909,0.2555595976584948
2022-12-07,0.11958728309448025,0.07673006191264663,0.11557310647129146,0.11097354599826972,0.08687103443070257,0.2578166104940169
2022-12-08,0.11962279529182564,0.0767004645688895,0.11345787580825564,0.11069004792064592,0.086713821471791,0.2576034555651511
2022-12-09,0.12028090502207049,0.07722485858071367,0.1134692493569785,0.1108814672170437,0.08685974395650688,0.25769371406466557
2022-12-12,0.12051385782619257,0.07741709685932362,0.11079661481253449,0.11094962743879275,0.08691996716042659,0.257662158956982
2022-12-13,0.12723852408651384,0.08197604337468198,0.11123142448954788,0.11221875122816669,0.09176622895619058,0.2587189452312007
2022-12-14,0.1266616735199757,0.08161582489146005,0.11053270758332458,0.11007929381959657,0.09058200009560421,0.2578644946157468
2022-12-15,0.12715682709062345,0.08206396546903717,0.11057468454123041,0.1130708785776739,0.09074962710659766,0.2581142476185729
2022-12-16,0.12509880731192263,0.08037922895787498,0.11093294772327734,0.11097538566860914,0.09073248144916808,0.2583441270065808
2022-12-19,0.12494350732190718,0.08047199114574835,0.11055062850464382,0.1106937672188842,0.09065422863982683,0.25868942605625544
2022-12-20,0.12507495327656135,0.08021420027531419,0.10971319290934498,0.11083806121013864,0.09133725005498741,0.2584904049529431
2022-12-21,0.1261303484586378,0.08059367483997407,0.10949573987959622,0.1091073362920835,0.09126162257617723,0.2582049770962768
2022-12-22,0.12597296707315497,0.08068991645414031,0.11243541638117444,0.10936864904935688,0.09132236508688778,0.2589122968459916
2022-12-23,0.12612642235316301,0.08006705662802054,0.11236434250771635,0.11042313638792858,0.09246353853201206,0.25858208844798247
2022-12-27,0.12707634604957022,0.08045489211188389,0.11354448853801019,0.11221312020397453,0.09445757422420796,0.2597878901154516
2022-12-28,0.12694261784069918,0.08010136171553853,0.11482649406292957,0.11179706278188858,0.09321602546242201,0.2596094241055282
2022-12-29,0.12943052070973457,0.08161518346297691,0.12185096925937289,0.11593899144471274,0.09548308646887524,0.2631541779504933
2022-12-30,0.12990806696935378,0.08176504665520457,0.12103576004471908,0.11561350205947236,0.09476369707077995,0.2626918504790954
2023-01-03,0.1313057672910553,0.08242192922960324,0.12153377297309467,0.11581184208343304,0.09527213024776347,0.2632927528389759
2023-01-04,0.1356740190304873,0.0843082130961505,0.12245264168155778,0.12136732652160946,0.09805813823170101,0.26657706009641724
2023-01-05,0.13947035237648464,0.08583273770665575,0.12118773862763549,0.12200088107457403,0.10142843504898061,0.26586128302194384
2023-01-06,0.13891709900813085,0.08549688746855626,0.12168322611618775,0.12080556002448169,0.10166130341699303,0.2660476980338872
2023-01-09,0.13552472910674104,0.08323778453366246,0.11889221932218844,0.1168678589363582,0.09853499866966975,0.2630551445275053
2023-01-10,0.14055427892652816,0.08631026226128355,0.12015540413753151,0.11898584358999591,0.10112224404557905,0.2648487294071117
2023-01-11,0.1416326296105888,0.08690082828226872,0.12068825573282306,0.12224140398587346,0.10385691307303031,0.2664022491309165
2023-01-12,0.14105459457387834,0.08662223810338668,0.11935998347368189,0.12208654693629915,0.10333065705686716,0.2658820472989875
2023-01-13,0.14089713401279233,0.08642268385070503,0.11756215520671899,0.12110615797667836,0.10289184103202795,0.2653612893690635
2023-01-17,0.14298446122630637,0.0866145966634589,0.11664838337280962,0.12002130581367107,0.10206424520995838,0.26325464935844084
2023-01-18,0.14696232299290757,0.08892360537786104,0.11730809084868349,0.12184220667966468,0.10249236107557239,0.2644142733551407
2023-01-19,0.14914247113914345,0.09094540936247696,0.11553067135299726,0.12197543597606698,0.10440346585392486,0.26525705208580924
2023-01-20,0.14985272481777778,0.09109227878135297,0.11558005907550205,0.12067855823868938,0.10455962392107819,0.26602608513163384
2023-01-23,0.1503700506141592,0.09081690853979354,0.11746312775544869,0.12435188107344217,0.10746971969535139,0.2695759255430829
2023-01-24,0.15117908592809534,0.09051241925361686,0.11962547612837696,0.12526322118805225,0.10871283766246129,0.2711767768054079
2023-01-25,0.15354845253600952,0.09100000540538537,0.12017606610236475,0.12680272671049622,0.10911793028125431,0.26961123931602116
2023-01-26,0.15386998595789456,0.09091572470946085,0.12037044530759707,0.1267144969363954,0.10876126509295163,0.268774021087243
2023-01-27,0.1560480303606408,0.09181145140807392,0.12487058370102103,0.1264609987344125,0.1107981904183722,0.27113119785575013
2023-01-30,0.15590351536086725,0.09241784815896874,0.12509982465002062,0.12596162482606613,0.11017986217814363,0.27003936907231524
2023-01-31,0.15400490599794064,0.09168212613890288,0.12460928229320554,0.12511477949869762,0.10959394102379658,0.26841312632955183
2023-02-01,0.15417751092748203,0.09195911792413292,0.12314153644772124,0.12502690435532235,0.10812386905287856,0.2648561859496032
2023-02-02,0.15378668085932495,0.09128558575107365,0.12286713647695559,0.12506092757842457,0.1103426829556857,0.26447616624382353
2023-02-03,0.1545020796021544,0.09010043291579604,0.12450372363189492,0.12170514927165028,0.11159835342210492,0.2673816602052605
2023-02-06,0.1572399289275428,0.09142751414720132,0.12226388461178189,0.11527746751563361,0.11030255096494389,0.2653962972587515
2023-02-07,0.15802400666664185,0.09235447091198407,0.12223359518677736,0.11569388449164958,0.11060509866045398,0.2657075852985252
2023-02-08,0.15739951089093443,0.09152872455845379,0.12290556464607999,0.12217049234723872,0.11045196635887215,0.2642729471635147
2023-02-09,0.15661055150206443,0.09071114960477497,0.12355515350604399,0.12238048993760753,0.10997161816506536,0.2640601494070603
2023-02-10,0.15539740590594975,0.09014425718450679,0.12277293766935586,0.12556841304623964,0.10876336600389247,0.2629968153495238
2023-02-13,0.158640852415393,0.09122024865829313,0.12168379365074831,0.12578301982435833,0.10997528647726308,0.26255646005997435
2023-02-14,0.19861819854667973,0.11271926339025475,0.13900235604455718,0.14532045434056426,0.13771166936117563,0.28202310844986894
2023-02-15,0.19947034433058544,0.11358553064619017,0.1389726566336095,0.14567290765015625,0.13786510848220931,0.2818060515173552
2023-02-16,0.20092773216508222,0.11404347424621325,0.13859769986148848,0.14442109329335623,0.13969590212083838,0.28237836994003357
2023-02-17,0.19891765306221582,0.11311374660513161,0.13862108085102656,0.1444539651004382,0.13970427145119388,0.2822628197014793
2023-02-21,0.19861538208238003,0.11307188482199333,0.14071380961814037,0.14372953744344236,0.13875585135328913,0.2807814656337863
2023-02-22,0.19175768420914135,0.10991261741381352,0.13753199466548188,0.14300127158762638,0.13175624388173005,0.27820761020920726
2023-02-23,0.19208989308260077,0.10999993617767134,0.1374622005784248,0.14335419398325824,0.13098203832781033,0.2784250699826995
2023-02-24,0.19187990483769882,0.11015852440246753,0.13690495803801128,0.14381255545635865,0.12879866461606507,0.2782852307981328
2023-02-27,0.19183086385787798,0.10932280917883655,0.13647455811816883,0.1424064466619599,0.12853609548735284,0.27721577775248907
2023-02-28,0.19270310136894067,0.10978883341287043,0.13889687334292047,0.1430827434290066,0.1285887480609086,0.2779855501898498
2023-03-01,0.19266073178705828,0.11001738919400923,0.1389093848997647,0.14295888849256572,0.12867673164570265,0.27815142926358444
2023-03-02,0.19553614177205358,0.1105344925558437,0.13812588956835017,0.14359783773120646,0.13107145917142407,0.27804834394992634
2023-03-03,0.19493403212756302,0.11062479334429111,0.13858456632660868,0.1438611455232442,0.1314955041275959,0.27816128645941035
2023-03-06,0.20544616759702652,0.11726926301894632,0.1354666523339746,0.14499501613776528,0.13488592883246714,0.27912693206644607
2023-03-07,0.20557711335886775,0.11734394534573797,0.14237282718524408,0.149301369103719,0.13530164906874523,0.2793033997156788
2023-03-08,0.20178094989584766,0.11644611282417167,0.14296797472983414,0.1444801514084182,0.13367371950480622,0.27856998783735926
2023-03-09,0.20941379725851753,0.11938399623570742,0.146531326716217,0.15118566489279048,0.13745964452851991,0.28274739052880515
2023-03-10,0.2075842049593035,0.12004468791940509,0.14800158637002617,0.15000851407168744,0.13707401637902614,0.2829275708433899
2023-03-13,0.207877971845122,0.12106089406581412,0.14519788011669035,0.14696787154052318,0.14002456019758636,0.28734053024085215
2023-03-14,0.20813429326593014,0.12103331835362482,0.1447368130293623,0.14022015439681648,0.13884577036298335,0.2864436998608853
2023-03-15,0.20756923977346572,0.12061813819403726,0.14969705915665085,0.14147703250578395,0.13914699930100724,0.2900121825179342
2023-03-16,0.2094970371563183,0.12082521223814431,0.14648582809050162,0.1416502543595892,0.1389609126210252,0.289319072304325
2023-03-17,0.20908570006509591,0.12034419689901349,0.1489671247666748,0.14708645098860879,0.14284270954358178,0.2937122877588852
2023-03-20,0.20982961431421082,0.12168211468341987,0.14880819662761638,0.13918569309442597,0.14414300237496222,0.296584392338782
2023-03-21,0.21856653752191488,0.12792266023649312,0.1492958049037574,0.14378808695223588,0.14523374570744346,0.29846313343948877
2023-03-22,0.22088032132202168,0.1292264264512828,0.15131816572442505,0.1411225883288316,0.1442564085114379,0.30173547994434513
2023-03-23,0.2216887009386401,0.1318372390368485,0.1551624977309289,0.14141192306052647,0.14781648483109705,0.30766473478198125
2023-03-24,0.2205832153101759,0.1308067584769215,0.15714558851683327,0.1418884205143457,0.14686409055012617,0.3062082870744462
2023-03-27,0.2237408906890948,0.13186563478884705,0.15746573398062522,0.14060077059654222,0.14912436874634424,0.30698736838306934
2023-03-28,0.22756149118681232,0.13530943755134944,0.15308046251470273,0.14154221154056898,0.1502668344398886,0.3074374677676431
2023-03-29,0.22744568391048792,0.1347635333524503,0.15457640040257892,0.14083957842692743,0.1501919431627051,0.30691072377759987
2023-03-30,0.22604167482944953,0.1357039424152247,0.15883989498213932,0.14172187604587044,0.14979023125118185,0.30863065488771124
2023-03-31,0.22957769604838488,0.13748875592547524,0.159797416424615,0.14207946804369515,0.15541883249177232,0.309953668825064
2023-04-03,0.23309238980032923,0.13994556545473447,0.160132121498063,0.14276393437290535,0.15802426117586252,0.31208137586659346
2023-04-04,0.233418698578124,0.13996460889371418,0.16146114538546702,0.14263230397423335,0.15809346649568018,0.3123375733091561
2023-04-05,0.23298397449330605,0.14018608967143253,0.1641075608195547,0.13995337838063626,0.15765003564654295,0.312126931571567
2023-04-06,0.23501363859392632,0.1401819018943425,0.1658600448671425,0.14147301989769728,0.161684614811846,0.3141864345553258
2023-04-10,0.2389640211169883,0.1429141019564973,0.1668490668217004,0.14351569942761758,0.16216614210451885,0.3159232691474612
2023-04-11,0.25651798530956754,0.15167590585229176,0.17295441352116836,0.15111756075033575,0.17529604186824096,0.326928180706876
2023-04-12,0.2568920441045727,0.1514223923154556,0.1733924126162537,0.15101240641142463,0.1758520125293327,0.32735571200089286
2023-04-13,0.2562796427838973,0.1503149611638578,0.17571546240425176,0.15041033857887653,0.17531486420538883,0.32624121343203394
2023-04-14,0.25750901807012183,0.15074507098988402,0.17869945485322844,0.14964482612360727,0.17626209268369084,0.3282118662327962
2023-04-17,0.2576094848409315,0.15077982658273334,0.18215438310404256,0.1470308127454635,0.17752200106455715,0.3283935246966537
2023-04-18,0.2570628460547832,0.15057034536986097,0.18114891338889583,0.14775830027645567,0.17683390471253768,0.3276505854935056
2023-04-19,0.2574844557260021,0.15071083152138046,0.1816388427856204,0.1483915825936177,0.17748518568031,0.32801520020321784
2023-04-20,0.2591564197231105,0.14973266344540892,0.18581678612612035,0.14581652111020715,0.1740481861200704,0.3227426982016294
2023-04-21,0.2597251306528415,0.15004113947504102,0.1852411822252321,0.1482307332281229,0.17542364193891405,0.3227200554963538
2023-04-24,0.2633469744080647,0.15236496132336647,0.18562556553843426,0.14522524787247365,0.17285897858965943,0.31842659121462163
2023-04-25,0.2656018373733349,0.15485530089772484,0.1841649325476644,0.1447366634630896,0.17202250389099044,0.3174628300731757
2023-04-26,0.2622719283777247,0.15361804426147813,0.18606197187329376,0.14619710703051028,0.17380951290143679,0.32093725153276687
2023-04-27,0.26145196861545206,0.15334033854723497,0.18444778873525983,0.14581063766441002,0.17296364980818305,0.32050519266330885
2023-04-28,0.25639397567681416,0.15148660683379067,0.18411635593816855,0.14728265920990483,0.17332460373235364,0.32155429370522565
2023-05-01,0.25377781014137657,0.15099537972465543,0.18014488690563013,0.1465641287754959,0.17208280266363507,0.3198978321636805
2023-05-02,0.25806324753834853,0.1547127378050128,0.1718153141193872,0.14677491787408553,0.17292450974642284,0.32073670298898277
2023-05-03,0.2648217827824266,0.15844880091153377,0.1698783473938475,0.14609077563960546,0.17899995880459235,0.32733489772685426
2023-05-04,0.2715495012974976,0.16438470511014425,0.17437689955284663,0.149896377481234,0.18780700056705163,0.33390270768639846
2023-05-05,0.2719392797918465,0.17298619604430376,0.17119610820759423,0.15279274088147154,0.18671152917757836,0.32947823263964876
2023-05-08,0.2790215865586309,0.18029637534204762,0.18138307585602942,0.16524607994641988,0.1994494057048546,0.3450658814116293
2023-05-09,0.2815058728169655,0.18218113029698124,0.1809682056089775,0.1661662545299089,0.20236019184649495,0.3469689723442779
2023-05-10,0.28452137564405944,0.1853391499559019,0.181062132224475,0.1653365002889089,0.20230260488013493,0.34618308474905435
2023-05-11,0.2855437265144402,0.18711215202275205,0.17939321030287206,0.16438361889872322,0.20013472508515803,0.3443676228082661
2023-05-12,0.2913155572652659,0.1907184397122923,0.18160782892292957,0.16639499005988118,0.20505254644390083,0.3489482910802707
2023-05-15,0.29040406524880824,0.19053462271867536,0.1815801553027694,0.165733235544766,0.20714850607685015,0.34780110570428796
2023-05-16,0.29476800500866374,0.19360204316120555,0.18180846589086244,0.16688340821663944,0.20823573002084242,0.3490684242053047
2023-05-17,0.29192135368976574,0.19300321099547782,0.18076851938730681,0.16343668921066767,0.2041655156623904,0.34714364487814864
2023-05-18,0.28846170400056,0.1921406432279655,0.18163182871454586,0.16486068047086602,0.2039925223298344,0.3472736282536781
2023-05-19,0.2988383217741372,0.19848622211265252,0.18780765495611546,0.16642809030566982,0.2131992787762958,0.35611154209471685
2023-05-22,0.29846537759966957,0.19892492463807296,0.18756051369448165,0.1651815006609487,0.21364027741214317,0.35549654145055753
2023-05-23,0.3192867783322721,0.2133902299192234,0.19669997640003514,0.16973345491334166,0.23593141754530095,0.36495814288982664
2023-05-24,0.3161090306769775,0.21100260845914132,0.19828890020833345,0.1709930386486002,0.23729528402861705,0.3663111379783302
2023-05-25,0.3144876112528819,0.21066152294351387,0.19885909212437022,0.16965592158309012,0.24051181794181278,0.3658240341543311
2023-05-26,0.31548843771766805,0.20815068332896094,0.20021141507864518,0.1685273897121801,0.24292583368867435,0.3646962404738714
2023-05-30,0.3135608557333214,0.20299311398344655,0.20097200368015164,0.16974446380391683,0.24538750332581727,0.36734205947334636
2023-05-31,0.31451269732257664,0.20336946773223682,0.2002322222778933,0.16972876858054675,0.24445734232722155,0.36769950175952504
2023-06-01,0.31376196732425987,0.20384364469303126,0.2007916442947362,0.16991833445959734,0.24418184526386266,0.3675025639645126
2023-06-02,0.3137595348004004,0.2037681628250242,0.20227381480953505,0.16978487305902312,0.24199982090394795,0.3684137936020691
2023-06-05,0.3118519953280825,0.20548204806523743,0.2057246347010829,0.1660773776336072,0.24624318792535105,0.3646207563466388
2023-06-06,0.3114888612092836,0.2053847056378574,0.2064449174978362,0.1661317858790783,0.24606453296225136,0.3644851968136932
2023-06-07,0.3154160421920029,0.2055221758917454,0.20367347581233222,0.16831351292470503,0.24754672335531677,0.35952806982389746
2023-06-08,0.3172109225944806,0.2020398845072174,0.2023321611472017,0.16737530452343807,0.24868862453091112,0.3623531026967511
2023-06-09,0.326552973194244,0.2042676650139558,0.19883874217211933,0.1649355402326205,0.24641528043178362,0.3589897989552767
2023-06-12,0.32824777888444934,0.20353271974784978,0.21051853008609303,0.16638975753588794,0.24068300866077288,0.3506282050849471
2023-06-13,0.32534016969338375,0.20040129805346504,0.20955367174403094,0.1728230830021068,0.2427581677473867,0.3491236097596266
2023-06-14,0.3284566051328493,0.2029121556149546,0.2095213300765481,0.17032096987913226,0.24405147640917102,0.34473746288734486
2023-06-15,0.32887480491447735,0.2014184849522004,0.21329214897346208,0.17005239003890188,0.24387241688000372,0.3424897542409544
2023-06-16,0.3314920315887041,0.20652116763004633,0.21079471600804428,0.16798333282655276,0.2436123531149683,0.33959639883168424
2023-06-20,0.33205473671568997,0.20239980267562338,0.21070590480509663,0.1787665796903837,0.24258304157187466,0.3334899345413316
2023-06-21,0.3327940490220359,0.2022909393677248,0.21121576570164793,0.17706397584945824,0.2428422850354826,0.33379298502365046
2023-06-22,0.3320091871729423,0.1975426906449033,0.20943109760824952,0.18116237298837756,0.250636592692432,0.3292180588930954
2023-06-23,0.3430672684692171,0.19726297881434446,0.2070661812523961,0.1825999192154859,0.24570446590851688,0.3242991863400395
2023-06-26,0.33937624257314186,0.1963989552774609,0.20554371800695795,0.186307195242227,0.24762259288261684,0.32475129601759534
2023-06-27,0.33915377582672146,0.1929054129250917,0.2059131609296826,0.18884420039921895,0.24834596102210132,0.32483748889718395
2023-06-28,0.33382886390867866,0.19050513862709587,0.21486688512782798,0.18962508385164717,0.24743327563051437,0.3237407528542359
2023-06-29,0.33450295409857117,0.19139493884998732,0.21460706132158147,0.19133155069148866,0.2443848851018965,0.32377860993647495
2023-06-30,0.3372239315711641,0.19158377401757018,0.20564496404290183,0.18895368600479542,0.2576358479794318,0.3189577963841368
2023-07-03,0.33424437127190787,0.19062991244842692,0.20431749156987372,0.19059168343655522,0.2601106491932682,0.3201058920799681
2023-07-05,0.335010912451433,0.1894628381803387,0.2035706114615821,0.18715319481474357,0.2712932459512251,0.3135091971406775
2023-07-06,0.335163210212754,0.18984139122024518,0.20280646595921867,0.188492962474943,0.26996368444587504,0.3137322856869642
2023-07-07,0.33388104906189137,0.18919664179878948,0.2006774773905003,0.19861040055361018,0.2634222012033226,0.3142122299918859
2023-07-10,0.3325009881123917,0.19004754830640866,0.20166340422964074,0.19581493086643173,0.26709250015719777,0.31288062832792934
2023-07-11,0.3325748895900816,0.19015114903083477,0.2016861790550506,0.19679484380512527,0.2660919972365144,0.31270094128239334
2023-07-12,0.33157063464933734,0.19032724192842,0.20512071487667227,0.19775248764008438,0.2622844590824465,0.3129444618230394
2023-07-13,0.33315256749842326,0.19214055209754297,0.20499718555663335,0.19577578855419256,0.25751427635199703,0.31641962994121087
2023-07-14,0.3342505542003418,0.1921831000610256,0.2037941151062016,0.19741969162004383,0.2544500090873627,0.3179025299250246
2023-07-17,0.33760512641599033,0.19421475611623423,0.20225715600657154,0.20094100179136393,0.2501318901385041,0.3148500695313358
2023-07-18,0.3356999349367486,0.19252017045056696,0.20204276362073317,0.20868939071513165,0.24849380720280992,0.31255393307400964
2023-07-19,0.3349575662038806,0.1926538748399451,0.2044721741585413,0.2052587814402268,0.24936670808880876,0.31329089526859727
2023-07-20,0.33531979519771105,0.19282220635501263,0.20265270709167768,0.20598832533989309,0.24960691666646173,0.31361004934924386
2023-07-21,0.3355878788447334,0.18557656323420993,0.20227212858534935,0.20801277228741902,0.2517256635368441,0.31682499351144416
2023-07-24,0.3368767595193977,0.18599549980191846,0.20297321108063288,0.20770629311714942,0.2505685324840517,0.3158797039968497
2023-07-25,0.3358531775284009,0.18565932810199362,0.2028741579795699,0.20982730380006176,0.2505140889265271,0.3152719436634467
2023-07-26,0.3354192017800126,0.18556830311956085,0.20434721016168456,0.2088217022484038,0.25094043962461315,0.3149031430657251
2023-07-27,0.3459879475449138,0.1884307242989704,0.20504464681249523,0.20541321727075132,0.2454657089626311,0.30965775511023813
2023-07-28,0.34438903729894493,0.18831370286647348,0.2008080576923946,0.19903179798122583,0.2395994254367846,0.3099766269042786
2023-07-31,0.3523468054264663,0.1894025011660232,0.19738997467833666,0.1928499406190615,0.23220962335242018,0.30338607453473154
2023-08-01,0.35685238629907656,0.19038751592851125,0.2030922272050487,0.19345960210217214,0.23449961452090243,0.30470814868805496
2023-08-02,0.35442478800483035,0.18937194670814297,0.21292889935881731,0.19026234576814047,0.23303351603759706,0.303339413694262
2023-08-03,0.3360613627756017,0.17544275163132553,0.2173857690773044,0.19332001432561344,0.22188682579295305,0.29145271392052846
2023-08-04,0.33702389025219864,0.17523232309042644,0.2064738998602019,0.19478099259874615,0.2193896398429997,0.28967732988601436
2023-08-07,0.34158031577888404,0.17620506597933241,0.20181543275968,0.19744874197966963,0.21860773113333334,0.29162334744400387
2023-08-08,0.351335656761765,0.17763194076034203,0.19731470049578784,0.2018283668664495,0.2175168947115001,0.2870410039399009
2023-08-09,0.35125531856503,0.17707932069244028,0.19860011769544544,0.20203233227419673,0.21946138184292335,0.2887688927915411
2023-08-10,0.348945671322001,0.17563003870139465,0.19795973925393898,0.20366102345814957,0.2202174883417105,0.2886233924061334
2023-08-11,0.35129136793844407,0.17749151431570503,0.19654617626734583,0.2046414435382422,0.2247503541776234,0.29000149097885397
2023-08-14,0.35004350018178004,0.1757544635940111,0.1982280133188401,0.20587379779639078,0.22376010507743255,0.28865419568240047
2023-08-15,0.3506391760873253,0.17568961563198499,0.19988014986967467,0.20645937309039722,0.2262483995276545,0.28969557129210627
2023-08-16,0.3387266292951699,0.17301922524173055,0.200164439106129,0.20578065380779312,0.22393175938428678,0.28843290185174997
2023-08-17,0.336794246131364,0.17046577268204832,0.19862701597435087,0.20933478200627031,0.22779692179596683,0.28733957798388804
2023-08-18,0.3382398719113715,0.1691759174870307,0.19761208394397833,0.2086542641070448,0.2251580537777357,0.2860424054276118
2023-08-21,0.3387054035422533,0.1706205889000066,0.19535190942773617,0.21219942140606357,0.22223373781106928,0.2823415626953946
2023-08-22,0.3379829110863883,0.1685146659091367,0.19382787952371894,0.2172924244666689,0.22296136981228673,0.2831977191887648
2023-08-23,0.3375180222060698,0.1686289358248199,0.19268565322852463,0.21737839652960822,0.22521769675787012,0.28345166589088205
2023-08-24,0.33249774428261886,0.1646684624579496,0.1777690934815376,0.20747957885060328,0.2165551310611932,0.2768812083172629
2023-08-25,0.3237528563705139,0.1594805496240669,0.17778048505318841,0.21030074964166784,0.21908573666070003,0.27728392257208057
2023-08-28,0.3211333691112542,0.16301981896250353,0.17547185467470675,0.21161203179938717,0.2150746823515108,0.27396723250850696
2023-08-29,0.3293932081178146,0.1707626202720822,0.1773552036133949,0.2129372007787595,0.21836997848458184,0.27519440933958644
2023-08-30,0.31461503332693064,0.1631889180150141,0.17485500659589762,0.2074784153455589,0.21338823620331906,0.27151283772557033
2023-08-31,0.31523109505949776,0.162791572136454,0.17540335124932524,0.2063422949509463,0.21370112060332436,0.2702657521769864
2023-09-01,0.320651988635057,0.16502863265820084,0.17637838716423063,0.21044629758566513,0.2183030704187005,0.2718976207979849
2023-09-05,0.3258074147607668,0.16256656289233512,0.17161774509036545,0.21692252579612337,0.21678713221229673,0.2671253496862071
2023-09-06,0.32339962053052296,0.16196910501998735,0.16863673952832794,0.2148324289453231,0.21092290481942277,0.266141663208618
2023-09-07,0.32011945980514567,0.16086133170426764,0.16918652632211265,0.21410010186607523,0.21043284503312124,0.26620491895344345
2023-09-08,0.3233203729643388,0.16555918668327288,0.17328119221462698,0.22332232070405952,0.21499629437423376,0.26870979345221424
2023-09-11,0.3275316984853977,0.16853077512231227,0.17668611109170385,0.2359837425340652,0.22084775100382706,0.2707781691166432
2023-09-12,0.32609615572959716,0.1674250223591664,0.1764545573099612,0.23647374023841372,0.2209948165910339,0.2712900777668283
2023-09-13,0.3284532732377366,0.16909226031824404,0.17613245879782297,0.2351943933932408,0.220976049454309,0.2715144857769422
2023-09-14,0.32884866343893515,0.16863513279924566,0.176273986737206,0.2367598703128393,0.21909418187864904,0.2699235035340319
2023-09-15,0.3257725284931049,0.16898539628474024,0.17751293544976401,0.23750211456372536,0.21967627671514,0.27076404527091197
2023-09-18,0.3305281860604652,0.16947234657405263,0.18195054177333034,0.24178296833662388,0.22393617543324804,0.27517877048602857
2023-09-19,0.3318605047961502,0.1702819661159037,0.1815403030337111,0.2397852125167639,0.22514882703786812,0.2756227259787119
2023-09-20,0.3314935764755184,0.1692797210559262,0.18104987765344335,0.24552454466309387,0.2235671530319408,0.27405962283006585
2023-09-21,0.32849297378571535,0.16936779616116546,0.1813590592887256,0.2461825974555955,0.224861791012006,0.27467487106325483
2023-09-22,0.30603901295851227,0.1628906279121863,0.17008137267931764,0.24355175577531948,0.2144466706657664,0.2680930403358345
2023-09-25,0.30702888460829764,0.1631430182680714,0.16971289212945104,0.24201377337082702,0.2133891913127048,0.2666068518515154
2023-09-26,0.3084466536934201,0.1659077384830213,0.1638439396339326,0.24146381467363118,0.21413544037559507,0.2678513961381113
2023-09-27,0.30111200989339265,0.1654656891855676,0.1624129745620868,0.23647218016312607,0.21129099089064304,0.2655425287891112
2023-09-28,0.3020476833931474,0.16594984007322605,0.16333568189995812,0.22799683344675523,0.21547350767897452,0.26636062324997795
2023-09-29,0.30064388825471156,0.16478060225202887,0.16597744440179518,0.22638118234990576,0.2133913178997117,0.26596995108853655
2023-10-02,0.3115150457282847,0.16988614284069653,0.1703560746253992,0.22620663972364244,0.21814366164844157,0.26889714539112625
2023-10-03,0.31322150841945895,0.16979401977075265,0.16850883183349533,0.22212772935301697,0.21539218073283417,0.27024064001793197
2023-10-04,0.3021861266153865,0.16458284184651964,0.1631256103876621,0.22046303034620765,0.20422406666488116,0.26801138943110536
2023-10-05,0.3009840874958393,0.16238764950605564,0.16116166502238766,0.22017793482834822,0.20600657479545648,0.26736716700957996
2023-10-06,0.30036488966453395,0.16196521185308874,0.1608003785577327,0.22331972981856477,0.20543412680765216,0.2666287086455808
2023-10-09,0.29565951190954304,0.159729863661207,0.1609080425927563,0.22301478492502505,0.20928258108718095,0.2685045640532107
2023-10-10,0.29347376978309153,0.15854209270532968,0.15313093965970007,0.20452431271793528,0.20508820855040574,0.2665385317806369
2023-10-11,0.2987945425313926,0.1619253334373211,0.15678268283363064,0.21643637385896533,0.2140210791157563,0.26967925355096195
2023-10-12,0.3025653884131978,0.165631109611083,0.15366036311742856,0.21432935914501158,0.21940563533858864,0.2709374540344976
2023-10-13,0.3000451081226537,0.16497424751097892,0.14742593932688142,0.21367592229116997,0.2214890503874064,0.27007121315812205
2023-10-16,0.30854146508092783,0.16910711180383833,0.1481588855449057,0.18068860328111996,0.2284215162216405,0.2778742949680136
2023-10-17,0.30990335010741854,0.17062555240790023,0.1489739365645556,0.18661764611418613,0.23283489301140517,0.2817351480666916
2023-10-18,0.3104755615675113,0.17064953361491242,0.15011771205854715,0.1865917675680812,0.2308181153874693,0.2819178468818043
2023-10-19,0.30925233731798524,0.17796074124314396,0.15289632979185705,0.1838845741794192,0.23389724215206784,0.28628086272554687
2023-10-20,0.30794327211466344,0.17791112412773974,0.15111360145553013,0.18107756996065474,0.23505578467309013,0.28780459834532457
2023-10-23,0.3056443989611794,0.1764824690694941,0.15153041793509872,0.18267812949616086,0.23601761805607713,0.28980197674391317
2023-10-24,0.3070124060972251,0.1774782680841167,0.15007320998810397,0.1835525954054559,0.23406922319337137,0.2904790989332691
2023-10-25,0.3026791714112036,0.17543903368746494,0.14764879029398414,0.18350420794228367,0.23184678605856446,0.28941925980443184
2023-10-26,0.29712627248502405,0.16887969563813787,0.1470920584549018,0.19042969290330555,0.2362605828403173,0.28989493249664405
2023-10-27,0.30455523257525846,0.17366188449497283,0.14852714877918943,0.19665849414101413,0.244784338684048,0.29666468969774523
2023-10-30,0.3056250728863974,0.1737449579789676,0.14912985229205572,0.19351342807560123,0.24649886576259572,0.2975638827053216
2023-10-31,0.30096027826951227,0.1733304380377191,0.15192492557259002,0.19761334143149345,0.25152046169944486,0.30016365978285486
2023-11-01,0.30826871402006706,0.18001455883301296,0.15400319190280515,0.19940436590329846,0.25517407987131174,0.3032466150717874
2023-11-02,0.30002888535695993,0.17422352291493143,0.1517029603958461,0.19711451848353473,0.24131361071345378,0.30032755307961817
2023-11-03,0.2807695988584314,0.16715232155285947,0.1471106099201445,0.19337843494282247,0.22607061343840254,0.2945508637447529
2023-11-06,0.27782488746462314,0.16481199711425107,0.14575754721218767,0.19142420902960647,0.21480549805077156,0.2917175912530656
2023-11-07,0.2774339751085985,0.16498721087923132,0.14613739583522142,0.19033222053447038,0.2130699938335385,0.29103647202400823
2023-11-08,0.2784906856106874,0.16540858188952087,0.14455444661413341,0.19053704870826063,0.21310135867308225,0.29107933104001205
2023-11-09,0.2793480320075937,0.16595453120655818,0.14435495659873318,0.18810541524195795,0.21376342015331676,0.2919954384995426
2023-11-10,0.2770773064102544,0.16549886894299293,0.1407970569286921,0.18745630645931527,0.2101064315188885,0.2915616780229159
2023-11-13,0.2715948188209366,0.16242197773187558,0.1412157069163066,0.18525347274200105,0.20911176030651354,0.2930264465853593
2023-11-14,0.2764177067967752,0.1639662495360962,0.14173836740526857,0.1852196503569039,0.21050570281661105,0.2937704016619329
2023-11-15,0.26176196174520194,0.15778003242466754,0.13580816416473002,0.18076151550002717,0.19925213433997388,0.28800226379165617
2023-11-16,0.2638320298969951,0.15936528098920058,0.13492720893743995,0.1807974823643437,0.20006153251645065,0.288301345444325
2023-11-17,0.26345098387965366,0.1592030237982437,0.1338377710861512,0.17773247055958477,0.19971336416322777,0.2878977068774194
2023-11-20,0.26314265170490486,0.16065046304618083,0.13401827500930388,0.17692385690542445,0.1984696935631244,0.2864600880115961
2023-11-21,0.2618478070412018,0.159384975162269,0.134072335480252,0.17671015059572792,0.1983208162170914,0.28629238167514126
2023-11-22,0.2690423373600356,0.16364313106966563,0.14020616623059312,0.17918552475153082,0.2062396593875996,0.29079860175441113
2023-11-24,0.27622006945027394,0.1697688840127084,0.14086798504646997,0.17928626319698907,0.20980570295898135,0.29189283221556644
2023-11-27,0.2776760295100843,0.17027370968302674,0.14020776118575695,0.17897188493899843,0.21100948576440945,0.29204352832699926
2023-11-28,0.27932732735251997,0.1711727181140971,0.13867358367921373,0.17869031443240305,0.21251963370211227,0.2928216893058659
2023-11-29,0.2895289523948038,0.1787376859628214,0.14106812494085094,0.1790064280148142,0.21685029424327007,0.29634549428881257
2023-11-30,0.2903778972165655,0.1792334346702973,0.14014377745872178,0.1792742787507897,0.21471739949010274,0.2966960380587703
2023-12-01,0.2901116448059435,0.1792572261148629,0.13958232800071557,0.17890714240917605,0.21445688314643355,0.29681476516029554
2023-12-04,0.2857350185688235,0.17714921248815121,0.13713462002500623,0.17094095885248342,0.20677913213721133,0.2933824370383415
2023-12-05,0.28384406605034745,0.17495411515193757,0.13749672862517268,0.16176961943722015,0.20907263192489792,0.2917836715065538
2023-12-06,0.2869185223828089,0.1768222471178683,0.13542023114984236,0.16264093875225727,0.21077493812873044,0.2931093910465984
2023-12-07,0.2869963895432726,0.1772932215409589,0.13465691798623217,0.1626973385013266,0.21173047590389493,0.29346888146654954
2023-12-08,0.28579315620723633,0.17538095230407502,0.1347653964868505,0.16301523340675442,0.21210088697958385,0.2940504413843459
2023-12-11,0.2863638173179031,0.17662834368830685,0.1345712251642567,0.1594146510525984,0.2115204199626891,0.2938250127722825
2023-12-12,0.2879492914836254,0.17814051352245616,0.13502152586021066,0.15807072987114015,0.21228995258065914,0.2945119034909595
2023-12-13,0.28731828587165037,0.17754946982369763,0.1349353762176263,0.1581336636193926,0.21237135830263673,0.2944108340865833
2023-12-14,0.275375581446978,0.17136458291941,0.12852656145100286,0.14650261493408007,0.1897427669475139,0.285928553496062
2023-12-15,0.2809467796474592,0.17571043061146016,0.12561661097627572,0.14661679884484743,0.1902393887066911,0.28593861098211637
2023-12-18,0.2807198173467468,0.1755671073096677,0.12571974327877,0.14560351098030516,0.1896270765146441,0.2859539164517942
2023-12-19,0.2811135093296378,0.17593530820553954,0.1260201143612901,0.1458533639054184,0.19120299098495286,0.2867549868939764
2023-12-20,0.2834857129210485,0.17898045349860636,0.12565531772429542,0.145025625336665,0.19068127876674779,0.2860776425144775
2023-12-21,0.29230639573727446,0.1843444934777028,0.1318260182737984,0.1481979307337357,0.19909880669596963,0.2916253567729868
2023-12-22,0.29040595513126555,0.18303347375947654,0.13169298195443746,0.14774468932489482,0.19821996498857955,0.2916119007549966
2023-12-26,0.28964739052477595,0.18249054761557781,0.13494088685688688,0.1476004830962164,0.1975956592517557,0.2905961430337103
2023-12-27,0.30196499997919596,0.18801957368143946,0.1359970773543635,0.1491963509091072,0.2011101146508581,0.29250719028537997
2023-12-28,0.3027002276650793,0.1884192779197159,0.1351729128683719,0.15216127167411855,0.20140432008180675,0.29313274513595566
2023-12-29,0.30249585886635644,0.18837734043208043,0.13430470274149064,0.1516003458728634,0.20036793362085673,0.2923796920014037
2024-01-02,0.30208772898315334,0.18758496203912156,0.13351756711739965,0.15347517292876298,0.1988512574146501,0.29215428163164425
2024-01-03,0.29824045196135207,0.1816761911000456,0.1344005978324519,0.15464273271028103,0.20005370661355742,0.2904007736930953
2024-01-04,0.30769034283518815,0.1873827050234783,0.13965438213455994,0.15536797698624133,0.21216531575328434,0.2941851448191854
2024-01-05,0.30792274092535765,0.1887768192342129,0.13853789598912022,0.15537765150181437,0.21118528470966133,0.2941117181800022
2024-01-08,0.3083268745992448,0.18925082554680814,0.13810739070726194,0.15566188943680018,0.2113357130626957,0.2943321384181458
2024-01-09,0.30458980051137563,0.1863452474817843,0.1384187886724741,0.15373450733123967,0.20867628516717712,0.29303277996376
2024-01-10,0.30821872001096806,0.18839279783715437,0.1422816266191997,0.15984728678582896,0.21428410107302534,0.29597692436783074
2024-01-11,0.30823494606733803,0.18832463861403162,0.14214331482814171,0.1598656310537128,0.21452925037384601,0.29613822750900926
2024-01-12,0.30855358711352665,0.18890565334396234,0.14462834903514046,0.16056809978149056,0.21442217422517548,0.2963286916702634
2024-01-16,0.31340438522964953,0.19070701429446815,0.1518988530152405,0.16088952663793993,0.22007476301362863,0.2985322246087645
2024-01-17,0.30726512038572523,0.1897765311125425,0.1476947046805199,0.17358722432734938,0.21044725281236992,0.2920318060281903
2024-01-18,0.3039585454745701,0.18744968537352613,0.1477780534883546,0.16863621224538003,0.2048608604804553,0.2875565064012177
2024-01-19,0.3029776681388239,0.186231393948654,0.1487699334710725,0.1682579927287157,0.20868316924630353,0.28884840740462747
2024-01-22,0.3063239377860603,0.18408625549809804,0.1489190386951577,0.17131541155456242,0.21100102614956848,0.2873972674770307
2024-01-23,0.31032461486701807,0.1854284726203772,0.15244218242591298,0.17323339197316517,0.212340062945883,0.2861044544774836
2024-01-24,0.3185940138323977,0.18924696656130877,0.15060855044912402,0.1718972724143732,0.2103300584934093,0.2841543624505012
2024-01-25,0.31856809747544157,0.18864755509260908,0.15055661301776138,0.17011138051055355,0.21016652085434268,0.2834297850775262
2024-01-26,0.31989439332100117,0.18964709467714455,0.1516845776134681,0.17004754929193863,0.20805965432775284,0.2837961456946082
2024-01-29,0.33805730685112206,0.20420535978650237,0.15835368878570955,0.17185936766108997,0.2137434942502842,0.2863065039188708
2024-01-30,0.34261392134115254,0.2098700171622896,0.15575920450387148,0.16718374248659001,0.20944885977331945,0.28008750201399135
2024-01-31,0.344515033218869,0.20694472833123326,0.15527250160002104,0.16953295003676092,0.20887392073163705,0.2793477454416774
2024-02-01,0.32908786336368934,0.19844644903998726,0.15611122486443138,0.17132281401206423,0.2085802976193702,0.2810182950950577
2024-02-02,0.3197912238547089,0.1947004285195805,0.15212491235959918,0.1679059757531177,0.20455674790693246,0.27778671807949223
2024-02-05,0.3266146403612603,0.19903547781102962,0.15312437617980965,0.16951124935920361,0.21213646748174408,0.2836060542916851
2024-02-06,0.34288508909041715,0.20442512537588617,0.1534241088015665,0.16970143686934294,0.22045835119601428,0.28488826572548404
2024-02-07,0.34769474553700974,0.20678040333765732,0.15379858354505122,0.17023988822293046,0.22969386351503865,0.2862674666755018
2024-02-08,0.3461216379129636,0.2060838514135087,0.15499994471198594,0.17218144836437924,0.2331587214896126,0.2870491692217696
2024-02-09,0.34519551777154367,0.20667066197841397,0.15582224061927527,0.17224563873644913,0.23247540788695412,0.28642412702007786
2024-02-12,0.3435439048361952,0.20500825612163243,0.1577138794163853,0.17384740828278553,0.23166601574407242,0.28561927574215573
2024-02-13,0.3518919214484307,0.20760671503883638,0.1647075375809307,0.17490764556308872,0.23833633304181048,0.28730061240627564
2024-02-14,0.33462927605133014,0.20194935655528423,0.15556650464834162,0.16699654052527782,0.2220929029597057,0.2770082633274969
2024-02-15,0.3313155704172301,0.20048691065769836,0.15518993098195943,0.1672111201223454,0.22086896209198079,0.27643365364350886
2024-02-16,0.35937510246220766,0.2145844838170718,0.164133999156169,0.17238338079183257,0.2367457528170358,0.2837463523354411
2024-02-20,0.35565956803390786,0.21148772487509473,0.16601138332684018,0.17219369879982546,0.23677249363299405,0.28349512565567125
2024-02-21,0.35313839826407045,0.210168560991801,0.1681445276747654,0.17479948132060194,0.23737731836023293,0.284448304110548
2024-02-22,0.3526788700443713,0.20921565794775931,0.16741053000025277,0.17458842754494014,0.23655007739367911,0.2841000617001547
2024-02-23,0.3319588190291675,0.1957841634103295,0.16763011944810433,0.17476413893356277,0.2344733646133359,0.28423011812941207
2024-02-26,0.33228844537714847,0.196139785174712,0.16548316807618169,0.17643638894585384,0.2341249822875959,0.2837539238986354
2024-02-27,0.33015570757544305,0.19576408012728405,0.16511689948395897,0.17647620198985592,0.2318661607647076,0.28324170860560105
2024-02-28,0.32999882489649274,0.1958276125094777,0.16610002698761003,0.17690442569802878,0.23203578897445462,0.28303913052962687
2024-02-29,0.3296090747558005,0.1946448314686833,0.168481548869367,0.1776043389100484,0.2316239186854915,0.2825438269095424
2024-03-01,0.32838258266770787,0.19318886098255808,0.1674500125513179,0.18092762162515966,0.2324755409810349,0.2816147177254662
2024-03-04,0.32238094410154966,0.18844480571493996,0.1671463316648551,0.17048266164133885,0.2319213268192303,0.2788458783053918
2024-03-05,0.32394110647442087,0.18933750532190022,0.16968771387582876,0.16647793727286395,0.23395602136190433,0.28045394257778317
2024-03-06,0.3236998061814732,0.18640629422814164,0.17502574190359044,0.17551592522436793,0.24690153713307206,0.28611893815343287
2024-03-07,0.32726560931483467,0.18904030606400707,0.17576376855083775,0.18794287152553418,0.24884691185209262,0.2874334701572953
2024-03-08,0.3221763422007522,0.18524813703462945,0.18083178695766577,0.18690071965720517,0.2473973601719844,0.2857993676212095
2024-03-11,0.32061767648362166,0.18190179374634452,0.18325718200852079,0.18549389631584878,0.24733507982368583,0.28571102500940676
2024-03-12,0.32113856984638905,0.18310127273462087,0.1833288629326816,0.18501799154723814,0.24684053602439063,0.2849874613856277
2024-03-13,0.3199177373349003,0.1823592354034474,0.18477213274425686,0.18836406128686925,0.2498110705966349,0.28730444694232704
2024-03-14,0.31867071211588155,0.18116394385077783,0.1839734112056693,0.1915043198626899,0.24938946272719362,0.28655045304001886
2024-03-15,0.3170410607205178,0.18073855510224415,0.17980029710649337,0.18987873991885768,0.24457308339957157,0.2853835019216009
2024-03-18,0.32879256581258476,0.18433169252261708,0.19309903730202643,0.2096119648115131,0.2919263475395094,0.29223839201174917
2024-03-19,0.32509816429254645,0.18185393453510434,0.20475183082425946,0.20875453286283616,0.28977076874262675,0.28977076874262675
2024-03-20,0.32398287306608403,0.18157428949787918,0.20406121015449835,0.2122266171870414,0.28907750504724855,0.28907750504724855
2024-03-21,0.3234542890079028,0.18129154433161365,0.20619339122811023,0.2091238928323824,0.28934273632167795,0.290594146278313
2024-03-22,0.32350956889463817,0.1808586023725994,0.20628260616269134,0.20966914996467828,0.2898400363026964,0.2898400363026964
2024-03-25,0.3331468835486521,0.18316780091164253,0.20336476603836773,0.20620782806422697,0.2869070638382465,0.287205657598864
2024-03-26,0.3343782192845015,0.18364177134331205,0.20290784333095974,0.20671114119443426,0.2861805124233962,0.2861805124233962
2024-03-27,0.33385839935897693,0.1833921187232562,0.20305633264204603,0.20707445987911333,0.2863093446983039,0.2863093446983039
2024-03-28,0.33283583407175454,0.1843980083427634,0.20183270040961515,0.20808303734540062,0.2854149862091751,0.28743543362129104
2024-04-01,0.3317738689580158,0.1837627919206379,0.20848595311013363,0.20263696861995834,0.28667020869562737,0.28667020869562737
2024-04-02,0.3331819656831952,0.18488298175959225,0.2037962953742356,0.2026607453631362,0.28712064869513815,0.2883573631247025
2024-04-03,0.3323337086121938,0.1847362931721785,0.20569196643389723,0.19777427869207304,0.2897318765448287,0.2897318765448287
2024-04-04,0.33354880691272004,0.18911418617086873,0.20514249161230688,0.19565296696448706,0.28827077416980856,0.28827077416980856
2024-04-05,0.32969404707619065,0.18776455788370236,0.20526566192222764,0.19807400045994308,0.28960086632896814,0.28960086632896814
2024-04-08,0.3289906423837727,0.18815502064883008,0.20744963946019426,0.19214173921959074,0.2916314791438062,0.2916314791438062
2024-04-09,0.3286630444560678,0.18797728030540645,0.20896745638102496,0.1915924543758847,0.291399882240808,0.291399882240808
2024-04-10,0.33371643535571077,0.19164947389516346,0.20672528503842857,0.19205791796092714,0.287925443874885,0.287925443874885
2024-04-11,0.3322022023506234,0.19305382651709366,0.2016466438835533,0.1911502492905061,0.2892653283286193,0.29268174962960397
2024-04-12,0.33358597582540656,0.19141034830900472,0.20317179361225268,0.18506266944679955,0.29189763418869047,0.29487157861784613
2024-04-15,0.32339979191214313,0.18767852032575563,0.20427489265279092,0.1798311328445263,0.29574241439834337,0.2963739989348148
2024-04-16,0.31671747940636347,0.1844658073395316,0.2016702734475302,0.17619291839278817,0.2905314681053979,0.29845201945231714
2024-04-17,0.3193882295883297,0.18564951248233788,0.2077102884098657,0.18059871324977503,0.29900292086375235,0.30035927908661797
2024-04-18,0.32102536842451584,0.18490537438590915,0.20610159691696156,0.1837395751372043,0.30211404256770463,0.30211404256770463
2024-04-19,0.322243542261294,0.18615764694061124,0.20628654908557473,0.1836984084535391,0.3008069266294904,0.3008069266294904
2024-04-22,0.32436239018201646,0.18526871106753418,0.2059802502879174,0.1834799057579119,0.3004543713523101,0.3004543713523101
2024-04-23,0.32584524466051135,0.18669716195608868,0.21006349183185108,0.1709490521948877,0.30131353650715165,0.3051315128495097
2024-04-24,0.32256532087573836,0.18522721880949958,0.21266992670407517,0.17184824144191463,0.30028789112981497,0.30740140103895724
2024-04-25,0.32238764083668797,0.18541780425165727,0.2123009219337121,0.17361846190592484,0.2989848844989974,0.30729028657302015
2024-04-26,0.3207755466604455,0.1840997005595793,0.21144118592078265,0.17245853705734243,0.305612514900925,0.305612514900925
2024-04-29,0.31880944159036123,0.1822959052282326,0.21162958772006585,0.17337723884805925,0.3069439133066406,0.3069439133066406
2024-04-30,0.3198205250189202,0.18285632700727886,0.21237150583658657,0.17292869264996744,0.30601147474362345,0.30601147474362345
2024-05-01,0.30503264525067053,0.17689982660162795,0.2109871573605669,0.16226675468907453,0.29189161598743496,0.30273173448151697
2024-05-02,0.31419271289002615,0.17983211390873705,0.21042938773898062,0.16036099036620666,0.28561345954423345,0.3005096631995854
2024-05-03,0.32344132616669025,0.18271265181266289,0.22337467415510656,0.16399586067441707,0.28968937483487295,0.30585016563191614
2024-05-06,0.3129751335486151,0.17635770178102536,0.2251909505120335,0.1616783135973502,0.28319016307800654,0.2976955881679662
2024-05-07,0.31040054994531124,0.1753896572477001,0.23575641332823274,0.16180108361054396,0.28888000084908705,0.2983371853071396
2024-05-08,0.31112926763128035,0.17577346333860847,0.23805309037729594,0.16146746787874355,0.29187318757238373,0.29885807336397047
2024-05-09,0.31244927935518324,0.1762748235851275,0.23675744069142332,0.1605060362165377,0.2897133664778244,0.2976894258862794
2024-05-10,0.3104230921374677,0.1757539104079898,0.23606665820472886,0.15716104836710282,0.2889990617972763,0.29683264262073433
2024-05-13,0.3111538012041301,0.1766268281595282,0.2350316359131872,0.15706503382320106,0.28873989548609386,0.2964608703184667
2024-05-14,0.3116021915090924,0.1770330783759202,0.23514661958441788,0.15477734987055528,0.2903410885001555,0.2968469248355672
2024-05-15,0.3217664826487971,0.1804649716078511,0.24367501694284646,0.15882615057663063,0.2976336891119373,0.2976336891119373
2024-05-16,0.32108788458318527,0.1802409267366326,0.24032288824237039,0.15857855002562213,0.2998848752060948,0.2998848752060948
2024-05-17,0.32200840554206567,0.18001981907597556,0.24088122709282384,0.15793876769392096,0.29957589029760695,0.29957589029760695
2024-05-20,0.3237688968576762,0.18132290397532866,0.24055044155156882,0.1550991070514536,0.2996293252819864,0.2996293252819864
2024-05-21,0.3253572938267947,0.1815058450919577,0.23991489106335306,0.1549685963398038,0.29912668683904536,0.29912668683904536
2024-05-22,0.3250882253876929,0.1817509299305843,0.24052538157131176,0.1547171055378778,0.29895917878626665,0.29895917878626665
2024-05-23,0.33952448784748773,0.19036186062323185,0.23693805259006068,0.14587976082420176,0.2936479190575089,0.2936479190575089
2024-05-24,0.33699824894104347,0.1908118472541112,0.2424041623396425,0.1404139793639736,0.29468588105061455,0.29468588105061455
2024-05-28,0.3365424087833098,0.18986721745840512,0.24263293109499354,0.140807604843059,0.2950749189101163,0.2950749189101163
2024-05-29,0.3378672711144428,0.19047855536072195,0.2386038918226464,0.14069231928905737,0.29617898120656583,0.29617898120656583
2024-05-30,0.3361492023916507,0.19089591830982394,0.2368377054676575,0.13975733485907793,0.2974313802873363,0.2974313802873363
2024-05-31,0.3351531108693145,0.19062906168247118,0.23641621602565027,0.1404399716056423,0.29868081990846085,0.29868081990846085
2024-06-03,0.33407916300805046,0.19326051135724795,0.23523331789657265,0.14245670472125718,0.2974851515084359,0.2974851515084359
2024-06-04,0.3355456304886622,0.19385664584060078,0.22870037660368897,0.1449197388786918,0.2983088156873107,0.2986687925010455
2024-06-05,0.33897110795253577,0.19798491081103844,0.22856929234890364,0.14256307676228983,0.2958308613778327,0.29608075074739953
2024-06-06,0.3347951738719127,0.19307200472473451,0.2291987954233311,0.14256440359152223,0.2963787897813203,0.29762100074267417
2024-06-07,0.33928379449381363,0.1964241960843254,0.2290246142377039,0.14227247312219152,0.2955610899627736,0.29743383209919205
2024-06-10,0.3374725837273041,0.19806950956706912,0.2179406325578646,0.12743665737835785,0.2901578244885242,0.29376791097451105
2024-06-11,0.3377662291463475,0.19856084848252448,0.21732690930999443,0.12702170825425715,0.2904249827585442,0.29415672137089105
2024-06-12,0.33945447346696117,0.19885695089132216,0.2134430170518954,0.12671015740166544,0.2867870449216792,0.2906437859053956
2024-06-13,0.3345981091284379,0.1964875687365592,0.21136576540129323,0.1262843595924054,0.2819397575140329,0.289025249807322
2024-06-14,0.3369648326202476,0.19760102477330088,0.2132278153024513,0.12652734283586253,0.28928429126290317,0.29072596949652085
2024-06-17,0.3417822380434803,0.20143438587660767,0.2124891545083398,0.12592577159409593,0.286527526922639,0.291717521711403
2024-06-18,0.34238985954503875,0.20167365422506053,0.2116026271640095,0.1263366625011477,0.2892265753616494,0.29347828201873033
2024-06-20,0.3432256558378222,0.20148971336681407,0.20986898087473776,0.12621699628610006,0.2903826259846131,0.2932429891045349
2024-06-21,0.3485254032508753,0.2029756466652368,0.20986977795617648,0.12676313699796626,0.2941129854529607,0.29475854765423376
2024-06-24,0.34856377016594303,0.20285392827254126,0.20988537191465348,0.12448771621944009,0.29390223156593975,0.29468741773109836
2024-06-25,0.3481252492218184,0.19994019639458724,0.21153129149193992,0.12514658584293892,0.29400672709123615,0.294795172495178
2024-06-26,0.34910666445369887,0.1988538820459303,0.21260024773098116,0.12515992399501447,0.29509847407539797,0.29546716753817837
2024-06-27,0.3492616878580511,0.19905317317856835,0.20799769732416645,0.12425432682700253,0.29392335570395123,0.29521781528382046
2024-06-28,0.3547264319361227,0.20010942996628764,0.21079967889683027,0.12433859643119413,0.2967093904476215,0.2967093904476215
2024-07-01,0.3518168850696458,0.19864699490350754,0.2029142649940575,0.12494644096730388,0.29541841805068847,0.29541841805068847
2024-07-02,0.3532221712890139,0.19891281152649248,0.20452191108574458,0.12605337880491368,0.2963602322815404,0.2963602322815404
2024-07-03,0.3520177524579057,0.19796544091222829,0.2024815599438846,0.12690192739504522,0.29437643932130375,0.29437643932130375
2024-07-05,0.3487584496172925,0.19578148252723437,0.19783048540234668,0.12560320738087152,0.29230108105872865,0.29230108105872865
2024-07-08,0.35437305643118566,0.19712330589442034,0.19475650322997504,0.12281592303808724,0.28820633871572854,0.28820633871572854
2024-07-09,0.35692232756955555,0.1969735979644915,0.19652088988556227,0.12249322776188236,0.2853950672499724,0.2853950672499724
2024-07-10,0.3568158677406665,0.19693249077279693,0.19601507631120316,0.12272385828566763,0.2852908303095787,0.2852908303095787
2024-07-11,0.351215018206756,0.19550455008882017,0.19723935093869707,0.12275803782808765,0.28506302493591196,0.28506302493591196
2024-07-12,0.36859552025887077,0.19559907894311418,0.21460063940091595,0.12636912778819373,0.2974178168044526,0.2974178168044526
2024-07-15,0.3677299956658084,0.19781730693857066,0.21389109201799136,0.12877325588040006,0.29589417474861474,0.29589417474861474
2024-07-16,0.38022193722650566,0.20070054410060048,0.20781571206433255,0.12841033954821204,0.2914257335301747,0.2914257335301747
2024-07-17,0.3902740635583876,0.20425832197056681,0.20637912613812406,0.12588557082051574,0.28660145875620274,0.28660145875620274
2024-07-18,0.3792323846052703,0.1909926782564802,0.21301658440113388,0.12887403068964923,0.2939421610237332,0.2939421610237332
2024-07-19,0.3765896092526264,0.1934718704343492,0.21345449831018887,0.1289315481833662,0.2937762369097347,0.2937762369097347
2024-07-22,0.37123652093346005,0.19195203830151397,0.21261547524951024,0.12576737387927192,0.29295958649259474,0.29295958649259474
2024-07-23,0.37162540633438934,0.19704768609313822,0.21110665845318777,0.12503835509233913,0.2910881309645114,0.2910881309645114
2024-07-24,0.3716988815478872,0.19569451217954856,0.2092066856172919,0.12932911863051372,0.2884278132356761,0.2884278132356761
2024-07-25,0.33537476224989216,0.1743643671045125,0.204210179780405,0.1279524020210182,0.2855107360182336,0.2855107360182336
2024-07-26,0.33437759204626455,0.17307310584956623,0.20509743400490005,0.12612965268082763,0.28657060470329665,0.28657060470329665
2024-07-29,0.3283204121288519,0.17165631806250484,0.2044219062437025,0.12485248368742816,0.2850964279836689,0.2850964279836689
2024-07-30,0.3331664255972362,0.17472164683961686,0.20499342570911386,0.12526129844171446,0.28592766104796746,0.28592766104796746
2024-07-31,0.33320944423557664,0.17298153498164467,0.2071731472066049,0.12524750740089194,0.28758509023843487,0.28758509023843487
2024-08-01,0.34065170470662176,0.16987998184739764,0.20949530592796078,0.12763430156668568,0.2904061629695395,0.2904061629695395
2024-08-02,0.3296466443237959,0.1642049658475225,0.21025366552856448,0.12872428098346805,0.29197082310425204,0.29197082310425204
2024-08-05,0.3273861595165265,0.1664835436283052,0.2020272050594171,0.13460337750480644,0.30513186211535787,0.30513186211535787
2024-08-06,0.29587063898117383,0.16125946614238523,0.2029502054520228,0.132847707479937,0.3049516965571193,0.3049516965571193
2024-08-07,0.30105931267611363,0.1639291348332247,0.19625155547513246,0.13505271287180204,0.3094985362045503,0.3094985362045503
2024-08-08,0.2987298731388772,0.16250876622117832,0.195148296222053,0.13499974738321943,0.3088544090284823,0.3088544090284823
2024-08-09,0.28208065110911507,0.1549914114795951,0.1955629581039939,0.133358420132602,0.3095432984170192,0.3095432984170192
2024-08-12,0.28245753649530725,0.15483210351205362,0.19458090694920327,0.1354064462632995,0.3095400214306614,0.3095400214306614
2024-08-13,0.28244233643226285,0.1548184198574451,0.1952060238144287,0.13341260706361063,0.3095009428664927,0.3095009428664927
2024-08-14,0.27317439191201043,0.14939421634742847,0.1934031554544024,0.1337531593246812,0.30737990585933495,0.30737990585933495
2024-08-15,0.2743013352082076,0.15010291272527757,0.19393083377769332,0.13399206381895218,0.3083604879432808,0.3083604879432808
2024-08-16,0.2781355050949073,0.15153568130273629,0.2004256931871789,0.13909218728648842,0.3169354374403379,0.3169354374403379
2024-08-19,0.278745420881018,0.15183265009932378,0.20071485550786766,0.1351467876667251,0.3174344644437392,0.3174344644437392
2024-08-20,0.2757713549750442,0.1503238106044968,0.2008962785901392,0.1368888624609405,0.3163891966240384,0.3163891966240384
2024-08-21,0.2756383276927242,0.15052362336058084,0.20052743548734348,0.13693311644812592,0.3164424378709976,0.3164424378709976
2024-08-22,0.27544867267317014,0.15039204734023803,0.20068369009492742,0.1368973568538341,0.3163481019086616,0.3163481019086616
2024-08-23,0.27095871692558016,0.1469732037254563,0.19660178956516813,0.13738726050263014,0.31309685425909495,0.31309685425909495
2024-08-26,0.27019992439586,0.1464372774622117,0.1970193412329357,0.1405279827381604,0.3129329104360122,0.3129329104360122
2024-08-27,0.2705873503075318,0.1461357279078524,0.19673910424963756,0.1404356164778846,0.3128126512656064,0.3128126512656064
2024-08-28,0.27017081487353456,0.1459386952350432,0.20032042103168607,0.1410927367044649,0.31233214029719664,0.31233214029719664
2024-08-29,0.2725597108268305,0.14642431572671155,0.2048534277951762,0.1425397363837486,0.31454778668831307,0.31454778668831307
2024-08-30,0.27308929172414026,0.14667966266636753,0.2047986835359462,0.14183418637186818,0.31334898876335,0.31334898876335
2024-09-03,0.27428072664169156,0.1466791607983689,0.20380604271058955,0.14234927641407213,0.31493880834889304,0.31493880834889304
2024-09-04,0.26643408047715506,0.14304107777031028,0.20675703070060283,0.14482032459695246,0.3196468190029682,0.3196468190029682
2024-09-05,0.2657406093091046,0.14275124467237482,0.20589927540031666,0.14563596168250795,0.31904249303623594,0.31904249303623594
2024-09-06,0.27117788600769194,0.14652201698137646,0.20819668429766192,0.14774404905308997,0.3221189577208895,0.3221189577208895
2024-09-09,0.2630173385642289,0.14178608250309474,0.20748025066378908,0.14684562875675647,0.32085501220784207,0.32085501220784207
2024-09-10,0.2622562803608786,0.14182209281744595,0.21609083677724264,0.16575771803426237,0.323122023671933,0.323122023671933
2024-09-11,0.2614045805013834,0.14107288025315293,0.21637567869226623,0.16614274025820505,0.32229975073393063,0.32229975073393063
2024-09-12,0.2608638871451137,0.13958881870982706,0.21896200234379756,0.1669791346896472,0.32412475525451995,0.32412475525451995
2024-09-13,0.2627643670340252,0.14104008240774177,0.2205523214616961,0.16422257578171115,0.3265752199233586,0.3265752199233586
2024-09-16,0.26113524931616733,0.14044005464200615,0.22321315574434739,0.1639086729366019,0.32507321910469833,0.32507321910469833
2024-09-17,0.2608571754101671,0.14033634890748642,0.22274785416979792,0.1656138570797185,0.32474480024552976,0.32474480024552976
2024-09-18,0.26049924510139455,0.14032873487277933,0.22333414479048927,0.16456344551914032,0.32282918709410446,0.32282918709410446
2024-09-19,0.2598105282994977,0.13996647185695354,0.22032403818073998,0.16302415100074424,0.3221929487763629,0.3221929487763629
2024-09-20,0.25313266581985866,0.13630453189431077,0.2201604025873767,0.1611393679310879,0.3207167845081125,0.3207167845081125
2024-09-23,0.2532427757891807,0.13640302888928857,0.21981298857167533,0.16388409013180344,0.3209029523752735,0.3209029523752735
2024-09-24,0.253317866889125,0.13695441049185683,0.21963342206407652,0.16381292963104913,0.3206400161762498,0.3206400161762498
2024-09-25,0.253197431236231,0.1373573697275733,0.21942922517890004,0.1622654741937766,0.3203589771431208,0.3203589771431208
2024-09-26,0.2532736854881162,0.13751291126510248,0.22277977784741393,0.164255823541173,0.32068959094203603,0.32068959094203603
2024-09-27,0.2530820955340159,0.13727537543541876,0.2229359243704514,0.16541963481039773,0.32068974966850716,0.32068974966850716
2024-09-30,0.25592506383645897,0.13859735343749444,0.23385432277371607,0.16548709321789354,0.32382884394280964,0.32382884394280964
2024-10-01,0.25557366057296343,0.1386290449145877,0.24178987178808836,0.16382829212025402,0.32360366523839684,0.32360366523839684
2024-10-02,0.256269043142025,0.13920559161516718,0.24380125283989734,0.16404640454059777,0.32604497603916727,0.32604497603916727
2024-10-03,0.258551811331637,0.1406399286796349,0.2469057075179303,0.16656784343690115,0.3285605452567841,0.3285605452567841
2024-10-04,0.2599350113403551,0.1417457026629692,0.2461910142863817,0.16921212814372152,0.32973664849150547,0.32973664849150547
2024-10-07,0.2590631562793902,0.14135219892713768,0.24220762100933066,0.1727393759680636,0.33055824285893526,0.33055824285893526
2024-10-08,0.254349072032741,0.13923236732012853,0.2384553836127097,0.17036789410488054,0.3268976488551574,0.3268976488551574
2024-10-09,0.25580199612123816,0.1393366581198777,0.23980129462023447,0.1699238595990507,0.3285554726748421,0.3285554726748421
2024-10-10,0.2543165555519836,0.14019275547640506,0.2388232032741256,0.1720179368451409,0.325522602395661,0.325522602395661
2024-10-11,0.2554945843591436,0.14070982158479564,0.23937450632747745,0.17188406728923392,0.326333084657077,0.326333084657077
2024-10-14,0.2548738409447,0.14066748204119656,0.24246177847635875,0.1703319990724267,0.3261772498553644,0.3261772498553644
2024-10-15,0.2567071324307359,0.14163751309503064,0.25023171528829075,0.17795802273379235,0.3292775326453199,0.3292775326453199
2024-10-16,0.26172321239341023,0.1466105406557833,0.24806677692043924,0.17990652729415832,0.33184647136810447,0.33184647136810447
2024-10-17,0.26234610767760963,0.1463981554422387,0.2488691296279957,0.18036069935595267,0.33101295394810154,0.33101295394810154
2024-10-18,0.2630412482708754,0.1466172908939008,0.242183992488592,0.18749086312540741,0.33033330261061217,0.33033330261061217
2024-10-21,0.26451310035325565,0.1474793221002095,0.24223173162178102,0.18574399792855806,0.33001592399809787,0.33001592399809787
2024-10-22,0.2658954878417446,0.14834391809996433,0.23559021297936544,0.18666841935165196,0.3317509808636368,0.3317509808636368
2024-10-23,0.2748757893563942,0.1547169936846182,0.23476493368754345,0.18274814726545738,0.3264470680029933,0.3264470680029933
2024-10-24,0.2729830495706836,0.15372465969527685,0.23592142070320798,0.18502838688029744,0.3261712415752671,0.3261712415752671
2024-10-25,0.274754040643461,0.15354622269474635,0.23576543164900013,0.1853702798110073,0.32528201260089246,0.32528201260089246
2024-10-28,0.2747120950882309,0.15338163822080272,0.23567604200235986,0.185658873233243,0.32528567572768163,0.32528567572768163
2024-10-29,0.27487636069356175,0.1545510269098432,0.23527882519099655,0.18641846803221002,0.3244376595866943,0.3244376595866943
2024-10-30,0.2775626655019139,0.15812485371599921,0.2350952549418829,0.18823474812087712,0.32049123885966346,0.32049123885966346
2024-10-31,0.281149452007287,0.1613873766693926,0.23488430192248244,0.18705672980029586,0.31776106980027097,0.31776106980027097
2024-11-01,0.2757277471022572,0.158271873041321,0.2623866444051132,0.17782339694239896,0.3128951692544548,0.3128951692544548
2024-11-04,0.29824050866613416,0.16268824562062206,0.2512948661396227,0.17721840906696495,0.30527898525332814,0.30527898525332814
2024-11-05,0.2976711846511487,0.16182745099100557,0.2564021947094297,0.17811431695390031,0.30299242634725787,0.30299242634725787
2024-11-06,0.2962634467295897,0.16229052339472894,0.2568787523106438,0.17836486764907136,0.3031012049579831,0.3031012049579831
2024-11-07,0.3014785398034651,0.16855039131993504,0.240764939257163,0.16640804909324763,0.31139904026309473,0.31139904026309473
2024-11-08,0.30207154247519485,0.16770825763034455,0.24022927988479634,0.16382258914113496,0.3130841654342647,0.3130841654342647
2024-11-11,0.302257468167681,0.1678871067322908,0.23606457946997117,0.16691831967804935,0.3134362629760038,0.3134362629760038
2024-11-12,0.30935888325526073,0.1725909884677287,0.23631531351205134,0.15698411336593385,0.3123753506995127,0.3123753506995127
2024-11-13,0.3096127924414106,0.17305624726021235,0.233101900506073,0.15738258602271085,0.31342323688479656,0.31342323688479656
2024-11-14,0.31674831346970617,0.17766222518527686,0.23034343707671964,0.1542932590036958,0.31047638263230076,0.31047638263230076
2024-11-15,0.31369095644146666,0.17652933953463765,0.22922737626569928,0.16081473947779398,0.30986879414020124,0.30986879414020124
2024-11-18,0.31081990747999927,0.1724560796264258,0.2314001670852466,0.16179081402989012,0.31176651588921916,0.31176651588921916
2024-11-19,0.31138024525998564,0.1725224952327224,0.23391962935312627,0.15716377432682288,0.3125069279136714,0.3125069279136714
2024-11-20,0.3117818137218886,0.17253293903854067,0.2332941474553999,0.1564775760997842,0.31295676184219334,0.31295676184219334
2024-11-21,0.31280354101288993,0.17438413299435285,0.2336598307052974,0.15748237825364703,0.3108350585169064,0.3108350585169064
2024-11-22,0.31451540856181354,0.17464702521910666,0.23422436280608108,0.1576387203984944,0.30948724150725204,0.30948724150725204
2024-11-25,0.3148892318021186,0.17599338277619342,0.23426019981979804,0.15572312769572755,0.30956702895308125,0.30956702895308125
2024-11-26,0.3209117835131068,0.1795301119929415,0.22117833137384968,0.1469468044147596,0.3157164843526713,0.3157164843526713
2024-11-27,0.32154088912089074,0.18077407465825054,0.2204449844507536,0.14728169919424144,0.31497917628793193,0.31497917628793193
2024-11-29,0.3213563992015174,0.18016561589958993,0.21972047605045153,0.14773281813414516,0.315512345357148,0.315512345357148
2024-12-02,0.32277838482195265,0.18055461942491408,0.21915675093480672,0.1475346188290521,0.3149878129946372,0.3149878129946372
2024-12-03,0.3369966556196922,0.18773204234609267,0.21924032771245827,0.1428501934525664,0.3065903904345952,0.3065903904345952
2024-12-04,0.33680021708945557,0.18754479435012122,0.22145076301021538,0.14249569948712348,0.30585426303154223,0.30585426303154223
2024-12-05,0.33728222587480106,0.18645173896802064,0.2198193814367864,0.14338128475611533,0.3065326844821384,0.3065326844821384
2024-12-06,0.3491994924449699,0.1949820075094626,0.21509341489838688,0.14040205969849065,0.300161512724345,0.300161512724345
2024-12-09,0.3530152522139987,0.19516037109546716,0.2145209794278371,0.13985302847958905,0.29872518439155393,0.29872518439155393
2024-12-10,0.3515222733675857,0.19484187651179694,0.2149533627665168,0.13949346549219468,0.299594510930953,0.299594510930953
2024-12-11,0.35315327023505655,0.20013605476374483,0.21349591878191135,0.1372397383763644,0.2979875089214615,0.2979875089214615
2024-12-12,0.3542222438365605,0.19691268113534346,0.21251362661373108,0.13958422065312023,0.29838361388062234,0.29838361388062234
2024-12-13,0.35409752724121224,0.19674244359428805,0.21121577050674212,0.1385103662301057,0.2997169462138259,0.2997169462138259
2024-12-16,0.3541884105978157,0.19693167514493257,0.21215596296924394,0.13692795773970584,0.299897996774151,0.299897996774151
2024-12-17,0.35434906915489256,0.19475388047229492,0.21235501894475775,0.13754016966073732,0.30050093088365876,0.30050093088365876
2024-12-18,0.3531454675751604,0.19446433343158798,0.21437124695409424,0.13786136502684354,0.3000787935061569,0.3000787935061569
2024-12-19,0.3283084500350723,0.18831820921697331,0.2195980230020392,0.1413666321109294,0.3112043428174929,0.3112043428174929
2024-12-20,0.32901319552953484,0.1882979140469257,0.21603253431685157,0.1433032145212902,0.31167657079269884,0.31167657079269884
2024-12-23,0.3250587707607755,0.18864689030421164,0.21621960073576724,0.14300467835919245,0.31353502992002663,0.31353502992002663
2024-12-24,0.3242383204739759,0.18796085302664375,0.21521545052463437,0.1450613345635867,0.31376202070557974,0.31376202070557974
2024-12-26,0.32126619467985107,0.18671035324833432,0.21634853875688312,0.14560694197814925,0.3150339856683911,0.3150339856683911
2024-12-27,0.3214567756522122,0.18704334654858415,0.21650756361743415,0.14529298664177998,0.3148496637699948,0.3148496637699948
2024-12-30,0.317743438911155,0.18575284703083605,0.2176037745345805,0.14616603169628098,0.31636695391357367,0.31636695391357367
2024-12-31,0.3142593684961544,0.18427033740330814,0.217211809636659,0.14765738668591052,0.31830054888898407,0.31830054888898407
2025-01-02,0.3157642398943459,0.18512352031590293,0.21754801220886782,0.14782763959820475,0.3168682939913393,0.3168682939913393
2025-01-03,0.315824292945328,0.1852619002532353,0.21841864677473344,0.14590348593427785,0.31729583704621267,0.31729583704621267
2025-01-06,0.31205900808498777,0.18332423235630071,0.22081802340946424,0.1459685934887312,0.31891507133025804,0.31891507133025804
2025-01-07,0.31291312003275246,0.18290595554503006,0.2225891237641603,0.14557873184550335,0.3180065344062769,0.3180065344062769
2025-01-08,0.3122702671198813,0.18098921002721222,0.22216771378186637,0.1459530103064135,0.31930989938231336,0.31930989938231336
2025-01-10,0.3141272631190239,0.1826079794947139,0.22136549108861056,0.14573022404302485,0.3180845211273132,0.3180845211273132
2025-01-13,0.30689859677650944,0.18028265536492805,0.22151652672909436,0.14541147229780876,0.3185836358284404,0.3185836358284404
2025-01-14,0.30697469824587736,0.18015256516571304,0.22163994020544756,0.14477866962433808,0.31858538614740667,0.31858538614740667
2025-01-15,0.30843889358781534,0.1802970122562156,0.22199151821197902,0.14587815737003257,0.31885881528115584,0.31885881528115584
2025-01-16,0.28823002182931395,0.16893407935958882,0.2071753447295452,0.14003428108661212,0.3072246322719543,0.3072246322719543
2025-01-17,0.2884491723643138,0.169332349676278,0.20893325776677463,0.1388115966829281,0.3053067781472721,0.3053067781472721
2025-01-21,0.28679375594480355,0.16722081859817634,0.2099902655132473,0.13914826033537897,0.30624688740312367,0.30624688740312367
2025-01-22,0.2818613338637883,0.16548951481895302,0.21055202481276925,0.1358941654538406,0.30348989562446926,0.30348989562446926
2025-01-23,0.2826836452059564,0.16519003992762393,0.21116689764324106,0.13734119270189027,0.30486909166750276,0.30486909166750276
2025-01-24,0.2832454293098493,0.1658250256132434,0.21687681209863796,0.13784595408685196,0.30604684450054,0.30604684450054
2025-01-27,0.28319042769177244,0.16555100923467952,0.21658566748955937,0.13877580048921437,0.3063926694021817,0.3063926694021817
2025-01-28,0.28532643253959933,0.1629896876839162,0.2179272590242474,0.14212679436931044,0.31291702177005065,0.31291702177005065
2025-01-29,0.28423277147337594,0.1621688193822727,0.21953417847725176,0.14233345331507702,0.31373085269045636,0.31373085269045636
2025-01-30,0.28294820045366964,0.16204570424576012,0.21966196693205317,0.1419536101245764,0.313180901265907,0.313180901265907
2025-01-31,0.281506408862689,0.16140064736107368,0.2186347264604455,0.13918963133625842,0.3121127930836452,0.3121127930836452
2025-02-03,0.28034374095214304,0.16195668322806198,0.2178248956078202,0.14024126503419376,0.31197922106113274,0.31197922106113274
2025-02-04,0.2799025175218481,0.16232165998183623,0.2170580736375387,0.14063408455357557,0.3128129049029635,0.3128129049029635
2025-02-05,0.292114627197172,0.16785103454767855,0.21720196990435467,0.14255185882731966,0.31326617364187664,0.31326617364187664
2025-02-06,0.29006912992468703,0.1669134247471904,0.2138706726528579,0.14145724058020873,0.31103575090403623,0.31103575090403623
2025-02-07,0.28941591081333307,0.16649727425187136,0.21845598200685362,0.14095640146121102,0.31018933095954115,0.31018933095954115
2025-02-10,0.28967947684732576,0.1656150381043695,0.21792111462605646,0.14071519377879463,0.30962990012709124,0.30962990012709124
2025-02-11,0.29239538057242537,0.16172121270042492,0.2227639192773672,0.14081327964812948,0.29228318411717874,0.29228318411717874
2025-02-12,0.2986372668910257,0.16628422941045887,0.2292449268231971,0.14519352301771615,0.29642893892575134,0.29642893892575134
2025-02-13,0.2976146946175496,0.16562827297911314,0.22845220087165904,0.14541907465021067,0.2952518211228545,0.2952518211228545
2025-02-14,0.28904484881824455,0.16115184951638445,0.21772461748762642,0.15069727844373157,0.2906965619467918,0.2906965619467918
2025-02-18,0.2923691384302585,0.16270438722028321,0.22474894679206928,0.1497647797814104,0.2935829376206904,0.2935829376206904
2025-02-19,0.2935924041368986,0.1635445819169768,0.22458028046135936,0.14951319600571222,0.29504788232662543,0.29504788232662543
2025-02-20,0.29506582002352927,0.1640459176230527,0.22527402211695466,0.149666412440073,0.29480091882898257,0.29480091882898257
2025-02-21,0.3013077368253399,0.1705436359202417,0.22501925202086248,0.14982640744274225,0.29476243838354654,0.29476243838354654
2025-02-24,0.29492560464974577,0.1685810330717037,0.22528037486066854,0.15665402082410185,0.300046573940497,0.300046573940497
2025-02-25,0.29601921027094324,0.1681902856890978,0.226928417589876,0.158076381386047,0.3016448844392132,0.3016448844392132
2025-02-26,0.29821108544634045,0.16820621960078855,0.22237916667240518,0.15662566128366595,0.3049058171444508,0.3049058171444508
2025-02-27,0.29907259377394996,0.16818583652918986,0.22158760791510945,0.15725507433581198,0.3047526010940884,0.3047526010940884
2025-02-28,0.28622135389653797,0.15834824298627662,0.21713141719135468,0.15306901535603482,0.30042281519035213,0.30042281519035213
2025-03-03,0.2722998345307125,0.15265425357901816,0.22479368052881027,0.16376330760173768,0.2936131289832417,0.2936131289832417
2025-03-04,0.2673682901684234,0.1507234331225931,0.22724815404251697,0.16310195922071932,0.29692149324986783,0.29692149324986783
2025-03-05,0.2642019787321841,0.1512637737975544,0.22456479772024077,0.16236443991989402,0.2971970065842226,0.2971970065842226
2025-03-06,0.2652029170870483,0.1523442691699775,0.22858177884971703,0.16521733166509617,0.3008008208534101,0.3008008208534101
2025-03-07,0.2553584896578969,0.14637650323074305,0.22640666293797726,0.16478842328431034,0.297979120736398,0.297979120736398
2025-03-10,0.25437769613621564,0.14598456408828922,0.2279821050046439,0.1647400046353249,0.29792084933706764,0.29792084933706764
2025-03-11,0.2450416103337775,0.14031071906589548,0.2321706008306422,0.16577418042130476,0.3031469830318258,0.3031469830318258
2025-03-12,0.24425739253156026,0.14045942172744794,0.2313138582777226,0.16550238332326678,0.3034572864718095,0.3034572864718095
2025-03-13,0.24424868742502004,0.14051616300126915,0.2312493450582081,0.16586502170873393,0.30429285524159444,0.30429285524159444
2025-03-14,0.24399172445929698,0.140485108194149,0.2332888387204122,0.16419212516923545,0.3072659607051674,0.3072659607051674
2025-03-17,0.23586793299803133,0.1372386735086113,0.233948934740083,0.16698886002942806,0.30833583138980686,0.30833583138980686
2025-03-18,0.2339659544948205,0.1378449452036274,0.23367658040794975,0.16649094047914248,0.3058416666354161,0.3058416666354161
2025-03-19,0.23536173139752545,0.13825349913189497,0.24072031508401176,0.17170404693533461,0.30950221433403,0.30950221433403
2025-03-20,0.23064246056462032,0.13614828665089806,0.24091319100778608,0.1739120119653435,0.30648293620571,0.30648293620571
2025-03-21,0.23112277384789004,0.13759215196650731,0.24120346303302584,0.17372272815379755,0.30658824909175797,0.30658824909175797
2025-03-24,0.23151829493245513,0.13764877281153018,0.24045203512196042,0.17255169885419408,0.3069271448985477,0.3069271448985477
2025-03-25,0.25446600422785026,0.14969860337086885,0.2557068180425485,0.19159822775746244,0.32426517330063515,0.32426517330063515
2025-03-26,0.2530221310640398,0.1487679928364219,0.26248299259920155,0.19053760410451778,0.3225946396979094,0.3225946396979094
2025-03-27,0.2534490096262935,0.14739618767082466,0.26184266052536925,0.19194274890309085,0.32268469663721083,0.32268469663721083
2025-03-28,0.2538193720012765,0.14774740831129882,0.26424330123826234,0.18990247072042502,0.3221437238643686,0.3221437238643686
2025-03-31,0.25153519365978366,0.14663808529977404,0.26078537297635596,0.19103516114693556,0.3250030934585754,0.3250030934585754
2025-04-01,0.25151302467805337,0.14729412645285453,0.25913531691357894,0.18909328561876831,0.32648212316837244,0.32648212316837244
2025-04-02,0.2523459147456246,0.14714704253299765,0.25911084456170175,0.19020944643092813,0.3255933758643738,0.3255933758643738
2025-04-03,0.2529380593405544,0.14716232772640694,0.26001131935880173,0.19052268995146335,0.3246828018113867,0.3246828018113867
2025-04-04,0.22209056534228513,0.13672230654600884,0.26793596891566174,0.19407410663908542,0.33345251071243603,0.33345251071243603
2025-04-07,0.18546382724465255,0.11991912648459045,0.2589615147724648,0.1784257405500432,0.287961346098406,0.326223222930667
2025-04-08,0.18386821619589674,0.11891836385767486,0.22816410300710196,0.16723698866693415,0.2717133456705536,0.32043379062153404
2025-04-09,0.181209687139706,0.11771288343366179,0.2180504347939989,0.16550523313539933,0.26695899401079753,0.31717971247302984
2025-04-10,0.12166654848634074,0.0819137382751713,0.2073031204476349,0.14003064458661862,0.18557393388902893,0.2982483621040463
2025-04-11,0.11761805012968624,0.0801985743994281,0.193645737263972,0.13560864112527637,0.17264260968371473,0.29937566202890353
2025-04-14,0.11695451681186983,0.07977975254036744,0.1936124470336326,0.13317951817617274,0.1729604266578713,0.298727111249908
2025-04-15,0.11668109341288778,0.07969214397490323,0.19287280831125564,0.13404194245838577,0.17174534866101437,0.29867157287391016
2025-04-16,0.11668517477715336,0.07968484140749726,0.19281686440258045,0.1340412748481537,0.1714722029622979,0.29866844335889
2025-04-17,0.11935226408040299,0.08135851190597379,0.20179941166510118,0.12955170913679012,0.17940604131221646,0.30582761105335904
2025-04-21,0.11961597169123592,0.0815780016914035,0.2009164850619442,0.1294692629204509,0.1781602020455393,0.3065597330788073
2025-04-22,0.11957566416907928,0.08193796759070938,0.19696248680998052,0.12498372618937244,0.1777238649161532,0.308505251087553
2025-04-23,0.11916822640737454,0.08182411397844885,0.19962401787769818,0.12487166315116117,0.17897940683515193,0.3113996628140873
2025-04-24,0.11939683967600408,0.08190808619792879,0.19984835355368602,0.12067742096519099,0.17895823508453745,0.3134439875343937
2025-04-25,0.1170240697301758,0.07999728288704804,0.19695055179087068,0.11858855862587347,0.17332861035436065,0.3098880937802368
2025-04-28,0.11704487606561427,0.07995908683450824,0.196743900291367,0.11764448095218491,0.17361109461078963,0.31035650755347977
2025-04-29,0.11670280856194451,0.08032515071326779,0.19709725060450192,0.11728571982809308,0.1725866768150621,0.30850256556858263
2025-04-30,0.1169297078948433,0.08063715228006654,0.19634828005636182,0.1166122532296871,0.1725076332516381,0.3088768439003602
2025-05-01,0.11704714537701234,0.08070339278876458,0.19542835669904182,0.11633429394322115,0.17142400952642,0.30913286290339537
2025-05-02,0.11750894094273692,0.08086788811930659,0.19599204705103912,0.11458016571753807,0.17226059631897173,0.3104968566705244
2025-05-05,0.11754524200336137,0.08095859414948593,0.19566786461963595,0.11509681736260814,0.1728255300698587,0.3119002377564919
2025-05-06,0.11782398364167178,0.08116275045235746,0.19657643334889363,0.11136573397986928,0.17326925403288956,0.3125760836909651
2025-05-07,0.11829840457857133,0.08160514331321879,0.19734492548349336,0.10893596586524633,0.1743552499863995,0.31383954556157817
2025-05-08,0.11869923991691322,0.0818912384414935,0.20221977061371946,0.10787665946985338,0.17521955189983854,0.3149118010015645
2025-05-09,0.11872177640475197,0.08187038171122266,0.2004248339467398,0.10590365883715143,0.17549014427864437,0.3152198249258703
2025-05-12,0.11908634195272427,0.08217125677654966,0.20136956679063778,0.10599448058588223,0.17624249604477052,0.31578140736351673
2025-05-13,0.11901656788917042,0.08201207779284753,0.20395786347961226,0.1050615294383331,0.17555302861542021,0.3218027772035834
2025-05-14,0.11906582662393708,0.08186146921951364,0.20459932707273337,0.1052899118147029,0.1756855147646653,0.3222004501564288
2025-05-15,0.11910329899709571,0.08183863924673367,0.20698222366681815,0.10326719484797589,0.17531868787213692,0.32226150877502285
2025-05-16,0.11976434741080375,0.0823860467823728,0.21141300048058234,0.10314752923318553,0.1766892292449978,0.32353243541857724
2025-05-19,0.11964711234237216,0.08236633979398883,0.21177903570626908,0.10344575072203875,0.17664975953670906,0.3234608936526256
2025-05-20,0.1194351360474479,0.08221381945539645,0.21373596431770917,0.10361642115420334,0.1763396854852545,0.3228418645809754
2025-05-21,0.11960379578300476,0.08232455616038101,0.2131700824312709,0.10269567875428898,0.1765934061406657,0.32331667895823274
2025-05-22,0.11857076991638961,0.08180504709783394,0.20760214274555752,0.10217337612468695,0.17394612695236442,0.32198953981963874
2025-05-23,0.11862148280916102,0.08188226164716485,0.20892935461041356,0.10130856278488573,0.17315796270255565,0.32052652717088415
2025-05-27,0.11862874919148567,0.08198178192228597,0.20917101698560042,0.09998579147944232,0.17329517512801085,0.32068864666723673
2025-05-28,0.11722238299648426,0.08119341173094881,0.21015686809307763,0.09906675135721614,0.17127214964339527,0.3191817692843093
2025-05-29,0.11704203452222438,0.08109604092271991,0.21060266672374894,0.09891112832545237,0.17115252898189023,0.318886024476997
2025-05-30,0.11811161286494411,0.08235910183200647,0.21042294161979255,0.1003988099171605,0.17204923277240972,0.3203932005917563
2025-06-02,0.11887766601029068,0.08279529419621635,0.21403786140064932,0.10061302726347188,0.1727023033860219,0.32113918169051503
2025-06-03,0.1192624725637102,0.08316150231527379,0.2129064872792354,0.09879501896393966,0.17256140337761722,0.32050841549813325
2025-06-04,0.11960745395861713,0.0831768828765707,0.21548941758242832,0.0985483015463678,0.17253926681997794,0.32068086816268654
2025-06-05,0.11952104742907307,0.08312231691205306,0.2104369168545606,0.09824259327872306,0.17199135364022097,0.3198683408079954
2025-06-06,0.12040842038607007,0.08413899607017894,0.21091856098506784,0.0984145595054809,0.1727118668287194,0.3204231514855828
2025-06-09,0.12041055217730079,0.08420202415654655,0.20860651185214926,0.09772967206981431,0.1729998087603558,0.32081756745032564
2025-06-10,0.12122140243900455,0.08555907581571602,0.20921754166902584,0.09736820707058394,0.17235175154341545,0.318391207167362
2025-06-11,0.12133841447621907,0.08551897667484726,0.20925144893524933,0.09760194458038088,0.1727101796624598,0.3182347638944875
2025-06-12,0.12127402920104507,0.08554668016870022,0.20947195153114762,0.09753891583432177,0.17264061117361898,0.31809096793366476
2025-06-13,0.12090715255713423,0.08545275580796048,0.20674260977975034,0.09730332278703432,0.17288311643916854,0.3158325810472941
2025-06-16,0.12099853882618318,0.08552460928477863,0.20498251906918627,0.09660622883521924,0.1725619847675949,0.3148036687767914
2025-06-17,0.12133396758302178,0.08564633675827957,0.20462079964796315,0.09607962764338948,0.17319136325524595,0.3158384212856328
2025-06-18,0.12165831156261088,0.08608249585166473,0.20221528762837526,0.09654583185777635,0.17358702294549064,0.316382345169598
2025-06-20,0.12216700677330947,0.08645385678492623,0.20316545397300584,0.09662821483079503,0.1756410965119704,0.31713728152735543
2025-06-23,0.12222481366268796,0.08647804540576472,0.20324686004536952,0.0966806410657573,0.17548338395754745,0.3172627293913957
2025-06-24,0.1219393520063261,0.08631128157627092,0.2033111705479558,0.09690471804556558,0.17538240499269847,0.31698141654161505
2025-06-25,0.12192685891667784,0.08628952816172658,0.20326353003670958,0.0956934044123691,0.17477967129234265,0.3158339396436869
2025-06-26,0.12193089987642353,0.08630964154523939,0.20322901612286623,0.09571165005589047,0.17479790400620748,0.3158360795145284
2025-06-27,0.12249360583154476,0.08696392817542792,0.20392028586361527,0.09590428056416962,0.17578242189082455,0.3164873118318716
2025-06-30,0.12235695167405491,0.08694126939629244,0.2031281372532971,0.09503985619161241,0.1757813078767935,0.316104513173129
2025-07-01,0.12211049693613522,0.08707531027183402,0.2024819481856241,0.09374015784184654,0.17358608635860176,0.31257146802798674
2025-07-02,0.12238905715026994,0.08708027966691091,0.20451349524056592,0.09426803432734128,0.17378050759721017,0.31316883208357416
2025-07-03,0.12244418339894203,0.08714486358705241,0.20543925821822487,0.0942964220586778,0.1739397281119742,0.3133491923531972
2025-07-07,0.12250662246063133,0.08717675761897276,0.20486912090225382,0.0941788898628653,0.17417916262799074,0.31361047266655756
2025-07-08,0.12768786323702558,0.09064605184537279,0.201523020429588,0.09320493781034996,0.17916501769395682,0.30984067917035757
2025-07-09,0.1390423647283593,0.09781424234516758,0.20274542967574755,0.0941128482667014,0.18990878704945466,0.3079832383200215
2025-07-10,0.139649386809766,0.098179566091958,0.21835936302202355,0.09619624209433737,0.19608522961379135,0.30914824086536163
2025-07-11,0.1419114146408521,0.09975167054278632,0.22787728922474842,0.09682020870547439,0.19910874522209807,0.31101330855209997
2025-07-14,0.23274235150353834,0.1639300510166957,0.24363857750554352,0.10984953996652666,0.28990821671807854,0.33785785824717673
2025-07-15,0.2699987479872435,0.1823268947184943,0.26411105252669537,0.1114879234376523,0.3360376906649572,0.3360376906649572
2025-07-16,0.2728438969073526,0.18384103829720502,0.2622020435324402,0.1123441991095002,0.334384411076751,0.334384411076751
2025-07-17,0.27350481744189103,0.1835450596150969,0.2633470487506999,0.11221111362494135,0.33369598028368536,0.33369598028368536
2025-07-18,0.2737349374942103,0.18325201983198688,0.26370925084964375,0.11221800153994359,0.33354289514210766,0.33354289514210766
2025-07-21,0.2828810826139511,0.19262656386063173,0.25855277722134734,0.11451239098446121,0.32571359265980443,0.32571359265980443
2025-07-22,0.2831224206553014,0.1929651769753517,0.25844416874181886,0.11356010850723025,0.325954062560149,0.325954062560149
2025-07-23,0.29600091564916875,0.19782016423457338,0.25979527604441577,0.11445502472256364,0.31596430967463923,0.31596430967463923
2025-07-24,0.3087728898599284,0.2025017306787692,0.2551090117431213,0.11271539614574981,0.3104504857862157,0.3104504857862157
2025-07-25,0.3110433084980776,0.20645593758834052,0.255089996682716,0.11431870379494764,0.3065460267179591,0.3065460267179591
2025-07-28,0.3194450802276694,0.21480669121432128,0.2524809633484242,0.11264739372437552,0.3003099357426049,0.3003099357426049
2025-07-29,0.31946797067358684,0.21580716803735273,0.25260293190327016,0.1128358396270776,0.2996430448793564,0.2996430448793564
2025-07-30,0.3203462002273951,0.21685398315028917,0.24534833753738866,0.11464794370401603,0.30140176769045557,0.30140176769045557
2025-07-31,0.32031421815998556,0.21696896538580224,0.2469091302697591,0.11338662387408377,0.3012105311551846,0.3012105311551846
2025-08-01,0.3189662070338544,0.21576913983838272,0.24906084593931083,0.11349653455144235,0.30135363631850487,0.30135363631850487
2025-08-04,0.3111161576490051,0.21149021176672775,0.24757379206037303,0.11589978191163762,0.3069600283061283,0.3069600283061283
2025-08-05,0.31047736178064966,0.20924288158792279,0.2511915133580858,0.11565844415780707,0.30671489955776726,0.30671489955776726
2025-08-06,0.3095247716916973,0.2080422115475917,0.25104830778113496,0.12061637844824698,0.3053841652656645,0.3053841652656645
2025-08-07,0.31082326480630684,0.2076056474083879,0.24867011356288227,0.12556847367577764,0.3036662502733227,0.3036662502733227
2025-08-08,0.3103707648910147,0.20741783315799192,0.24884144926019597,0.12664870395019825,0.30336062437029965,0.30336062437029965
2025-08-11,0.30855159436269664,0.206734705813694,0.2514439688888491,0.1293688907960492,0.3019504200693556,0.3019504200693556
2025-08-12,0.3087519014854481,0.2066096663564499,0.25180645958964903,0.1281232224418185,0.30235437506331725,0.30235437506331725
2025-08-13,0.33505180634750736,0.22659543344044814,0.23980795374269925,0.12785442635286254,0.2853451900582414,0.2853451900582414
2025-08-14,0.3352202526782118,0.23096444564726432,0.23758323127691766,0.12748746180291884,0.28437230429734367,0.28437230429734367
2025-08-15,0.3342285532690793,0.23067538418180916,0.23657501894233005,0.13124710651195992,0.2836369685474108,0.2836369685474108
2025-08-18,0.333690413281984,0.22927846539995117,0.23679786217689966,0.13354810538166703,0.2833425768797491,0.2833425768797491
2025-08-19,0.3343512982535831,0.2289020647654823,0.23620013410101726,0.13499370556870569,0.28277639865560583,0.28277639865560583
2025-08-20,0.3336000550799418,0.22355886554423612,0.23688213662301383,0.1370885761133523,0.284435183319728,0.284435183319728
2025-08-21,0.33303729706752044,0.22206736214534326,0.23806416145141687,0.13952850476606804,0.2836513372848256,0.2836513372848256
2025-08-22,0.3444235487449663,0.22243267234840028,0.24244293964604188,0.1367085970385415,0.2769961211110252,0.2769961211110252
2025-08-25,0.33628403639946886,0.21986947997778766,0.24461485051262813,0.13815080060294582,0.2805404162535847,0.2805404162535847
2025-08-26,0.3361617350337971,0.22111612714167905,0.24247142378847558,0.14310288522909584,0.2785739144034763,0.2785739144034763
2025-08-27,0.35001646438710016,0.22806186214871568,0.24128589158131752,0.14177229028491523,0.2694317457989759,0.2694317457989759
2025-08-28,0.3526845794476533,0.22833086025765167,0.241077588474868,0.14126024621463698,0.26832336280259506,0.26832336280259506
2025-08-29,0.3526406399264299,0.2275100702582322,0.24255443722133457,0.1409271576349484,0.2681838474795275,0.2681838474795275
2025-09-02,0.3515332553882805,0.22398369721538366,0.24229058016299415,0.14162495090378704,0.27028375816477745,0.27028375816477745
2025-09-03,0.34767342705179755,0.22274031618435539,0.2440399862385952,0.1439525042076516,0.27079688315880013,0.27079688315880013
2025-09-04,0.3486380232344468,0.22322214654792696,0.2403663631135118,0.14495872316692848,0.27140737196859305,0.27140737196859305
2025-09-05,0.34456562399688334,0.22106198638366742,0.2478656259144246,0.144717374718607,0.2708946944932088,0.2708946944932088
2025-09-08,0.34756618725281446,0.22448617448824373,0.2401827794525065,0.14362467463010092,0.2720700920881672,0.2720700920881672
2025-09-09,0.3510172668899267,0.22473168425683948,0.2395148654115858,0.14432773750203348,0.2702042229698074,0.2702042229698074
2025-09-10,0.35138811034175826,0.22494641296525983,0.23814152875614436,0.14445583454907668,0.2705340566938805,0.2705340566938805
2025-09-11,0.3522252781067684,0.22548765718833583,0.23765675889612098,0.14422755212426644,0.2702013768422541,0.2702013768422541
2025-09-12,0.3506613890353206,0.22608532806863757,0.23708316568316248,0.14464332821141393,0.2707633945007327,0.2707633945007327
2025-09-15,0.34960834711324207,0.2250064808033773,0.23987011993949328,0.1459883599869983,0.2697633460784446,0.2697633460784446
2025-09-16,0.35621547524584746,0.2268242817320478,0.24053492387062028,0.14474337612137309,0.2658409715150557,0.2658409715150557
2025-09-17,0.3564336610766488,0.2288987661730985,0.24257549379705673,0.14682679322358164,0.26263264286480725,0.26263264286480725
2025-09-18,0.3608773775260429,0.23068410439438783,0.24483351761969546,0.14394714146237203,0.2598289294987508,0.2598289294987508
2025-09-19,0.36209166060323955,0.23005806713370475,0.24078128762277418,0.14490590583533755,0.2610815394024719,0.2610815394024719
2025-09-22,0.3627412307464472,0.23061156437382238,0.240799437340371,0.14361801573066948,0.26111487590434507,0.26111487590434507
2025-09-23,0.36727861784033894,0.23208402011027052,0.23985847056798992,0.13962628776687658,0.26057630185726205,0.26057630185726205
2025-09-24,0.3679643857241208,0.23426726537620368,0.2379834216053466,0.14302364202313705,0.258380642635596,0.258380642635596
2025-09-25,0.3673427070073216,0.23414256598822333,0.23812907991265342,0.14170172194782338,0.2593419625719891,0.2593419625719891
2025-09-26,0.36737181410887326,0.23483542984343256,0.23855553423589484,0.1414957161975127,0.2588707528071433,0.2588707528071433
2025-09-29,0.36492970700616323,0.23352905496078982,0.23920133872449184,0.14719461860762892,0.2575726403504631,0.2575726403504631
2025-09-30,0.3656788433503693,0.23399150728345208,0.24023221293722805,0.1452695364062212,0.25741395001136474,0.25741395001136474
2025-10-01,0.3644996758093498,0.23732231407449286,0.2394302739367263,0.14503626217798188,0.25685573700072456,0.25685573700072456
2025-10-02,0.3642819013283394,0.23758387933314948,0.24067175634045684,0.1448816844124002,0.25629038929282716,0.25629038929282716
2025-10-03,0.36617178092587727,0.23864747860361882,0.24129641364229157,0.14474366191890578,0.25457033245465327,0.25457033245465327
2025-10-06,0.3702816199022328,0.23859217673220387,0.24356476930778606,0.14296446135503701,0.25229848635137014,0.25229848635137014
2025-10-07,0.37166615097818734,0.23809493504164628,0.24137345262679044,0.14210893501898264,0.25337826316719664,0.25337826316719664
2025-10-08,0.37088243514657737,0.23713824630345542,0.24418046066793458,0.14184235575356352,0.25297825106423455,0.25297825106423455
2025-10-09,0.37095942375846197,0.23471125124381387,0.24559995438718643,0.13982914259099477,0.2544501140097715,0.2544501140097715
2025-10-10,0.37022977632421844,0.23417334600569825,0.2549977827409663,0.13346924580050631,0.25356492456430535,0.25356492456430535
2025-10-13,0.3339257173344373,0.21032156658005677,0.26377159041827486,0.1440448997664622,0.27396811295038437,0.27396811295038437
2025-10-14,0.3277889917876734,0.2039307147887643,0.2711000020188284,0.14081798575386922,0.2781811528254323,0.2781811528254323
2025-10-15,0.3281754321860407,0.2027888907100207,0.2712065916438177,0.140829054420775,0.2785000155196729,0.2785000155196729
2025-10-16,0.3293289323502097,0.20326240513775773,0.2709514172463893,0.1389559079055285,0.27875066868005743,0.27875066868005743
2025-10-17,0.3282158568135139,0.2042468085051642,0.27080116144447536,0.13538451458414844,0.280675829326349,0.280675829326349
2025-10-20,0.32759606746689274,0.20435908511378012,0.27403232640136066,0.13155940725104595,0.2812265568834603,0.2812265568834603
2025-10-21,0.3260396069812786,0.204601811605881,0.27780276473326637,0.12322881563845994,0.28416350052055694,0.28416350052055694
2025-10-22,0.33370683733151724,0.20760478081302908,0.28338471103062696,0.09908597275626853,0.2881088490342791,0.2881088490342791
2025-10-23,0.33241943522955486,0.2056028467995741,0.2846052711040694,0.09966861387430882,0.2888519164962465,0.2888519164962465
2025-10-24,0.33234516329063485,0.20499972096741648,0.28308932914901,0.10057333905174556,0.28949622377059653,0.28949622377059653
2025-10-27,0.3297619535720233,0.20340943245252244,0.2865267531355711,0.10087783283913054,0.2897120140003763,0.2897120140003763
2025-10-28,0.3242691357058617,0.19830801057503666,0.30141029201227026,0.09682840145345545,0.289592080126688,0.289592080126688
2025-10-29,0.3238217795998812,0.19721773929942504,0.3031732759827721,0.09784840862415214,0.2889693982468848,0.2889693982468848
2025-10-30,0.32648200879512707,0.19884490968689605,0.29630536735305624,0.09810428164946823,0.2901317162577263,0.2901317162577263
2025-10-31,0.3308709594811308,0.19931846630204245,0.30097459012518385,0.09680237720898952,0.28601680344132663,0.28601680344132663
2025-11-03,0.33859366785880124,0.20259640165693066,0.2972657696295969,0.0955436370915422,0.2830002618815645,0.2830002618815645
2025-11-04,0.3403222816983901,0.20349075345125786,0.2963451706073096,0.09530767843513072,0.28226705790395584,0.28226705790395584
2025-11-05,0.3354716689835244,0.19797297092528793,0.301727797345947,0.0947531234523693,0.2850372196464357,0.2850372196464357
2025-11-06,0.3373839156410611,0.19873568403157452,0.2952504674646918,0.09514401153719033,0.2867429606627411,0.2867429606627411
2025-11-07,0.33519368126642074,0.1944980330334216,0.2951209151139715,0.09605593945638624,0.28956571556489996,0.28956571556489996
2025-11-10,0.3354292336323812,0.19432603876436452,0.2944601905419672,0.0970794714396591,0.289352532810814,0.289352532810814
2025-11-11,0.33130341683877945,0.19060179685562717,0.2988824792570581,0.09569548673969298,0.2917584101544211,0.2917584101544211
2025-11-12,0.330926937339003,0.19001422468465334,0.30110142197085615,0.09551797361216098,0.2912197211966633,0.2912197211966633
2025-11-13,0.33005861010249016,0.1894953895240723,0.3045575307144558,0.09503685748907985,0.29042580608495083,0.29042580608495083
2025-11-14,0.31987144212772933,0.1857341586060791,0.3081730083030393,0.09608029560369931,0.2950705476797264,0.2950705476797264
2025-11-17,0.3206131136251237,0.18618718498568887,0.3069723798347448,0.09472714823849908,0.29575008665797187,0.29575008665797187
2025-11-18,0.3175944913725909,0.18804127291402137,0.30856856776560976,0.09424465171781667,0.2957755081149805,0.2957755081149805
2025-11-19,0.3153202904837924,0.18676583244307124,0.3097120025130485,0.09466915644409331,0.2967663590579973,0.2967663590579973
2025-11-20,0.31534938129509427,0.1865605299849727,0.3108645773849491,0.09466207207052148,0.29628171963223127,0.29628171963223127
2025-11-21,0.31498136196750975,0.18157063775770324,0.31419118618405534,0.09507640028121177,0.29709020690476,0.29709020690476
2025-11-24,0.31248934449038934,0.1814438177304395,0.3153226165087089,0.0953084073680177,0.29771790695122236,0.29771790695122236
2025-11-25,0.3081135234948434,0.17580061318683138,0.317481194282953,0.09595401161806884,0.30132532870865175,0.30132532870865175
2025-11-26,0.30576611032217277,0.1758702258105396,0.3182433081799918,0.0961284640478795,0.30199594581970823,0.30199594581970823
2025-11-28,0.3045923736696407,0.17548659742796419,0.3197358924710302,0.096121559239558,0.30203178859590346,0.30203178859590346
2025-12-01,0.304707694603723,0.17635527896450903,0.3210822659703626,0.09567111963388412,0.30109182041376054,0.30109182041376054
2025-12-02,0.30708809239849916,0.17769672516736204,0.3141522806338234,0.09740384621422331,0.30182952779304606,0.30182952779304606
2025-12-03,0.30619973285462715,0.17674136548158148,0.3200147848534927,0.09665294753701253,0.30019558463664303,0.30019558463664303
2025-12-04,0.3069543103497794,0.17672217636790602,0.32203978896383756,0.09638834215713198,0.2989476910806726,0.2989476910806726
2025-12-05,0.3042579512156639,0.17475509085570926,0.33378767157710637,0.09574389472860224,0.295727695811459,0.295727695811459
2025-12-08,0.3013914318876741,0.173138488047315,0.3446532025622038,0.09504372919404847,0.29288657415437935,0.29288657415437935
2025-12-09,0.3005576845061306,0.1728819468415982,0.3463938572311105,0.09494182948813612,0.29261234096651234,0.29261234096651234
2025-12-10,0.2999534946635985,0.17251292988463554,0.3488806485524846,0.0947116476895181,0.2919706396048816,0.2919706396048816
2025-12-11,0.30002584375863056,0.17218006094314606,0.3510250505063933,0.09448658458636772,0.29114123010273113,0.29114123010273113
2025-12-12,0.29972911559845233,0.17192904330678468,0.3523847295680922,0.09416696232593984,0.29089507460036534,0.29089507460036534
2025-12-15,0.2985940916129904,0.16979207833707796,0.34791403517412683,0.09540738563281406,0.2941462046214953,0.2941462046214953
2025-12-16,0.29854930262002133,0.16943874047924515,0.34837399910626843,0.09539130079781837,0.2941233284983235,0.2941233284983235
2025-12-17,0.2987735698559161,0.16979512244205697,0.3462179621948987,0.09592798847223204,0.2946426785174482,0.2946426785174482
2025-12-18,0.2938108871146762,0.1662827321189965,0.3559846360674677,0.0957849184099611,0.2940684131444493,0.2940684131444493
2025-12-19,0.2935730598048053,0.16510622781625575,0.35506972224644334,0.09623994670677977,0.2950055217128579,0.2950055217128579
2025-12-22,0.2919931686003187,0.16406548691468095,0.3556163771644745,0.09722811213718549,0.2955484275916702,0.2955484275916702
2025-12-23,0.2913698933216672,0.1640105559978291,0.35952097208534406,0.09544138899392898,0.29482859480061546,0.29482859480061546
2025-12-24,0.29108275222672436,0.16388223043420416,0.3604219254429012,0.09548437970230073,0.2945643560969347,0.2945643560969347
2025-12-26,0.29248169176756417,0.16444583201061158,0.35723094373953873,0.0955012068762725,0.2951701628030065,0.2951701628030065
2025-12-29,0.2934338488508754,0.16458632204112797,0.3562229725497776,0.09527938148924615,0.2952387375344865,0.2952387375344865
2025-12-30,0.293148549787933,0.16454974159046262,0.36225737791955265,0.0891050415526211,0.2954696445747153,0.2954696445747153
2025-12-31,0.29327609121061604,0.16443813881279518,0.3624049613091656,0.08918788318888589,0.2953464627392686,0.2953464627392686
2026-01-02,0.29297511616567884,0.1647979905997949,0.3585892117316465,0.08950224125931903,0.29706772012178034,0.29706772012178034
2026-01-05,0.29272898780266166,0.1647856010590041,0.3592365093940459,0.08950088937036754,0.29687400618696036,0.29687400618696036
2026-01-06,0.2924664133339709,0.16505711945631185,0.3581305934740408,0.08826926679810003,0.2980383034687883,0.2980383034687883
2026-01-07,0.2906027284143609,0.16421541224867203,0.36292396596397464,0.08849774274976065,0.2968800753116159,0.2968800753116159
2026-01-08,0.29074054524715853,0.16455691063501277,0.36280181608982465,0.08814710090368534,0.29687681356215934,0.29687681356215934
2026-01-09,0.29181692936873166,0.1654248595120239,0.36027310425428943,0.0887211180869144,0.2968819943890203,0.2968819943890203
2026-01-12,0.291960038343615,0.16510671182178752,0.3568271056575779,0.09017677577466268,0.2979646842011785,0.2979646842011785
2026-01-13,0.3091385565960436,0.17098132772626157,0.3681825319924046,0.08514033397576969,0.28327862485476024,0.28327862485476024
2026-01-14,0.3157182494421189,0.17450250199560818,0.3637206561290143,0.08558538586491778,0.28023660328417044,0.28023660328417044
2026-01-15,0.31544756392871026,0.17413762596491153,0.3620237217364201,0.08578926628911601,0.281300911040421,0.281300911040421
2026-01-16,0.3155455120282945,0.17435539215675178,0.3620199380610402,0.08620803430210368,0.28093556172590495,0.28093556172590495
2026-01-20,0.31664214772813665,0.17360897409292633,0.3639321823343394,0.08707228117933265,0.2793722073326325,0.2793722073326325
2026-01-21,0.3062681753857624,0.17336996849607328,0.35671047814795664,0.08712170963892261,0.2882648341656425,0.2882648341656425
2026-01-22,0.30588914981336623,0.17346674258119063,0.35232899155968517,0.09046296111582418,0.2889260774649669,0.2889260774649669
2026-01-23,0.3016079868889523,0.1709903908932881,0.3491597035141588,0.10660205832722561,0.28581993018818763,0.28581993018818763
2026-01-26,0.30283579695125096,0.172043335567936,0.3479224919132625,0.10596522886631189,0.28561657335061935,0.28561657335061935
2026-01-27,0.3028570449559554,0.1724475074159849,0.3489550589447743,0.1051698515667731,0.2852852685582561,0.2852852685582561
2026-01-28,0.3055442245806795,0.1731795971284584,0.3461752840946316,0.10340372040602928,0.2858485868951006,0.2858485868951006
2026-01-29,0.3094337929503989,0.17591458224654433,0.3450016817952803,0.10193778425806725,0.2838560793748547,0.2838560793748547
2026-01-30,0.3090549858990688,0.17596843402601914,0.34553430295044957,0.10247871618456683,0.28348178046994776,0.28348178046994776
2026-02-02,0.3140883083034546,0.17746538045790974,0.3589201055966325,0.07243109777045435,0.28854755393577436,0.28854755393577436
2026-02-03,0.3176666759560476,0.17905482388643626,0.35961477595754615,0.06960578789158105,0.2870289681541943,0.2870289681541943
2026-02-04,0.31662721387626597,0.17749740505429293,0.3621514287386751,0.06531800696427688,0.28920297268324463,0.28920297268324463
2026-02-05,0.3164951589075887,0.17456020754292342,0.36325203123154726,0.0655015091419854,0.2900955465879776,0.2900955465879776
2026-02-06,0.31821292258674655,0.1785562593296432,0.3530218747042146,0.06545766602453212,0.29237563867743177,0.29237563867743177
2026-02-09,0.3043005539842503,0.17426422867789607,0.36794848096856647,0.06507625582253368,0.29420524027337663,0.29420524027337663
2026-02-10,0.30529940790838306,0.1758093883850862,0.37362825314876985,0.06381556721564353,0.2907236916710587,0.2907236916710587
2026-02-11,0.30819567570454587,0.17758159088674685,0.362087157298002,0.06430547317803244,0.2939150514663363,0.2939150514663363
2026-02-12,0.31570464144042204,0.18250834265858318,0.35549732988056076,0.06423204010504648,0.2910288229576938,0.2910288229576938
2026-02-13,0.3117359655721379,0.18107921437669958,0.34763657465303466,0.06409980865583277,0.2977242183711475,0.2977242183711475
2026-02-17,0.3123378569600906,0.1813443944215725,0.345805912947002,0.06389873441408998,0.29830655062862244,0.29830655062862244
2026-02-18,0.3203193297049604,0.18410863935220192,0.3467824783996498,0.06180851096650075,0.2934905207883435,0.2934905207883435
2026-02-19,0.3192328600838133,0.18327586227727483,0.3486798337875146,0.06187301422984352,0.2934692148107767,0.2934692148107767
2026-02-20,0.322294539942682,0.1834209563340616,0.3477563082885768,0.061856768316575265,0.29233571355905225,0.29233571355905225
2026-02-23,0.32377021976280695,0.18432449434094153,0.34659004924262576,0.06152235062189343,0.29189644301586615,0.29189644301586615
2026-02-24,0.32011177936334084,0.18355867215308053,0.3479194093695716,0.0613536443002819,0.2935282474068626,0.2935282474068626
2026-02-25,0.3269775206526734,0.1884461706286408,0.34461574253948163,0.06029302206417082,0.28983377205751676,0.28983377205751676
2026-02-26,0.32839505135068403,0.18618407994767444,0.3453970977075969,0.0602890905569551,0.28986734021854466,0.28986734021854466
2026-02-27,0.33324458162654064,0.19167693051245469,0.3427361035885944,0.05966717328406016,0.28633760549417503,0.28633760549417503
2026-03-02,0.3362378016533845,0.19203939141205434,0.33974383279022885,0.05957782643036683,0.2862005738569827,0.2862005738569827
2026-03-03,0.33985004178221384,0.19393762284450952,0.3325511352770364,0.0596837470896369,0.28698872650330165,0.28698872650330165
2026-03-04,0.337651270304067,0.19375836463584972,0.33519997277364977,0.057839423161355694,0.28777548456253893,0.28777548456253893
2026-03-05,0.33403038528760637,0.18863873773862352,0.3477437507697647,0.057478285561322,0.2860544203213417,0.2860544203213417
2026-03-06,0.3329137994897714,0.189934825213008,0.3465124836878408,0.05746819346796252,0.2865853490707085,0.2865853490707085
2026-03-09,0.32693465848825726,0.18818480492167364,0.348784834449431,0.05786076270975168,0.2891174697154432,0.2891174697154432
2026-03-10,0.32522353172566687,0.18659643107494997,0.3472383144659303,0.05828415159676673,0.2913287855683431,0.2913287855683431
2026-03-11,0.3272301479447843,0.18800149731280988,0.34007829951131596,0.058600957162057224,0.29304454903451627,0.29304454903451627
2026-03-12,0.3305701647554264,0.18973995438941516,0.32917362491679575,0.059122775740145544,0.2956967400991085,0.2956967400991085
2026-03-13,0.3226743853622913,0.18756648377726037,0.33254494538469714,0.059319599672829466,0.29894729290146077,0.29894729290146077
2026-03-16,0.32374679698145203,0.1874952767251563,0.3318138077963231,0.059099507442380426,0.29892230552734417,0.29892230552734417
2026-03-17,0.3212021521932774,0.18697361052273617,0.32960902947697734,0.05961040729851195,0.3013024002542486,0.3013024002542486
2026-03-18,0.3224282062848657,0.18972384746620813,0.33311086466821577,0.058922591062652636,0.2979072452590289,0.2979072452590289
2026-03-19,0.3168484003148887,0.18909041102112203,0.33368257942398555,0.058565980934696824,0.3009063141526535,0.3009063141526535
2026-03-20,0.3173206724711494,0.1893075193802928,0.33355253636802856,0.05721294663109023,0.3013031625747194,0.3013031625747194
2026-03-23,0.32018403845118537,0.19328602235580472,0.3136632334263612,0.0576945916169529,0.3075860570748478,0.3075860570748478
2026-03-24,0.3183257728605483,0.19493447337141115,0.31294396215684034,0.05741746205565954,0.3081891647777703,0.3081891647777703
2026-03-25,0.32081540142355713,0.1965691117867747,0.3114031846067914,0.05719748155054383,0.30700741031616646,0.30700741031616646
2026-03-26,0.31850115665337886,0.1945420527967243,0.3031474296013465,0.056458608151003835,0.30442346450411084,0.30442346450411084
2026-03-27,0.2990948246509071,0.18213424384127005,0.2912422112713661,0.05412991606990023,0.29640663522092714,0.29640663522092714
2026-03-30,0.2929753570953315,0.179591534082091,0.29462532391047114,0.053856601962264085,0.2991559638506291,0.2991559638506291
2026-03-31,0.2942358262525716,0.1799815258408438,0.2864392717609362,0.054187907649818706,0.30054572720032,0.30054572720032
2026-04-01,0.26083022651821247,0.16260554353165724,0.2817387599518388,0.05354538151974654,0.2948587394239866,0.2948587394239866
2026-04-02,0.25877137653675547,0.16070608285007687,0.28167960870240816,0.053332121766308506,0.2945547990281178,0.2945547990281178
2026-04-06,0.26094173126577075,0.16185123773006027,0.2841720250050598,0.05330730751736429,0.2957084503681613,0.2957084503681613
2026-04-07,0.26056820480385373,0.1615615772091403,0.28437374671142024,0.0533366327728691,0.295941045539816,0.295941045539816
2026-04-08,0.26325657326176966,0.16310993937374088,0.28709912957781425,0.05396122442437871,0.29745640730903583,0.29745640730903583
2026-04-09,0.2458130107066903,0.15416801641687852,0.28448672786848,0.053565844271947764,0.2950428606338048,0.2950428606338048
2026-04-10,0.24506332971060704,0.15365460403777817,0.28574213812691396,0.05357871197421729,0.2948494915515624,0.2948494915515624
2026-04-13,0.24490883775710628,0.1537935934035453,0.2866297606317463,0.05355103208721898,0.29363325863017764,0.2946707458332444
2026-04-14,0.24401916573575985,0.15388929520371983,0.28888224592420486,0.05361330879378774,0.29088034127222817,0.29498260515594615
2026-04-15,0.23916693374918652,0.15007156586518558,0.2857666921829787,0.05313770531485113,0.2869432952750197,0.29285609162971116
2026-04-16,0.2390453237163281,0.14923909480442385,0.28605625037297566,0.05328490464047621,0.2880852053575745,0.29410730359973325
2026-04-17,0.23901373238660045,0.14976840922486506,0.28522267327921835,0.05322761464923277,0.28700566573469277,0.29350255031887856
2026-04-20,0.23440170465735627,0.1473990576804934,0.2783166459721664,0.05272348136786088,0.28180029395213296,0.29106740310200396
2026-04-21,0.2342304744842785,0.147247355017251,0.27996484765953833,0.052667471213793664,0.2815242766966389,0.2909633704962585
2026-04-22,0.24031391602294383,0.14973950781149795,0.2854770273986116,0.05258466292593928,0.2792178261813339,0.28859907486979114
2026-04-23,0.2418806658357009,0.14958624205972504,0.28963939892510926,0.05281352625442257,0.28156520132195173,0.2897275758573909
2026-04-24,0.2419818476963737,0.1496017738435062,0.29053202220000773,0.05299360706123423,0.2811073944036666,0.28981546328230295
2026-04-27,0.24067430090566508,0.1469242028079012,0.29054521287198065,0.053061214239479994,0.2806092114611683,0.2895854228466648
2026-04-28,0.2414994327826685,0.14726307300668584,0.2910657657437603,0.05327437490269557,0.2811156664656523,0.2900907178840939
2026-04-29,0.24038152049403427,0.14639829661621678,0.29231750903187553,0.05334681620428053,0.2797980263431183,0.2891916741984644
2026-04-30,0.24006326377309398,0.14603731809407414,0.2887246729453209,0.05434631805674795,0.2775414435878595,0.2888104157524479
2026-05-01,0.23795351816231478,0.14564135899822583,0.28826258335684485,0.05407593799083635,0.2752339110399248,0.28837423426121384
2026-05-04,0.23771637293646747,0.14617048172426017,0.28872326844145096,0.06279517824731001,0.2746821407223787,0.2878537824428535
2026-05-05,0.23596810251938544,0.1452554465256079,0.2837816153216051,0.06364690874931928,0.2705108549550666,0.28574129566483475
2026-05-06,0.2321768468152654,0.14366857386331916,0.27705625390186284,0.06754014246190913,0.2651229795806797,0.28037423810821993
2026-05-07,0.22697931669516047,0.1422938717079909,0.2713004372719004,0.06547712843306787,0.26099599102647003,0.27730643726760607
2026-05-08,0.2277853126787157,0.1427420572036798,0.27322266896463987,0.06564056170914163,0.25555619045541667,0.27414371150074474
2026-05-11,0.23369273146590056,0.14209415378319715,0.27193834786694654,0.06698807604158091,0.2556333666752637,0.2742648383045609
2026-05-12,0.2341816463820484,0.14242997737466717,0.27030088946328507,0.0680504335210986,0.2553815097338974,0.27451636330982593
2026-05-13,0.23269389133500432,0.1408977278278278,0.27385557123520593,0.06768037556652182,0.253417396575615,0.27258831167890757
2026-05-14,0.23232151454645084,0.14041103441233593,0.2750398703356085,0.0678831975993099,0.2534088483730364,0.27261075000298257
2026-05-15,0.23339849985754482,0.14179794479577093,0.28100129594472223,0.06832858904215985,0.24865808303190365,0.26756562323674743
2026-05-18,0.22673427281973507,0.13770706603812483,0.2684223494612312,0.06785560190357928,0.24191270181097085,0.2645574378758599
2026-05-19,0.22629839176599356,0.1372333632211182,0.2683918544140942,0.06922001337718599,0.2414073356995165,0.26415353713161477
2026-05-20,0.22429667426504388,0.13625863752973413,0.26599853018947994,0.069489649242227,0.23973054298490953,0.26301360457119527
2026-05-21,0.2213556450870773,0.1341836255826646,0.2571833295455481,0.06860535502007381,0.23167009709978928,0.26117782308250176
2026-05-22,0.2220307194362647,0.1344258968313053,0.25623258053574866,0.06937617072384138,0.23166599147899772,0.26112565028770063
2026-05-26,0.22276230070157277,0.13484868037387093,0.2530365447248939,0.07022587997032875,0.23001547098159658,0.25881710184563456
2026-05-27,0.22226152691856657,0.1332962262951298,0.2510416327330616,0.07026670565516212,0.22786596076661714,0.25806389947640235
2026-05-28,0.22328055505075747,0.13416641519745937,0.25064352425645464,0.0700344174872121,0.22802641585021474,0.2580733589431868
2026-05-29,0.22261807334412625,0.13479537591165552,0.24854356638031347,0.06952535899788777,0.22658408700887872,0.2565006818225746
2026-06-01,0.22253101637395376,0.13451682708477822,0.24962135191543655,0.06935996643041067,0.2259429012189797,0.25539639128505615
2026-06-02,0.22200708740340813,0.13416947747675867,0.25335905706649375,0.06938109954458577,0.22536475767649336,0.2547941601015206
2026-06-03,0.22466893577307984,0.1357929910408824,0.2533227125329027,0.07300004504736453,0.2261763686391213,0.2549945530528573
2026-06-04,0.22296902656396825,0.1362437368395797,0.252359298155523,0.07287311943819617,0.22594013970719035,0.25428632605642104
2026-06-05,0.22468929564154091,0.13642278008661327,0.2533675518241882,0.0730645303859422,0.22865410127786343,0.2550072516204968
2026-06-08,0.21110010787255357,0.12000884011608026,0.25002982974528415,0.07051767495510083,0.2259491442419465,0.252228210316924
2026-06-09,0.21273711754039926,0.12007045023004302,0.2540214125292957,0.0706724251728177,0.23164359127295991,0.25297568089358075
2026-06-10,0.2127779139600646,0.1191549979811691,0.2575754597634667,0.07078313483451179,0.23227287546137929,0.25325373546270774
2026-06-11,0.20669399483446024,0.11618997656139286,0.26534613394437717,0.06781232514599368,0.23172255193064573,0.2523720705714558
2026-06-12,0.20529920727049347,0.11228032326866798,0.25340121675106475,0.06557858181982262,0.23141426997205744,0.2498917851114141
2026-06-15,0.20638542586761863,0.1127947436350708,0.25478323648078655,0.06583106345356483,0.23257929213632594,0.25027168723255905
2026-06-16,0.20386697913394491,0.10992130341272287,0.25888826824732053,0.06476435717081297,0.23448474624926896,0.25108708932879215
2026-06-17,0.20384383463245564,0.1084119588227855,0.2589596670537494,0.06506288401906105,0.23867480343771125,0.25238828054064844
2026-06-18,0.20571687050696139,0.10947994770157536,0.2619967675067223,0.06612977267060946,0.24229323834150449,0.2537487914514387
2026-06-22,0.2031091945935692,0.10685837191249517,0.2605453710232573,0.06823513402913661,0.23999668230466675,0.25161552061570286
2026-06-23,0.21072677125052244,0.11040643394319563,0.2842685008550808,0.07089995791976714,0.25558480056991906,0.25558480056991906
2026-06-24,0.20772062156803464,0.10580721294327511,0.288058053955077,0.07143187641021174,0.25645505148181413,0.25645505148181413
2026-06-25,0.21102631228024601,0.10745769185406255,0.28100561099395505,0.07078332351426994,0.2600455435262838,0.2600455435262838
2026-06-26,0.21177252668956761,0.10766767537653993,0.2875760549574159,0.07267832905604033,0.2606664505310683,0.2606664505310683
2026-06-29,0.22269999479699046,0.11194237700841964,0.3000672903181742,0.07691229584779802,0.2667719546064216,0.2667719546064216
2026-06-30,0.22388551346478283,0.11115823170119372,0.29959814015451364,0.07895079127924896,0.2639500360220992,0.2639500360220992
2026-07-01,0.2239012647498145,0.11099864111654502,0.30107657644197,0.07888795301113428,0.2637342017408741,0.2637342017408741
2026-07-02,0.24227945317385013,0.11415681138194768,0.30033651923229565,0.08388842665528307,0.26624545453510556,0.26624545453510556
2026-07-06,0.24431512673374525,0.11341074090742043,0.30240570419184454,0.08408495711206271,0.2680076172765777,0.2680076172765777
2026-07-07,0.2423256285122978,0.1125185131709157,0.3042245853177077,0.08419020046705589,0.2670094667905355,0.2670094667905355
2026-07-08,0.23993819331952332,0.1100544274813436,0.2944233471320033,0.08342403681094442,0.2655437434917874,0.2655437434917874
2026-07-09,0.23903166573932033,0.10994987557562523,0.29375046369489205,0.08362157120136757,0.2652105205898336,0.2652105205898336
2026-07-10,0.2539043007143872,0.1123744792623376,0.29530038245036455,0.08365109004849577,0.26601856897445514,0.26601856897445514
2026-07-13,0.25405755472987773,0.11237483523257061,0.2955321862333755,0.08390139016413276,0.26587616512300954,0.26587616512300954
2026-07-14,0.2502911810100739,0.10992163932436838,0.29195723879499774,0.08181343362881954,0.26446406532979283,0.26446406532979283
2026-07-15,0.25220066192185,0.1098885289482991,0.2926100607708922,0.0811031199652349,0.2645102412983999,0.2645102412983999
2026-07-16,0.25703668561605486,0.11141800343468071,0.2963388140879986,0.08333413151467822,0.2660944300942544,0.2660944300942544
2026-07-17,0.2561651472924747,0.11029351520267328,0.29660600978803786,0.08238906868324582,0.26523967027593603,0.26523967027593603
2026-07-20,0.25379571180222843,0.10981518298520167,0.2997735069342312,0.08237671041812103,0.2665466925398581,0.2665466925398581
2026-07-21,0.25987979143496026,0.11138498989541157,0.3055344259619113,0.083910745761674,0.26906902123389853,0.26906902123389853
2026-07-22,0.2590665531050396,0.11063592940292476,0.30591307654649885,0.0827930858407815,0.2697815993519884,0.2697815993519884
2026-07-23,0.2621069750343286,0.11117357547241834,0.30927543644455285,0.08468119905354474,0.271238300162649,0.271238300162649
2026-07-24,0.25805166926167816,0.10996998875270321,0.307550124053613,0.08400671717157929,0.2698768534779675,0.2698768534779675
2026-07-27,0.2593251807827478,0.10985361837838174,0.30838344733262874,0.08433924087000436,0.27053306850399333,0.27053306850399333
2026-07-28,0.2616914911509411,0.11140965112019716,0.3064518833107798,0.08449085592416487,0.27137486292740426,0.27137486292740426
2026-07-29,0.26229236872915407,0.11129533739104208,0.30600064806813204,0.08438355444682612,0.27206119463618467,0.27206119463618467
2026-07-30,0.25522632532844375,0.11000751437747404,0.2871588188670089,0.08497955885477435,0.27182761118185467,0.27182761118185467
2026-07-31,0.24773765701916076,0.10635459552011964,0.29052447648197716,0.0841848878833565,0.27162508269130864,0.27162508269130864
2026-08-03,0.2502703219541595,0.10707553070153498,0.2895225678377794,0.08495858796382061,0.2731154341676164,0.2731154341676164
2026-08-04,0.2458608921829626,0.10652477553315133,0.2900180834294407,0.08504656759340318,0.2734474262705611,0.2734474262705611
2026-08-05,0.23828287124351785,0.10273623517100405,0.288117159662557,0.08549677226383089,0.272336766926424,0.272336766926424
2026-08-06,0.2419683703231047,0.10404360572128672,0.2933127689247791,0.08163678111398077,0.27551310633519815,0.27551310633519815
2026-08-07,0.24858919370510485,0.10632123776117205,0.2987720645487945,0.08523495090827872,0.2784247219027333,0.2784247219027333
2026-08-10,0.24775970800242675,0.10572444449883338,0.29884236565196637,0.08347958273426055,0.2778327213972557,0.2778327213972557
2026-08-11,0.2507203270110277,0.1080364687752331,0.2983667206677486,0.08376122016799309,0.27961225744098284,0.27961225744098284
2026-08-12,0.25030741312834537,0.1079891404290603,0.30013724076003984,0.08374699493839763,0.2795473177234387,0.2795473177234387
2026-08-13,0.25065961238969486,0.10821740652559655,0.3032732947278694,0.08354581363687547,0.2798764470980581,0.2798764470980581
2026-08-14,0.2501079798912034,0.10808021326915675,0.30067314772505555,0.08304886044379932,0.2797012384341854,0.2797012384341854
