date,average_pairwise_correlation,sleeve_only_forecast_volatility,portfolio_scalar,target_forecast_volatility,target_gross_exposure
2020-04-03,0.10701342061163419,0.05244951522109274,1.9065953151037836,0.1,0.8273710756517385
2020-04-06,0.10717141479413109,0.05243040099282974,1.907290390811159,0.1,0.8276183626068137
2020-04-07,0.11348131164296785,0.05319249023643198,1.8799646257491658,0.09999999999999999,0.8073684532888338
2020-04-08,0.11397712979213417,0.05321929481503928,1.8790177575171652,0.1,0.8066370952408772
2020-04-09,0.11160898979734563,0.053019509266015084,1.8860981812990656,0.10000000000000002,0.8074312196587862
2020-04-13,0.11032798406444061,0.05277310990632402,1.894904434806041,0.1,0.8026499006580026
2020-04-14,0.10869249067328592,0.052659454920428964,1.8989942100825947,0.1,0.8031315948603599
2020-04-15,0.10916120088455221,0.052753822962496325,1.8955972171171722,0.1,0.8007097847584533
2020-04-16,0.10836214623222337,0.05269068896206119,1.8978685223114635,0.1,0.8003628670090223
2020-04-17,0.1081739147429257,0.052693783897969644,1.8977570522099692,0.1,0.8001271451182372
2020-04-20,0.1064409305374641,0.05249868011053249,1.9048097931120673,0.09999999999999998,0.80090579646685
2020-04-21,0.10624680240777756,0.05245779651007687,1.9062943290191483,0.1,0.8012180719814805
2020-04-22,0.10781576536460938,0.0525173112563807,1.9041340389993842,0.1,0.7987938797535341
2020-04-23,0.10698687480175065,0.05250905025257569,1.9044336075207298,0.1,0.7968598957226423
2020-04-24,0.1067182539283966,0.05249769694644286,1.9048454659262117,0.10000000000000002,0.7968457941475773
2020-04-27,0.10618897838092382,0.052450437594690646,1.9065617864382245,0.10000000000000002,0.7973099539556454
2020-04-28,0.10655995555063938,0.052483715836569265,1.9053528967231137,0.1,0.796337073889656
2020-04-29,0.10716120645410733,0.05252718171108572,1.9037762305624573,0.1,0.7960675406304503
2020-04-30,0.10650766165704566,0.05250854755513082,1.904451839864853,0.1,0.7950952187785316
2020-05-01,0.10516071297953197,0.05254923851235257,1.902977147356633,0.1,0.7929951430755087
2020-05-04,0.10814342343431411,0.05260797928627333,1.9008523299447917,0.1,0.7914540809729669
2020-05-05,0.10841118893451299,0.05263838196805392,1.8997544426933508,0.1,0.7911643539319497
2020-05-06,0.10920887033337759,0.05275141336206212,1.8956838049749436,0.1,0.7905191638986179
2020-05-07,0.11039065866737634,0.05286824687681321,1.8914945341956797,0.10000000000000002,0.7879601170567392
2020-05-08,0.11264869868263318,0.05305175833894693,1.8849516610005916,0.1,0.7843016972682726
2020-05-11,0.11155727716499637,0.05296714575865383,1.8879627846222373,0.09999999999999999,0.7848506540812814
2020-05-12,0.11185547759695015,0.052962026203557264,1.8881452838615789,0.10000000000000003,0.7846638521683554
2020-05-13,0.1111167612032696,0.05290518869629006,1.8901737705551827,0.1,0.7852348683229449
2020-05-14,0.11091866167274562,0.05287644685417298,1.8912012048727147,0.1,0.7854365309757547
2020-05-15,0.11080953831814684,0.052923316906786325,1.8895263155204294,0.10000000000000003,0.7844278790748687
2020-05-18,0.11076562568168187,0.05291454420431285,1.8898395800950585,0.10000000000000002,0.7844614194750612
2020-05-19,0.1080104121031795,0.0527070714956031,1.8972786224395364,0.1,0.7858663671506418
2020-05-20,0.10788742292480745,0.05268034460905391,1.898241189234998,0.1,0.786134152298043
2020-05-21,0.10809757281344907,0.05272166220763628,1.8967535508680504,0.10000000000000002,0.7851877221767111
2020-05-22,0.10953666971075841,0.05283067651196167,1.89283966442032,0.1,0.7836002905347734
2020-05-26,0.11234138723280451,0.053043324787846666,1.8852513563198077,0.09999999999999998,0.7819115253650072
2020-05-27,0.11178438160121869,0.05290380211117758,1.8902233111686293,0.1,0.7846316342851452
2020-05-28,0.11161207470630415,0.052894359748296496,1.8905607417475279,0.1,0.7847595540782943
2020-05-29,0.1133021075263744,0.052966692235307644,1.8879789501625688,0.10000000000000003,0.7859338760698411
2020-06-01,0.12088550629695664,0.05336636016537049,1.8738396190057225,0.1,0.7849032794635793
2020-06-02,0.12168631293035433,0.05338506316575681,1.8731831353183408,0.1,0.786469245578596
2020-06-03,0.12353974510355603,0.05381304691922358,1.8582854107871953,0.10000000000000003,0.7841332008427435
2020-06-04,0.12374942790164847,0.053804828139056675,1.858569267084239,0.09999999999999999,0.7844493257435738
2020-06-05,0.1276307198918277,0.054200911693034676,1.8449874158270099,0.1,0.7815835919455176
2020-06-08,0.12626007464023412,0.05400228001753967,1.8517736652511803,0.1,0.7871360077969698
2020-06-09,0.15588941372440962,0.05490939982757698,1.821181807013256,0.1,0.7829982922750942
2020-06-10,0.16647712650478524,0.055697921647941594,1.7953991287517936,0.10000000000000002,0.7801601832458893
2020-06-11,0.14476394740237766,0.05430453440999601,1.8414668514604313,0.1,0.8053030042918923
2020-06-12,0.11887432734152166,0.05227232120698059,1.9130583393079879,0.10000000000000002,0.8515270821221863
2020-06-15,0.12993313625508077,0.05379112457390417,1.85904274714705,0.1,0.8437340904244184
2020-06-16,0.16208976855530424,0.05575187986830081,1.7936614915268108,0.1,0.8558902894821865
2020-06-17,0.18987650606749593,0.05743558529012532,1.741080890790411,0.1,0.8527176196032935
2020-06-18,0.1174587934372354,0.052763215703404434,1.8952597688913742,0.1,0.9558044328957253
2020-06-19,0.1257148652219174,0.05305089531726191,1.884982325028954,0.10000000000000002,0.9572572284515097
2020-06-22,0.13868706909159215,0.05415261221100083,1.8466329862418993,0.1,0.987042958695363
2020-06-23,0.13707825587918507,0.05448542468467739,1.8353532266423245,0.1,1.0145074239489964
2020-06-24,0.15538057768288585,0.053539788592726074,1.867769795669048,0.1,1.0836785237181594
2020-06-25,0.16151276310876825,0.0538084746244786,1.8584433158138236,0.09999999999999999,1.0772411609690038
2020-06-26,0.11489132155072919,0.051762295956546675,1.9319081225444064,0.10000000000000002,1.1424123738758905
2020-06-29,0.11658926430510323,0.05219207813860589,1.9159995839681108,0.1,1.145989510220236
2020-06-30,0.11319407886163942,0.052208097232855695,1.9154116947412483,0.10000000000000002,1.1517804802682747
2020-07-01,0.09986846941424794,0.05132117152316118,1.9485135867342804,0.10000000000000002,1.1864631641869718
2020-07-02,0.11357858679261688,0.052043180441801166,1.9214813382096811,0.1,1.1924471661612128
2020-07-06,0.10596040902992108,0.05140980593767194,1.945154201150607,0.1,1.2131724235880057
2020-07-07,0.10280961669904251,0.05143471383667754,1.9442122360694671,0.1,1.2158027992973228
2020-07-08,0.08751634373745686,0.04812127920873377,2.0,0.09624255841746754,1.2956949361946957
2020-07-09,0.0836516909800891,0.047848887504958366,2.0,0.09569777500991673,1.2975057924345068
2020-07-10,0.08388060704526862,0.04822521758641873,2.0,0.09645043517283745,1.3053407173026588
2020-07-13,0.07164929937582426,0.048286658722757766,2.0,0.09657331744551553,1.3616907526086752
2020-07-14,0.07751617797577366,0.048637532355842984,2.0,0.09727506471168597,1.3696098619827053
2020-07-15,0.07533875605495607,0.048198919542712895,2.0,0.09639783908542579,1.3814308882918092
2020-07-16,0.07957891977169812,0.048522549065325354,2.0,0.09704509813065071,1.402010215575888
2020-07-17,0.07755498568207118,0.048326832158125055,2.0,0.09665366431625011,1.4026406044183561
2020-07-20,0.08327619456727521,0.049017512414520695,2.0,0.09803502482904139,1.420144723178808
2020-07-21,0.08659305059195804,0.04949719380659545,2.0,0.0989943876131909,1.4272279969168533
2020-07-22,0.08296886662969669,0.04902005584378126,2.0,0.09804011168756252,1.4559381666221358
2020-07-23,0.08332247189081408,0.04879756151528415,2.0,0.0975951230305683,1.4710168406400714
2020-07-24,0.07860823561739581,0.04824997835863794,2.0,0.09649995671727588,1.4612404124364913
2020-07-27,0.08093261768083311,0.048412881369670736,2.0,0.09682576273934147,1.4644002861551302
2020-07-28,0.07903517410267151,0.04853658960777702,2.0,0.09707317921555404,1.4669998393595276
2020-07-29,0.07998148683243773,0.04857815275130326,2.0,0.09715630550260652,1.470312158520493
2020-07-30,0.07941014609194523,0.0483280919976009,2.0,0.0966561839952018,1.488704330756077
2020-07-31,0.0962492313796788,0.047511594192021986,2.0,0.09496053341088523,1.5
2020-08-03,0.07355655600078817,0.047542805249868786,2.0,0.09339367972827599,1.5
2020-08-04,0.07332534562189794,0.04751643909556618,2.0,0.09336228430002697,1.5
2020-08-05,0.07610009709293857,0.047827284257164704,2.0,0.09441135539898786,1.5
2020-08-06,0.07060027034331216,0.046691099652629,2.0,0.09134048406974943,1.5000000000000002
2020-08-07,0.05145723522290781,0.04561578859717807,2.0,0.08867027567943372,1.5
2020-08-10,0.06511621294223117,0.046699996137788025,2.0,0.0907032866413933,1.5000000000000002
2020-08-11,0.062474871031525755,0.04665174196773011,2.0,0.09037960023066126,1.5
2020-08-12,0.10835287811677231,0.050226693466115656,1.9909731877425463,0.1,1.4903095080438615
2020-08-13,0.10655166826345201,0.050114426568231535,1.99543338810529,0.1,1.4956373810906811
2020-08-14,0.10336676991694117,0.049574665710999125,2.0,0.09914933142199825,1.4954311281635366
2020-08-17,0.10346190688078397,0.04970517973396039,2.0,0.09941035946792078,1.4944057281695562
2020-08-18,0.1283164381530751,0.05101809349660896,1.9600889242685389,0.09991811071059414,1.5
2020-08-19,0.13381382687588467,0.051360002711385425,1.9470403956546545,0.1,1.4919232583022566
2020-08-20,0.13618723123164456,0.051654694343854765,1.935932469841374,0.1,1.4800020661695457
2020-08-21,0.1351209310382301,0.05180675511972667,1.9302502109791972,0.1,1.4762181840164923
2020-08-24,0.13354059863567283,0.051700633677430066,1.9342122695036723,0.1,1.4785521520400147
2020-08-25,0.13545650732841708,0.05177096125943372,1.9315847642635373,0.10000000000000002,1.4877397193326816
2020-08-26,0.13691147151366606,0.051855005238797956,1.928454149015878,0.1,1.485127652860757
2020-08-27,0.1381010232741216,0.0517478826582611,1.9324462154401958,0.1,1.4845198021466202
2020-08-28,0.14405004892516393,0.05220489359696686,1.9155292370102652,0.10000000000000002,1.4618927295746675
2020-08-31,0.14770304766692158,0.05230434208538184,1.9118871591341224,0.1,1.4610508039718488
2020-09-01,0.15063605813252373,0.05246679268805986,1.9059674677380751,0.1,1.460179347373799
2020-09-02,0.1505483094318588,0.053181956182093294,1.8803370010987044,0.1,1.4454405102174481
2020-09-03,0.14941850482647906,0.05274869826726372,1.8957813801077406,0.1,1.4614133555041902
2020-09-04,0.17703250961409747,0.05451334802109852,1.834413104865557,0.1,1.3955552908370525
2020-09-08,0.19454664864446733,0.0553735138404964,1.8059175418784215,0.10000000000000002,1.3592880996355476
2020-09-09,0.19411911130249457,0.05542550259857021,1.8042236030635412,0.10000000000000002,1.3434349011350246
2020-09-10,0.19251628316188815,0.055446023109747965,1.8035558619247303,0.1,1.3422631958311595
2020-09-11,0.17956180005949865,0.05666030023287,1.7649041672742074,0.1,1.4189411319543952
2020-09-14,0.18074371962155286,0.05697536020483938,1.7551446737761247,0.1,1.4242553986666198
2020-09-15,0.18441755373534777,0.05707685847907073,1.7520235462270333,0.10000000000000002,1.4281000702000792
2020-09-16,0.19167059448591559,0.05764851441333059,1.7346500775894425,0.09999999999999999,1.4309212797664501
2020-09-17,0.1947041278653563,0.057811713530952755,1.7297532609279844,0.1,1.4283962986476748
2020-09-18,0.19979856848550864,0.05784826449211243,1.7286603302271053,0.1,1.4286789593357634
2020-09-21,0.20323359905011337,0.05817651318239243,1.7189067293614595,0.1,1.4186335099061411
2020-09-22,0.20637773201419674,0.05800050053964974,1.7241230518629573,0.1,1.409362995384999
2020-09-23,0.2076908753372496,0.05798499722882187,1.724584026543581,0.09999999999999998,1.4093090986026373
2020-09-24,0.22962052383773454,0.05946813177772449,1.6815729199930558,0.1,1.3762212601411021
2020-09-25,0.22935605826851427,0.059487185422360686,1.6810343150377212,0.1,1.377132184960441
2020-09-28,0.2452862495750854,0.06013881546264177,1.6628195821735132,0.10000000000000002,1.385101901690738
2020-09-29,0.2554216176679202,0.060597255600650754,1.6502397511039444,0.1,1.3727487581399163
2020-09-30,0.2598477953335983,0.060703658365527616,1.6473471730130187,0.1,1.3819848763774232
2020-10-01,0.2605454107108248,0.060583837231954686,1.6506052532977464,0.1,1.3793380282530645
2020-10-02,0.25407477241356574,0.060729498448929636,1.646646235422063,0.09999999999999999,1.379439166160522
2020-10-05,0.26322541655409487,0.06096326407540328,1.640332116671338,0.09999999999999999,1.3806102379718086
2020-10-06,0.2556251826745599,0.0605568666073189,1.6513403946153649,0.1,1.378244124624575
2020-10-07,0.2551796832774584,0.06049508405317142,1.6530268792106515,0.1,1.373226644832722
2020-10-08,0.2531986100939003,0.060388129477285654,1.6559545868632002,0.10000000000000002,1.382497488984562
2020-10-09,0.2596828952580514,0.06069387527719889,1.647612704630963,0.09999999999999999,1.3757770662885276
2020-10-12,0.2634410028163688,0.06100290130435503,1.6392662949108119,0.1,1.37446708975104
2020-10-13,0.2677568366529547,0.061122345823223505,1.6360628613505357,0.10000000000000003,1.3735102191470523
2020-10-14,0.2675821067469076,0.061036562787904494,1.6383622444056896,0.10000000000000002,1.371622086073447
2020-10-15,0.26786915281540674,0.06105116193877344,1.6379704632040797,0.10000000000000002,1.3708528424083597
2020-10-16,0.265436334605379,0.061075619315305196,1.6373145474587203,0.1,1.3709136809453046
2020-10-19,0.2718756837143309,0.060975936829321536,1.6399912030857546,0.1,1.3806272121076832
2020-10-20,0.27476221452041477,0.06134362519210557,1.6301612382189175,0.1,1.3688018395701653
2020-10-21,0.2725660460460289,0.061090386751060106,1.6369187578971203,0.1,1.3713377990415208
2020-10-22,0.2808728977069089,0.06179519221708229,1.618248870376628,0.1,1.3684710418375703
2020-10-23,0.2834110793937291,0.06188558650543507,1.6158851462321935,0.1,1.3626165934987837
2020-10-26,0.2932935339066647,0.061950645307631,1.6141881897020713,0.10000000000000002,1.3633645109704704
2020-10-27,0.28617226226607545,0.0615574523236994,1.6244986792850158,0.1,1.3543600627760775
2020-10-28,0.28073326091231043,0.06145934413496775,1.627091883382209,0.1,1.3602917295989783
2020-10-29,0.2875494910237258,0.062009369557868024,1.6126595176343244,0.1,1.319591785365478
2020-10-30,0.28088141428932273,0.061600560878077096,1.623361842401484,0.1,1.324210073581784
2020-11-02,0.2806800544684591,0.06169236012391584,1.6209462532984489,0.1,1.3163347498769706
2020-11-03,0.2798778713098603,0.061763293482046934,1.619084643358074,0.10000000000000002,1.3170725954517142
2020-11-04,0.2745646216085049,0.06173855607200395,1.6197333783344852,0.1,1.3071529805990578
2020-11-05,0.30423635916391584,0.06334930145275595,1.5785493716071528,0.09999999999999999,1.238070930661605
2020-11-06,0.29691721568996415,0.06369577161534276,1.5699629263288875,0.1,1.2251251527626081
2020-11-09,0.29436434101130254,0.06371835555902408,1.569406478285009,0.1,1.2193332661347198
2020-11-10,0.25690703255472935,0.061861263389380805,1.6165204931324786,0.1,1.2558049549012575
2020-11-11,0.2643613739662266,0.06225584845016848,1.6062747916774938,0.1,1.251020574592257
2020-11-12,0.2673984173653727,0.06261714714342063,1.5970066437385961,0.1,1.250483278116895
2020-11-13,0.25889558040478133,0.06201619266758877,1.6124820905405652,0.10000000000000002,1.2467551724374517
2020-11-16,0.2540831207151188,0.06192909992372059,1.6147497722907675,0.09999999999999999,1.2535163421982705
2020-11-17,0.2527199782376942,0.06173832392608476,1.6197394687896522,0.1,1.2562283206963847
2020-11-18,0.24925550031747334,0.06142286940541581,1.6280580990112903,0.1,1.2733083423678653
2020-11-19,0.24518864348009792,0.06111853812737302,1.6361647883592496,0.1,1.281475962111416
2020-11-20,0.2496446910304668,0.06124495421577088,1.6327875705105763,0.10000000000000002,1.2788737207545329
2020-11-23,0.24999558807950192,0.06118406059707127,1.634412607207485,0.1,1.2790896074106364
2020-11-24,0.2480056086336245,0.061061074397291075,1.6377045603448541,0.1,1.278431853118199
2020-11-25,0.24259311205194958,0.060606844927463675,1.6499786471261355,0.10000000000000002,1.283581809599704
2020-11-27,0.2364958189017255,0.06033947472188604,1.6572898663920337,0.10000000000000003,1.2996578196458324
2020-11-30,0.2315074345109881,0.06028872268480481,1.658685000224827,0.1,1.3006601015515464
2020-12-01,0.22926425932154001,0.060343112911811055,1.6571899455393666,0.10000000000000002,1.301012777135184
2020-12-02,0.21477429491219446,0.05939417898285762,1.6836666776530753,0.1,1.3158984131290314
2020-12-03,0.2150765656618267,0.05937876440428234,1.68410375330727,0.1,1.32021491865456
2020-12-04,0.21157127762000863,0.05933741023870667,1.6852774598303673,0.1,1.344411387214506
2020-12-07,0.19551096329368,0.05856019775513266,1.7076445065664971,0.1,1.3680304779100425
2020-12-08,0.2074993251086705,0.05906923233925007,1.6929287217696316,0.10000000000000002,1.3757031763684509
2020-12-09,0.19710726060934677,0.05877951835754837,1.7012728718141694,0.10000000000000003,1.396623119004936
2020-12-10,0.20387438031100238,0.05935048408132819,1.6849062235612036,0.1,1.3874613570047292
2020-12-11,0.2063495593851978,0.059419490099720154,1.6829494805858485,0.1,1.3833936460308345
2020-12-14,0.20622298201082143,0.05935380986055558,1.6848118130064036,0.1,1.3880548487039364
2020-12-15,0.2064208100888059,0.05938292297478131,1.6839858159637564,0.09999999999999999,1.3879945392194992
2020-12-16,0.20949945624458918,0.05950071158309297,1.680652169350103,0.1,1.3815787229168985
2020-12-17,0.206127735924157,0.059500782031710255,1.6806501794666524,0.1,1.3844747599654277
2020-12-18,0.2072418488251724,0.0594049443410179,1.6833615637436437,0.1,1.3903687591988168
2020-12-21,0.2060411619106863,0.05962121745126612,1.6772552503098275,0.1,1.4033543353570752
2020-12-22,0.2038219319034568,0.059620982179154174,1.677261868976119,0.1,1.4027796600576052
2020-12-23,0.18552166129247089,0.05850626005523637,1.7092188067668137,0.1,1.4699665774581085
2020-12-24,0.18391635648916344,0.05834684016400021,1.7138888707412752,0.1,1.4702976991686199
2020-12-28,0.18605441260406744,0.05867495221434089,1.7043047540064082,0.1,1.4687479601279787
2020-12-29,0.17864278563945454,0.05838392404564032,1.7128002551152137,0.1,1.4881651114405674
2020-12-30,0.17985518027317104,0.05850101539405551,1.7093720395520067,0.10000000000000002,1.4860663786715476
2020-12-31,0.1831742640100385,0.058681867036331284,1.7041039259723574,0.1,1.4861877633360647
2021-01-04,0.18454746316824258,0.05852710818107985,1.7086099605435001,0.1,1.4936878189023977
2021-01-05,0.1776725607511133,0.05782419848393779,1.7293797860039108,0.09952529551900202,1.5
2021-01-06,0.1930617773260463,0.058653326150676116,1.7049331480896293,0.0990650273250368,1.5
2021-01-07,0.21515117803272432,0.059167953533842084,1.6901040855300726,0.10000000000000003,1.4929886758700581
2021-01-08,0.21731795623421632,0.059015220683019634,1.694478116706812,0.1,1.4965568036588237
2021-01-11,0.20855613392405334,0.05827612782323833,1.7159685060633656,0.09959164772465318,1.5
2021-01-12,0.2098083055913299,0.05813377951964219,1.7201702835476593,0.09969219583918797,1.5000000000000002
2021-01-13,0.20077145350033776,0.05781600886157896,1.7296247521930554,0.09811422477621815,1.5000000000000002
2021-01-14,0.19968119602275175,0.058066007930366974,1.7221779757947278,0.09823354496909883,1.5
2021-01-15,0.20057261533563348,0.05831735148187463,1.7147555137355748,0.09856782375741253,1.5
2021-01-19,0.20124222554816085,0.05834844044489471,1.7138418651384821,0.09891229085481301,1.5
2021-01-20,0.20894459129010762,0.05861075572447974,1.7061714827579568,0.09957177537254115,1.5
2021-01-21,0.206925084396993,0.058768654756870056,1.7015873583240393,0.09956095919920481,1.5000000000000004
2021-01-22,0.20805324365049124,0.058844045116448855,1.6994073028478238,0.09951156845031622,1.5
2021-01-25,0.20889765555540976,0.05886922420303581,1.698680445577252,0.09969828928854164,1.5
2021-01-26,0.2091829164419286,0.05902329671875915,1.6942462647671352,0.1,1.4999837648045904
2021-01-27,0.2099995464830016,0.05903969386945566,1.6937757201301356,0.1,1.4995382822207888
2021-01-28,0.22022268709403775,0.059653129126565965,1.6763579960378967,0.1,1.494556935033852
2021-01-29,0.21930183543449094,0.05966889719811724,1.6759150025510334,0.1,1.4942998768457387
2021-02-01,0.19204832579488818,0.05839468101635408,1.7124847376423529,0.09623812365744315,1.5
2021-02-02,0.20277563742351148,0.05919431589227306,1.6893513928261061,0.09783256124173904,1.5000000000000002
2021-02-03,0.19600292674094105,0.05873118748656421,1.7026728775555025,0.09666585808260374,1.5
2021-02-04,0.19294624517359676,0.058549440594048596,1.7079582483690674,0.09621128672033016,1.5
2021-02-05,0.1934545308485764,0.057851650043614054,1.7285591668450344,0.09489052042707115,1.5
2021-02-08,0.1427533852857494,0.05422800245371071,1.8440657128272517,0.08635120083288195,1.4999999999999998
2021-02-09,0.13833014081458986,0.053134130501926335,1.8820294800227244,0.08360595411883745,1.4999999999999998
2021-02-10,0.13827237272359127,0.0528905829242418,1.8906957433847102,0.08297826380168156,1.5
2021-02-11,0.15046756726383276,0.053176685354376495,1.880523378499181,0.08104530032216956,1.4999999999999998
2021-02-12,0.14776205559543876,0.05314008876373557,1.8818184599692103,0.08071111065363465,1.5
2021-02-16,0.15232919718349477,0.05314949685300321,1.8814853558552458,0.08067256804774464,1.5
2021-02-17,0.19021876262551715,0.05463684416580573,1.8302667646127455,0.08244724806928772,1.5
2021-02-18,0.18388246868305644,0.05419804455318297,1.845085017815964,0.08167775349356365,1.5
2021-02-19,0.18146519689335533,0.05413924410155409,1.8470889584719834,0.08142656794481519,1.5
2021-02-22,0.18211499378447266,0.05446510186846476,1.836038060508979,0.08205134202501005,1.5
2021-02-23,0.18250029086164019,0.054283148455764284,1.8421923349101739,0.08224001212999743,1.5
2021-02-24,0.17608281237163084,0.05403807691569662,1.8505469792347973,0.08172904402223057,1.5000000000000002
2021-02-25,0.17794002618834118,0.05424376152707479,1.8435299688810634,0.08182095952225252,1.5
2021-02-26,0.3085410839530048,0.059518437137621436,1.6801516439145592,0.09261509337950587,1.5
2021-03-01,0.28050457774630416,0.058790267990038454,1.7009617989314867,0.09365872527244522,1.5
2021-03-02,0.2617179190051215,0.058650027017280865,1.7050290525959286,0.09530121595303859,1.5
2021-03-03,0.2581771456794536,0.05847587050118405,1.7101070773794662,0.09504712071424193,1.4999999999999998
2021-03-04,0.28260644454098693,0.05966221043933891,1.6761028339986537,0.09799913102368243,1.5
2021-03-05,0.3013921946221366,0.060628999624649106,1.6493757215044724,0.09922957901649712,1.5
2021-03-08,0.30436879068878786,0.06095467159416439,1.640563346248488,0.09999999999999999,1.4948633656480026
2021-03-09,0.3146207923406574,0.06168846028573207,1.6210487267280524,0.1,1.4724141378857105
2021-03-10,0.33635474490433537,0.06353855247844827,1.573847626351248,0.1,1.4099379804222902
2021-03-11,0.3375416964276299,0.0636357853238936,1.5714428523356743,0.1,1.4124913041868936
2021-03-12,0.335479498532593,0.06342486948259381,1.5766685972833385,0.09999999999999998,1.4132769502089195
2021-03-15,0.3313584266979038,0.06321169668422338,1.581985696406064,0.1,1.415610497010346
2021-03-16,0.3332707618158256,0.06339399349350597,1.5774365123447212,0.1,1.411796059807885
2021-03-17,0.33568066399545143,0.06342932047315582,1.576557958591428,0.1,1.4118053975603184
2021-03-18,0.3359391427895196,0.06345808489612101,1.5758433328660488,0.1,1.4109158481690467
2021-03-19,0.3428936338208789,0.06419525510794503,1.5577475287207583,0.1,1.385767626439843
2021-03-22,0.3434133159795075,0.06419144749163998,1.5578399289566354,0.10000000000000002,1.380994008637867
2021-03-23,0.3433758580846726,0.06443515299021471,1.5519478942679978,0.1,1.368460957116377
2021-03-24,0.3394915238562035,0.06415439776631546,1.5587395951288228,0.10000000000000002,1.3698507228702959
2021-03-25,0.3371368849585016,0.06398084200619938,1.5629678645102947,0.1,1.374397417945414
2021-03-26,0.3371264632669485,0.06398107916491286,1.562962071056155,0.09999999999999999,1.3746333446640195
2021-03-29,0.3402828329724578,0.06417655383342868,1.5582014618539923,0.1,1.3684006456371747
2021-03-30,0.34225483859173333,0.06412928332021292,1.559350032038811,0.09999999999999999,1.3694334457859427
2021-03-31,0.33955933518267417,0.06396938705036301,1.5632477441322072,0.09999999999999998,1.3690679335614493
2021-04-01,0.33488060068919057,0.06397569011259911,1.5630937286334394,0.1,1.36003371199534
2021-04-05,0.3426581474449664,0.06479012134210652,1.5434451723276972,0.09999999999999999,1.3316211277810297
2021-04-06,0.3381869350284754,0.06458716030727837,1.5482953504108607,0.1,1.3316200952126998
2021-04-07,0.35183940293941274,0.06536179750977847,1.5299456840219163,0.10000000000000002,1.3254174623168604
2021-04-08,0.35231915288036686,0.06543605025618467,1.5282095971333254,0.1,1.3249666116984788
2021-04-09,0.3489465627562155,0.06553692598235984,1.5258573468477354,0.1,1.3304521169301708
2021-04-12,0.35026929586869976,0.06580429223647924,1.5196577092666312,0.09999999999999999,1.3324055229265368
2021-04-13,0.36390569173555626,0.06662394118080894,1.5009619399220568,0.1,1.3305792330663246
2021-04-14,0.36765996003664003,0.06671704005821792,1.4988674544425091,0.1,1.3330107942450142
2021-04-15,0.3686564585882685,0.06679927224946247,1.497022297287149,0.1,1.3306983265631906
2021-04-16,0.3861700444216893,0.06773256578181476,1.4763946832034613,0.1,1.302798398286561
2021-04-19,0.3847862277769013,0.0675966347291654,1.4793635866735504,0.1,1.3057836342719518
2021-04-20,0.38851966034340635,0.06773696340856268,1.4762988325419815,0.1,1.3060408802790135
2021-04-21,0.37784885462977486,0.06727014109092308,1.4865436340446927,0.09999999999999999,1.3154778327363443
2021-04-22,0.38164469498583026,0.06717748021914167,1.488594089474434,0.1,1.3225206137760501
2021-04-23,0.3821907427041157,0.06712725195123875,1.48970793669075,0.1,1.3194487450497379
2021-04-26,0.3793153292853337,0.06706598787095386,1.491068769350221,0.1,1.319188962687081
2021-04-27,0.3774728007008681,0.06698556239629191,1.492859004577614,0.1,1.32421008051857
2021-04-28,0.3785488330416422,0.06704945967822727,1.4914363289414045,0.10000000000000002,1.3219762155026589
2021-04-29,0.3827670455121829,0.06732333770352249,1.4853690178044725,0.10000000000000003,1.337897658132356
2021-04-30,0.38394707956388513,0.06733797036811476,1.4850462443897932,0.09999999999999999,1.3391527348011163
2021-05-03,0.3907326683297639,0.06721838433223896,1.4876882417424973,0.1,1.354749885032766
2021-05-04,0.38213284437489065,0.06668550943363809,1.4995761575386142,0.1,1.3737746768527594
2021-05-05,0.3895048589373026,0.06698174767343658,1.4929440254013813,0.10000000000000003,1.3707616694390883
2021-05-06,0.39022521375119595,0.06696268850666341,1.4933689526227591,0.10000000000000002,1.3719523468813688
2021-05-07,0.4017400240742127,0.06774846138521687,1.4760482814716827,0.1,1.3608199066853213
2021-05-10,0.40378220724390407,0.06782548796439315,1.4743719949718275,0.1,1.359147974374336
2021-05-11,0.40608268864208397,0.06773349968683784,1.4763743267710154,0.09999999999999999,1.3553643056834548
2021-05-12,0.4071863328872077,0.06772380971266369,1.4765855675319604,0.09999999999999998,1.3524009965310213
2021-05-13,0.4188915196345748,0.06869636218096828,1.4556811572724606,0.1,1.3151824207486313
2021-05-14,0.4240330844872143,0.06895985875274034,1.4501189794856735,0.1,1.306947903559315
2021-05-17,0.43416912855646717,0.0697461188038394,1.4337715376141502,0.09999999999999999,1.2831520115084591
2021-05-18,0.4259859715219862,0.06943532517430498,1.440189122020641,0.1,1.2938987240533901
2021-05-19,0.4286060059716503,0.06958551344718139,1.4370807233592464,0.10000000000000002,1.2909405607977171
2021-05-20,0.42805553611454816,0.06952916652475302,1.4382453436199194,0.1,1.291377850423923
2021-05-21,0.4401271550758376,0.06994658295131227,1.4296624049470297,0.1,1.2779834328734965
2021-05-24,0.4472058705876253,0.07040000525653176,1.4204544393939793,0.1,1.2799097718911
2021-05-25,0.45043586271999564,0.07050465366696697,1.4183460920516837,0.1,1.2759935886037765
2021-05-26,0.4529959370724321,0.07062684160342152,1.415892283014897,0.1,1.2738811287110583
2021-05-27,0.37633286160853063,0.06781270146492085,1.4746499968258817,0.1,1.3686818393922402
2021-05-28,0.44274264249171563,0.07031106818222939,1.4222511844198418,0.1,1.3658843775324443
2021-06-01,0.48209420679764753,0.07135522108903675,1.4014391445192276,0.1,1.371329864464756
2021-06-02,0.48527707277587445,0.07151776229194451,1.398254039210391,0.09999999999999998,1.3721064910404648
2021-06-03,0.4562453110268878,0.07049304430553094,1.418579676692356,0.10000000000000002,1.4127734076071947
2021-06-04,0.45710316677884527,0.06997277878394613,1.4291271797103908,0.09999999999999999,1.4241568045728636
2021-06-07,0.4736616253671145,0.07062800555781484,1.4158689490126088,0.1,1.4107397075223376
2021-06-08,0.45309267879335785,0.06962951697651129,1.4361725363359026,0.10000000000000002,1.4440506305650873
2021-06-09,0.4421013305558362,0.06834954631903337,1.4630675020611352,0.09965557307471695,1.5
2021-06-10,0.43747496703401506,0.06816605978093185,1.4670057257434894,0.09952141960294933,1.5
2021-06-11,0.4528417950836375,0.06889517791080241,1.451480394309578,0.09999999999999998,1.4993120530411084
2021-06-14,0.4519639408345732,0.06889206750837283,1.4515459270814663,0.09883126533311097,1.5
2021-06-15,0.44793006919601497,0.06856206482755547,1.4585325026531208,0.09848694706945212,1.5000000000000002
2021-06-16,0.4516998342257413,0.06864770713184876,1.456712892215529,0.09862775674220867,1.5
2021-06-17,0.4612322666339307,0.06901922528285236,1.448871667135979,0.09950521043237526,1.5
2021-06-18,0.4147365549459078,0.06570611080146403,1.5219284596246694,0.09466228051109332,1.5
2021-06-21,0.39635159819387406,0.06434975252013202,1.5540075304674201,0.09428662279964628,1.5
2021-06-22,0.3823615449789318,0.06285808090659623,1.5908853493092592,0.0929592941838014,1.5000000000000002
2021-06-23,0.38576647207018816,0.06315911578527833,1.5833027229191967,0.09302844237255202,1.5
2021-06-24,0.3944422393068831,0.06367769814867742,1.5704085246064599,0.09336167966514292,1.5
2021-06-25,0.39791694215143425,0.06389138626411749,1.5651562103632386,0.09348024067442434,1.5
2021-06-28,0.3996036455213879,0.06397705376422241,1.5630604117616078,0.09305866349345929,1.5
2021-06-29,0.39752132969920684,0.06385057283066245,1.566156661823679,0.09280923870340896,1.5
2021-06-30,0.3978157554853257,0.06381033189830226,1.5671443326666132,0.0924188599163131,1.5
2021-07-01,0.41104969876163744,0.06391669512274102,1.564536461216701,0.09210914835545131,1.5
2021-07-02,0.39594026833066803,0.06271790099811732,1.5944411150335187,0.08915157582361896,1.4999999999999998
2021-07-06,0.4166497390947176,0.06367785519464829,1.5704046515750794,0.08987145019853093,1.5
2021-07-07,0.41394438422486174,0.06359430477279528,1.5724678547437876,0.08995130608444384,1.5
2021-07-08,0.41597248660007247,0.06367252922728958,1.5705360100120027,0.09005946530740108,1.5000000000000002
2021-07-09,0.40006029480583893,0.06327037722354344,1.5805184730712996,0.08947350447455243,1.5
2021-07-12,0.3916249396303328,0.06278852586416353,1.5926476792326618,0.08943455666101895,1.5000000000000002
2021-07-13,0.38891908739470354,0.06269137968005942,1.5951156364773311,0.08927588970475664,1.5
2021-07-14,0.3871225146376563,0.06268437496021971,1.5952938840574107,0.08923176289219684,1.5000000000000002
2021-07-15,0.39088733336282727,0.0626644107431303,1.5958021277805232,0.0892659061959826,1.5
2021-07-16,0.3601075825877278,0.06062367635487846,1.6495205505951287,0.08535720778235112,1.5
2021-07-19,0.36987502881870377,0.061174681970481634,1.6346631772969835,0.08635213940781479,1.5
2021-07-20,0.32588711712987256,0.05959959482626968,1.6778637554751137,0.085594395625746,1.5
2021-07-21,0.3227943366675232,0.05923945361719401,1.6880641851662084,0.08568225053267155,1.5
2021-07-22,0.3076826708669309,0.05841950143602437,1.7117571622810022,0.08467360382401803,1.5
2021-07-23,0.3075484972117634,0.058454295498784226,1.710738263915607,0.084347276214055,1.5
2021-07-26,0.3095668690936197,0.05831372231215217,1.7148622319923608,0.08416857643848019,1.5
2021-07-27,0.3116536200557194,0.05837075549622728,1.713186665991729,0.08424216640089616,1.5
2021-07-28,0.3017706988594227,0.057790411298983886,1.7303908685238631,0.08359157858751555,1.5
2021-07-29,0.3032423802781525,0.05780548710924641,1.7299395784177083,0.08362155970758006,1.5
2021-07-30,0.30290429051104745,0.057817321146587386,1.7295854947423903,0.08374478017651334,1.5000000000000002
2021-08-02,0.30159645050424844,0.057809845393071886,1.7298091582854211,0.08373467704278088,1.5000000000000002
2021-08-03,0.3002220885221066,0.057955774416221364,1.7254536067765975,0.08381557705265258,1.5
2021-08-04,0.3024135271367508,0.05811235754809643,1.7208043903095043,0.08352476037714152,1.5
2021-08-05,0.30407772029279523,0.058163198126814766,1.719300231427566,0.08364430243341268,1.5
2021-08-06,0.29878676925412045,0.05783886439796108,1.7289412757475435,0.08281543402712953,1.4999999999999996
2021-08-09,0.31137812459601194,0.05857135596418847,1.7073191896247326,0.08486336555620858,1.4999999999999996
2021-08-10,0.3095887648132164,0.058286157746269926,1.7156732209955905,0.08328102025366418,1.5
2021-08-11,0.3096881757389392,0.05819597624777192,1.7183318581038254,0.08288788492460887,1.5
2021-08-12,0.27737161106324276,0.05502521368908819,1.8173486897304056,0.07543290987544947,1.5
2021-08-13,0.2714472855167193,0.054680600177739444,1.828802165209411,0.07449573710592652,1.5000000000000004
2021-08-16,0.2621442001480795,0.053354992056533754,1.874238869608344,0.07145904635459238,1.4999999999999998
2021-08-17,0.26712556142492644,0.05357471932285922,1.8665520093043602,0.07146371717459639,1.5
2021-08-18,0.2725361674407762,0.05360411700148846,1.8655283510634684,0.07141136297000023,1.4999999999999998
2021-08-19,0.2697283232869039,0.053556068588034265,1.8672020302539991,0.07214318078306096,1.4999999999999998
2021-08-20,0.24775545711324914,0.052234239447509066,1.9144530686713919,0.06936205061828882,1.4999999999999998
2021-08-23,0.25157309384191984,0.05251972585532163,1.9040464962721693,0.06995863330343063,1.5000000000000002
2021-08-24,0.2524636652150106,0.05267936256517283,1.8982765760744342,0.07009106575071536,1.5
2021-08-25,0.25282664951306566,0.05277423301223823,1.8948641087177946,0.07012317991776917,1.5000000000000002
2021-08-26,0.25341150776769256,0.05285040302927113,1.8921331582772438,0.07034236196600355,1.5
2021-08-27,0.2516498085312024,0.052746750035001684,1.895851401908971,0.07045302596943596,1.5
2021-08-30,0.2724288679831925,0.05381651478250069,1.8581656653937877,0.07246087767347023,1.5
2021-08-31,0.27628660595954,0.0537688717149165,1.8598121331279138,0.07254785790268825,1.5
2021-09-01,0.2765657162760386,0.05385352780227558,1.8568885657250205,0.07276643323987278,1.4999999999999998
2021-09-02,0.2603890055677541,0.05288222625601328,1.8909945189500967,0.07070898836054072,1.5
2021-09-03,0.23657368627666417,0.05107070508652196,1.958069696327552,0.0673270069137517,1.4999999999999998
2021-09-07,0.23448241653582402,0.05095894242478005,1.9623641159274239,0.06735119772560891,1.5
2021-09-08,0.2478058151196592,0.0517646483364817,1.9318203293873035,0.06881423743102424,1.5
2021-09-09,0.24682898692550118,0.05171191561615455,1.9337902842794803,0.06877392080637094,1.4999999999999996
2021-09-10,0.23605161186519694,0.05099174261204985,1.9611018348756928,0.06787691573387865,1.5
2021-09-13,0.24982900220801454,0.05203820355264468,1.9216651070368824,0.06979024685344407,1.4999999999999998
2021-09-14,0.25432661340739565,0.05236794937242006,1.9095649380662154,0.07003220727525913,1.5
2021-09-15,0.24889538151526425,0.05193864310280098,1.9253487196820345,0.0696098940137304,1.5
2021-09-16,0.23196959691747773,0.051084957822298056,1.957523393634888,0.06836211283109862,1.4999999999999996
2021-09-17,0.25897805406674473,0.05274379928613959,1.8959574652082136,0.06972710228588852,1.5
2021-09-20,0.27604197033072847,0.05424560224144278,1.8434674124348018,0.07123146931895692,1.5
2021-09-21,0.26159648076291575,0.05376455693991871,1.8599613889081033,0.07177588510497118,1.5
2021-09-22,0.26106379467748636,0.053742982462578096,1.8607080481555196,0.07155458682151937,1.5
2021-09-23,0.25114631325831,0.05384757368593713,1.8570938884497237,0.07215997715023349,1.5
2021-09-24,0.23610717019691316,0.05256932400788572,1.9022500647906257,0.0716595454322533,1.5
2021-09-27,0.23997385263519388,0.05274055029920427,1.8960742622647373,0.0718326971656749,1.5000000000000002
2021-09-28,0.2385149820821502,0.052643155547095914,1.899582176652337,0.0715562721875588,1.5
2021-09-29,0.27386887847991476,0.05656056739437108,1.7680162099991952,0.08012986648894782,1.5
2021-09-30,0.27195463441663403,0.05653099277278495,1.768941161212754,0.08006303262176158,1.5
2021-10-01,0.2613493602693275,0.05571133120599775,1.7949669813173346,0.07962936901268435,1.5000000000000004
2021-10-04,0.2610842513153622,0.05571338219146233,1.7949009029167193,0.07970435830179513,1.4999999999999998
2021-10-05,0.26743501284421295,0.05585704092924175,1.7902845968277734,0.08085115794186355,1.5
2021-10-06,0.2572125315719554,0.055068139132855,1.8159320720597505,0.08022398821515116,1.5
2021-10-07,0.2634786000922694,0.055293681814824205,1.8085248932218883,0.08046138945763033,1.5000000000000002
2021-10-08,0.26529576133489957,0.055296210056630865,1.8084422042231532,0.08032802065267976,1.5
2021-10-11,0.26953473154306695,0.055504957608451345,1.8016408679280518,0.0806832374811458,1.5
2021-10-12,0.27559383920157565,0.05568849146460034,1.795703158229152,0.08107077408386223,1.5
2021-10-13,0.2676718922612634,0.05524903871608059,1.8099862427270497,0.08055679285622937,1.5000000000000002
2021-10-14,0.272031010694346,0.05626921488746895,1.7771706998220411,0.08238743859525642,1.5
2021-10-15,0.2758966198892588,0.05691731518094118,1.7569345933148495,0.08414625138336403,1.5
2021-10-18,0.30421688424663146,0.05761805429751374,1.7355671103304695,0.08420538457386444,1.5000000000000002
2021-10-19,0.2995341779646579,0.0578458777256615,1.7287316561131227,0.08391818576640321,1.5
2021-10-20,0.302907071973971,0.05785060534936872,1.7285903820035173,0.08395333681064163,1.5000000000000004
2021-10-21,0.2981084434852023,0.057559919922054635,1.737319998627796,0.08348931647168062,1.5
2021-10-22,0.29196255332248827,0.05776093316508962,1.7312739687598993,0.0833316547696111,1.5000000000000004
2021-10-25,0.2855602877384679,0.057453359669733896,1.7405422515731388,0.08321295233713254,1.4999999999999998
2021-10-26,0.29794244608583303,0.05803163551008287,1.723198030195534,0.08383925696725182,1.5
2021-10-27,0.2949883280290467,0.05793017875651934,1.7262159749290644,0.0838313410951654,1.5
2021-10-28,0.2905481499981249,0.057666532873685214,1.7341080695633895,0.08384083064889875,1.5000000000000002
2021-10-29,0.2942154459631598,0.05767398980617667,1.7338838588429055,0.084020491552047,1.5
2021-11-01,0.295471313633805,0.05769623608751349,1.7332153149179488,0.08401370312467556,1.5000000000000002
2021-11-02,0.2926216846699904,0.057571080112024664,1.7369832180569662,0.0837447322745768,1.5
2021-11-03,0.29462050922527944,0.057755298795739575,1.7314428647259754,0.08398746146780471,1.5
2021-11-04,0.29321920315755995,0.05748466323818847,1.7395944303552529,0.08382622865471104,1.4999999999999998
2021-11-05,0.30349721286577125,0.057753346008137814,1.7315014092154828,0.0836699131724526,1.5
2021-11-08,0.31001088779012037,0.058103295893490316,1.7210727629515359,0.08427481912320643,1.5
2021-11-09,0.3050231244480606,0.058033444335176446,1.7231443204101866,0.08411155101375692,1.5
2021-11-10,0.3005747331937862,0.057757974028579136,1.7313626677853893,0.0838600058084178,1.4999999999999998
2021-11-11,0.3140394910780019,0.05851024235941544,1.7091024744987755,0.08603204742199999,1.5
2021-11-12,0.3049245124282171,0.05804406509781399,1.7228290236302923,0.08484205227192758,1.5000000000000002
2021-11-15,0.30360588864875665,0.05793498016498192,1.726072913380296,0.08490712265305435,1.5
2021-11-16,0.30196921348614736,0.05783734350448131,1.728986740067892,0.08468536596518264,1.5
2021-11-17,0.3024578402104838,0.057781937024732014,1.7306446469109833,0.0841653107438762,1.5
2021-11-18,0.30102663759213966,0.05769970221834035,1.733111197378314,0.0841532789320808,1.5000000000000002
2021-11-19,0.29815530454733385,0.057502726888289474,1.7390479619213532,0.08377296625248434,1.5
2021-11-22,0.2882676025470987,0.05675252574286456,1.7620361154159365,0.08236129656381304,1.4999999999999998
2021-11-23,0.31866863880872054,0.05821032077124902,1.7179084168419763,0.085385962462529,1.4999999999999998
2021-11-24,0.321876806660706,0.05845797196669301,1.7106306742385105,0.08596710619956197,1.5
2021-11-26,0.321286739138244,0.05854733504131968,1.7080196721067693,0.08617249997579218,1.5
2021-11-29,0.24390400205580048,0.05597137730625092,1.7866274659071493,0.08441660703289465,1.5000000000000002
2021-11-30,0.24283636669955402,0.05600561614085556,1.7855352175484946,0.08519156235752795,1.5
2021-12-01,0.24450512228127128,0.05571921349322506,1.794713057321943,0.08615050879752996,1.5000000000000002
2021-12-02,0.2383201797599332,0.05529811240592769,1.8083799907296743,0.08613053103859733,1.5000000000000004
2021-12-03,0.2196128755554715,0.05544894525210177,1.8034608150857396,0.0868951765864416,1.5
2021-12-06,0.21314709308799185,0.05494004418718676,1.8201659914813506,0.08651246382838743,1.5
2021-12-07,0.19721589990564448,0.054158419406924944,1.8464349789944856,0.08520224091242967,1.5
2021-12-08,0.18515036870792193,0.054344649920438116,1.8401075385783592,0.08695401161366005,1.4999999999999998
2021-12-09,0.18328745606649371,0.05436760843136779,1.8393304926450338,0.08706394540329607,1.5
2021-12-10,0.1802217094300604,0.05409304989714819,1.8486663294108703,0.08669120173489417,1.4999999999999998
2021-12-13,0.1829359440111875,0.054176467655903435,1.8458198610352428,0.08700012199089466,1.5
2021-12-14,0.17848022794897134,0.053864696248187106,1.8565035536307448,0.08675484793997557,1.5
2021-12-15,0.18705397431099688,0.054410896847261137,1.8378671515140386,0.08775488889594395,1.5
2021-12-16,0.18925887091313112,0.05435202257083005,1.8398579348115844,0.08760525326089182,1.5
2021-12-17,0.17456221144423678,0.053399501269948656,1.872676665920033,0.08656033276477959,1.5000000000000002
2021-12-20,0.1822868489780062,0.05380299117320046,1.8586327231897564,0.08659309214453247,1.5
2021-12-21,0.18490627685973046,0.05432111462342333,1.8409047880044767,0.08771948986261446,1.5
2021-12-22,0.18309128959497303,0.05445337310127864,1.8364335266064882,0.08844259119808759,1.5000000000000002
2021-12-23,0.19356752505058047,0.0555383060537658,1.8005590574403099,0.08960275401024229,1.5
2021-12-27,0.19067556833566587,0.05539881989412834,1.8050926028949381,0.08942278739528922,1.4999999999999998
2021-12-28,0.19041205611619488,0.055526388613963584,1.8009455053025427,0.08993646777160096,1.5000000000000002
2021-12-29,0.167353706343549,0.0528976027092059,1.8904448382988208,0.08413445655700588,1.4999999999999996
2021-12-30,0.16996252453614064,0.053073934213935345,1.8841640718947028,0.08448803210725969,1.5
2021-12-31,0.17780058831039028,0.05363585353640012,1.8644245109688564,0.08466786483562781,1.5
2022-01-03,0.17009226966298827,0.053118135036230335,1.8825962156200122,0.08374140303878083,1.5
2022-01-04,0.17177673775792282,0.052952137416692135,1.8884978941091233,0.08387463836793739,1.5
2022-01-05,0.1703848541032946,0.05314008427276942,1.8818186190051456,0.08407298759714237,1.5
2022-01-06,0.20044149645717135,0.05501240805011337,1.8177717272238898,0.08841932865287638,1.5
2022-01-07,0.20323405491735322,0.05522316720560681,1.8108342034726141,0.08876781042419608,1.5
2022-01-10,0.2018638449851885,0.05515740395893158,1.8129932306904213,0.08878281218453658,1.5
2022-01-11,0.19569946986259593,0.05482721695587114,1.823911654689443,0.08809618713094688,1.5
2022-01-12,0.2077623669744435,0.05577731663348983,1.7928435076412044,0.08977653443790722,1.5
2022-01-13,0.20331810968705152,0.05523274775996439,1.8105201000426288,0.08828368923887915,1.5000000000000002
2022-01-14,0.19118751671480658,0.0543914235493412,1.8385251474303659,0.08715997679127566,1.5000000000000002
2022-01-18,0.19661648891447353,0.05481180299536611,1.8244245679795315,0.0874366172065632,1.4999999999999998
2022-01-19,0.225151204132118,0.0565035790074845,1.769799396012666,0.0911265407030425,1.5
2022-01-20,0.2195428852587815,0.05610102214685762,1.7824987170149322,0.09095153747550916,1.5
2022-01-21,0.22015332782852753,0.05614348887964425,1.781150441405088,0.09115554364162291,1.5
2022-01-24,0.2105840281264076,0.05567007616805762,1.7962971650715651,0.0914153427143317,1.5
2022-01-25,0.21185379647362684,0.0556806566826331,1.79595583022623,0.09139300657660192,1.5
2022-01-26,0.20984794028478274,0.05561786550724033,1.7979834193202184,0.09152434643754363,1.5
2022-01-27,0.22431624593950578,0.05622864763509428,1.7784528742175632,0.09300810273120277,1.5
2022-01-28,0.22117198282519385,0.05596034983286148,1.7869795363801892,0.09290103054850767,1.5
2022-01-31,0.22394135065014326,0.056123451274721486,1.7817863607586248,0.09431755278899166,1.5
2022-02-01,0.22680249877052183,0.05626713241047805,1.777236473870455,0.09531663269894128,1.4999999999999998
2022-02-02,0.2273783653968529,0.0563986952428049,1.773090664056764,0.09552404669605671,1.4999999999999998
2022-02-03,0.2294859664125272,0.056538307522368846,1.7687123011320414,0.09588190008714677,1.5000000000000002
2022-02-04,0.2520595368799884,0.058089262252492994,1.7214885526577393,0.1,1.4964973680946585
2022-02-07,0.2333855928161487,0.057113621577137494,1.7508957975102366,0.09841890492441085,1.5
2022-02-08,0.2208242460978132,0.05637457004504316,1.7738494487869303,0.09633730354371772,1.5
2022-02-09,0.2189337290011805,0.05627997916813342,1.77683079272747,0.09632981830018164,1.5
2022-02-10,0.22351956041158685,0.056718433051242675,1.7630952517615268,0.09772929501211353,1.4999999999999998
2022-02-11,0.26606985977947295,0.05841718074995477,1.7118251636968536,0.1,1.461800850496869
2022-02-14,0.24000418492755463,0.056986372873927334,1.754805490450024,0.1,1.4715614603186575
2022-02-15,0.23706751603143425,0.05695144637058905,1.7558816566183322,0.1,1.4711874711066149
2022-02-16,0.23007452858084063,0.056306556949089946,1.7759920943206642,0.1,1.4776586025524372
2022-02-17,0.23803503740114662,0.056637371008496515,1.7656186757856116,0.1,1.460743051325502
2022-02-18,0.22460256805109455,0.05572229274967077,1.7946138801079905,0.10000000000000002,1.4705615599310284
2022-02-22,0.2235022337923584,0.05560538582007164,1.79838694624979,0.10000000000000002,1.4716630824842931
2022-02-23,0.22528722478893431,0.05564672687954326,1.797050888841439,0.09999999999999999,1.4726993228191494
2022-02-24,0.21792059488125354,0.05537117443773432,1.8059938409370644,0.1,1.4935448701927514
2022-02-25,0.21757116746072955,0.05513729581782008,1.813654415160501,0.1,1.4871176213593285
2022-02-28,0.2169278358469145,0.054975873015963905,1.8189797544635986,0.09999999999999999,1.4832929747714352
2022-03-01,0.24592917922895977,0.05654329195370227,1.7685563847587817,0.1,1.4555974007369388
2022-03-02,0.23795405589893384,0.05621485212532993,1.778889318734699,0.1,1.458956474870877
2022-03-03,0.22514948733390144,0.055524951226655926,1.8009921267970948,0.1,1.46112475573266
2022-03-04,0.22455304136982346,0.05552981113678105,1.8008345058779323,0.10000000000000002,1.4594428112710007
2022-03-07,0.22179309605242167,0.055252386652588616,1.8098765692923227,0.1,1.4629877288852111
2022-03-08,0.2236984979372559,0.055454520884497246,1.8032794874972187,0.1,1.432603880644035
2022-03-09,0.21965828234473989,0.05541394460005401,1.8045999201418073,0.10000000000000002,1.4237142804759433
2022-03-10,0.19906917710641867,0.05384470449753943,1.8571928462263128,0.1,1.4324167753170782
2022-03-11,0.2036132553580843,0.054125271808629645,1.8475657795044305,0.1,1.4176554082271873
2022-03-14,0.20589894935071917,0.05429386635608463,1.8418286762661757,0.1,1.4079242464087247
2022-03-15,0.23108294337180305,0.05571307613185618,1.7949107631991084,0.1,1.3484879181492562
2022-03-16,0.22615368713613038,0.05543717259458774,1.803843798660159,0.10000000000000002,1.337090896611727
2022-03-17,0.23236415389565343,0.05648762942875915,1.770299108163454,0.1,1.2827168091806038
2022-03-18,0.23080889950719874,0.05649726109759633,1.769997307077502,0.1,1.2818668198313445
2022-03-21,0.23434548247502113,0.05684897930740439,1.7590465337866734,0.10000000000000003,1.2699606193610493
2022-03-22,0.23601221708768524,0.0569766540491961,1.7551048173810926,0.1,1.2557654573590151
2022-03-23,0.23032575388267318,0.05645317891158178,1.7713794320887088,0.1,1.2623111054405407
2022-03-24,0.22477108971357293,0.0559700819815924,1.7866688141155178,0.10000000000000002,1.268922854109209
2022-03-25,0.22096084718453118,0.055634770725574156,1.7974370828858663,0.1,1.2750936979376597
2022-03-28,0.222838286396533,0.0557028789730853,1.7952393456775966,0.1,1.2706712146056587
2022-03-29,0.21500455736200025,0.055287199385983865,1.8087369429197657,0.09999999999999998,1.2727913146620966
2022-03-30,0.2203605337792281,0.05562762670648867,1.7976679200720875,0.09999999999999998,1.2515964306015614
2022-03-31,0.21874030031357997,0.055524897443396504,1.8009938712978724,0.1,1.2524745029478987
2022-04-01,0.217258523858449,0.05544535187223256,1.803577696295237,0.1,1.252847986786282
2022-04-04,0.21543155767648756,0.05542584866861678,1.8042123377827861,0.1,1.2528374753106863
2022-04-05,0.21852228365486787,0.055548498860192294,1.80022866597504,0.1,1.2551751109015554
2022-04-06,0.2367244897686052,0.05673102139741869,1.7627040292376985,0.1,1.2146364869106256
2022-04-07,0.22682194877759673,0.05633655872032224,1.7750462980254256,0.1,1.2263474928668059
2022-04-08,0.22637358191247445,0.05630959709326474,1.7758962088535548,0.09999999999999998,1.2287494036567097
2022-04-11,0.22707075257325263,0.05632833994148799,1.7753052922183876,0.10000000000000003,1.2263539995528288
2022-04-12,0.22757636609812568,0.056642621697761755,1.7654550054831153,0.1,1.2125375186790268
2022-04-13,0.21817649453515892,0.05600082808962225,1.785687880185676,0.1,1.2278950394056263
2022-04-14,0.22366700695229644,0.05634590206501047,1.7747519577310618,0.1,1.216005821511937
2022-04-18,0.23776541189325687,0.05729902226131837,1.7452304778245469,0.1,1.193324971275739
2022-04-19,0.23831505437817768,0.05734638838529861,1.7437889780978104,0.1,1.1942184427257323
2022-04-20,0.2234535833547867,0.05632590347390198,1.775382085905359,0.1,1.2143945445539925
2022-04-21,0.2235718479384869,0.056332177977772464,1.7751843367294973,0.1,1.2126186871577112
2022-04-22,0.23187678217896796,0.05687162702175035,1.75834603715057,0.1,1.1986159079550516
2022-04-25,0.2457042066253787,0.05798297397666294,1.7246442040080272,0.1,1.172499349146733
2022-04-26,0.24176541395511966,0.0578474356144173,1.7286850996568124,0.1,1.1661389760391705
2022-04-27,0.2299380034391868,0.05728515144770302,1.7456530614445942,0.10000000000000002,1.1680386719207339
2022-04-28,0.22533477397334983,0.05700077943605522,1.7543619752109232,0.10000000000000002,1.1759611792151772
2022-04-29,0.23392408996691308,0.057793569845873825,1.7302962988215462,0.09999999999999999,1.1580853277196008
2022-05-02,0.24927292495220935,0.058803277135501916,1.7005854923623969,0.09999999999999999,1.127130130533951
2022-05-03,0.24416998197906248,0.05846832871405647,1.710327662845592,0.1,1.1307876005612378
2022-05-04,0.2443787123642961,0.05853579700606218,1.708356341157252,0.1,1.128398426479885
2022-05-05,0.26569161050768497,0.0597151407660557,1.674617169400423,0.10000000000000002,1.0937290020464419
2022-05-06,0.2862345032206112,0.061232636624940814,1.633116022955457,0.1,1.0500247866356014
2022-05-09,0.28929355892958036,0.061462945294233816,1.6269965508695134,0.10000000000000002,1.045992637337747
2022-05-10,0.27718573544635977,0.061295424968059925,1.6314431305779904,0.09999999999999999,1.0366486461155224
2022-05-11,0.2762412033123127,0.06127570872143305,1.631968068368044,0.1,1.0344866811003406
2022-05-12,0.2652465940589116,0.06043748228527597,1.6546023464045327,0.1,1.0452802535666972
2022-05-13,0.24759992823435842,0.059602777695333745,1.6777741552778156,0.1,1.0646850683038158
2022-05-16,0.2506716830791891,0.05963060974957675,1.676991069183387,0.10000000000000002,1.0658233375949995
2022-05-17,0.25174947471728276,0.059622553756182535,1.6772176584205862,0.09999999999999999,1.0659153705575135
2022-05-18,0.24763569156989515,0.05950438772186153,1.6805483398539474,0.1,1.0676498299603376
2022-05-19,0.22896056153635902,0.05817311092804591,1.7190072596201638,0.10000000000000002,1.0785787896810959
2022-05-20,0.237388682031289,0.05864738683935577,1.7051058092991496,0.1,1.0714314964616865
2022-05-23,0.23900031783049872,0.05878023852178486,1.7012520281444328,0.1,1.069193423752607
2022-05-24,0.23656269921748235,0.05858794735147248,1.706835697794535,0.1,1.0686717901482694
2022-05-25,0.2344553935940161,0.05823865406320807,1.717072648888265,0.1,1.0721055920091385
2022-05-26,0.23172244605649867,0.05813696827361368,1.7200759339455698,0.1,1.0714242254087192
2022-05-27,0.23121161002335824,0.05807308429133553,1.7219681237925906,0.09999999999999999,1.0683709873524294
2022-05-31,0.23165257529072936,0.05817201171952486,1.719039741691381,0.09999999999999999,1.0656279111292268
2022-06-01,0.24148067355979125,0.05877940097957745,1.7012762691260568,0.09999999999999999,1.0565954885640212
2022-06-02,0.2503037080970289,0.05944322023487607,1.6822776357820666,0.1,1.05534648349294
2022-06-03,0.25937774217982434,0.06007237518755261,1.664658666946145,0.1,1.0412547169901165
2022-06-06,0.2671130168562032,0.06056907752463212,1.6510074791766836,0.09999999999999999,1.036958704172326
2022-06-07,0.27110812844378634,0.060813312798664906,1.6443767885342928,0.1,1.0396129227625779
2022-06-08,0.2826570670868685,0.061466278855791937,1.6269083123547028,0.10000000000000002,1.0378069922545168
2022-06-09,0.30224084394801787,0.0627577586919785,1.5934284793504216,0.1,1.035215689398557
2022-06-10,0.3025577578362953,0.06267988491830516,1.5954081621294713,0.1,1.0346012267718987
2022-06-13,0.2988025354961297,0.06245028239348459,1.6012737839986608,0.1,1.0273152145322582
2022-06-14,0.35823285437070645,0.06554589172107875,1.5256486314281272,0.1,0.9479391615088271
2022-06-15,0.3644352602720055,0.06604144865797631,1.514200582090385,0.1,0.947873166787524
2022-06-16,0.3859325188965876,0.0667741012749095,1.4975866105378075,0.1,0.9329816865188962
2022-06-17,0.3691439729489777,0.06589946492328468,1.5174630039320147,0.10000000000000002,0.9371733737000559
2022-06-21,0.36962571476438366,0.06585812730565888,1.5184154802319665,0.1,0.9403224891646382
2022-06-22,0.3681636266112608,0.06549324937589539,1.5268749215061046,0.1,0.9454862333040073
2022-06-23,0.3734520329993458,0.0659113103429322,1.5171902891887084,0.10000000000000002,0.935903172860336
2022-06-24,0.3786698231189823,0.06629952850055137,1.5083063524225269,0.1,0.9355535044765656
2022-06-27,0.37271195229659143,0.06584341245377306,1.5187548195532452,0.1,0.9379127914453725
2022-06-28,0.3746665733325252,0.06591679632682404,1.5170640196800071,0.10000000000000002,0.938004588445606
2022-06-29,0.381084885888105,0.06615942559706127,1.5115004263949035,0.09999999999999999,0.9387186779076613
2022-06-30,0.3779533860290716,0.06596126840451803,1.5160411923362966,0.1,0.9432678857157246
2022-07-01,0.37537247604799157,0.06592264257906585,1.5169294810969187,0.10000000000000002,0.9446299595922689
2022-07-05,0.3802489138197588,0.06627608277236799,1.5088399286279528,0.1,0.9373210847797506
2022-07-06,0.3754079325380045,0.0658902557128376,1.5176750935042538,0.09999999999999999,0.9352232148092272
2022-07-07,0.3734600138134684,0.06581286829658987,1.5194596830112865,0.1,0.9339198877014532
2022-07-08,0.35945087821382044,0.06509917283430942,1.536117828325104,0.10000000000000002,0.9442896178904359
2022-07-11,0.3600664663569841,0.06508496707148859,1.5364531089054887,0.09999999999999999,0.9454177977443833
2022-07-12,0.35590933485089227,0.06481077099337366,1.5429534083188754,0.1,0.9466330893330314
2022-07-13,0.3564486182155024,0.06481342040023569,1.5428903363297328,0.09999999999999999,0.947849919430878
2022-07-14,0.35643263856811264,0.06477202544847914,1.5438763773033752,0.1,0.9506233655475221
2022-07-15,0.3566581246764238,0.06476676400261745,1.544001796908653,0.1,0.9502488108429332
2022-07-18,0.3558497542942342,0.06473874064748196,1.5446701464973516,0.1,0.9489546011695523
2022-07-19,0.35034516082671474,0.06438772282218633,1.553091111424469,0.10000000000000003,0.956247989465359
2022-07-20,0.3471221115240923,0.06435489306904946,1.5538833992421555,0.09999999999999998,0.9507917882719354
2022-07-21,0.3527898302578563,0.06468741876252394,1.5458956612121626,0.09999999999999998,0.949041129541474
2022-07-22,0.36942666806790286,0.06560503336558655,1.5242732892573376,0.1,0.9311307124608137
2022-07-25,0.3609574585939434,0.06517838669120939,1.534250923910748,0.1,0.936068668576294
2022-07-26,0.35629105640965514,0.06481755591132841,1.5427918963313243,0.09999999999999999,0.9452056896836396
2022-07-27,0.3631576640224479,0.06511311906478251,1.5357888154690877,0.10000000000000003,0.9461301168499332
2022-07-28,0.3801922561010987,0.06590731870879381,1.5172821768374765,0.09999999999999999,0.9318535642930386
2022-07-29,0.38753575254270783,0.06630822371652434,1.50810856323813,0.1,0.9230926196348159
2022-08-01,0.38770879226579785,0.06616157918508665,1.5114512264021172,0.1,0.9283301130632837
2022-08-02,0.3763719309054258,0.06548557809794872,1.5270537865669758,0.10000000000000002,0.9431982193341379
2022-08-03,0.38549272036460336,0.06615846021384827,1.5115224821854005,0.1,0.9374705032269598
2022-08-04,0.39067306927889894,0.06653458201101528,1.5029778045865574,0.09999999999999998,0.9286351400684725
2022-08-05,0.3765795045036421,0.06572630130108753,1.5214609375614656,0.09999999999999999,0.9430477470060747
2022-08-08,0.3614978735657456,0.06460826439887206,1.5477896044789252,0.1,0.9712311688342088
2022-08-09,0.3612227596845887,0.06452698792287799,1.5497391590557272,0.09999999999999999,0.9718710674402276
2022-08-10,0.37155479989715445,0.06459001878314914,1.5482268295312673,0.1,0.982320829956874
2022-08-11,0.3715166271590569,0.06450380644165207,1.5502961067957528,0.1,0.9798192449699663
2022-08-12,0.38227877561104984,0.06529576557915284,1.531492878795915,0.1,0.9710118559876872
2022-08-15,0.3921877895779115,0.06579441106064456,1.5198859354152012,0.1,0.9629574324659707
2022-08-16,0.399076327995753,0.06637828661201997,1.5065167407001392,0.10000000000000002,0.9587177469011641
2022-08-17,0.4014224803662509,0.06650640134836204,1.5036146592295339,0.1,0.9586617404336077
2022-08-18,0.4149426761749486,0.06727440689884323,1.4864493736877447,0.10000000000000002,0.9491686225984672
2022-08-19,0.4348936150424724,0.06867617233732541,1.4561091073744967,0.1,0.9481583826011335
2022-08-22,0.4462124096068501,0.06945446932762288,1.4397921540267071,0.1,0.9367298758169287
2022-08-23,0.4525972154557486,0.06979415450996798,1.4327847468331754,0.1,0.9269881036388083
2022-08-24,0.4567166149673418,0.07008083832462378,1.426923569846392,0.10000000000000002,0.9264315323523535
2022-08-25,0.4639176876049708,0.0705493403575812,1.4174476967913145,0.1,0.9256432512742553
2022-08-26,0.471844061451952,0.07099046958348869,1.408639787660434,0.09999999999999999,0.9191001395113614
2022-08-29,0.4723230034546664,0.07103154047247418,1.407825303165874,0.09999999999999999,0.9089973418465316
2022-08-30,0.47218971133784277,0.07100407120003993,1.4083699471016216,0.1,0.9145490176335058
2022-08-31,0.46847364669330516,0.07079517578543547,1.412525626083307,0.10000000000000002,0.920113768176678
2022-09-01,0.4728319297712083,0.07100646855667866,1.408322396996524,0.09999999999999999,0.9169184289780039
2022-09-02,0.46756925727997306,0.07066259170043754,1.4151759452007309,0.1,0.9252466993914559
2022-09-06,0.4589192971555823,0.07022275801621534,1.424039767519651,0.1,0.9325751037121486
2022-09-07,0.462037236598332,0.07048301776308509,1.4187814763569075,0.10000000000000003,0.9274794548930623
2022-09-08,0.47253446895933143,0.07104028908461356,1.4076519294691152,0.09999999999999999,0.913980209119527
2022-09-09,0.46876514740922937,0.07084081650248689,1.4116155761204345,0.10000000000000002,0.9168065014526086
2022-09-12,0.4693716514069551,0.0710498168932416,1.4074631627870136,0.09999999999999999,0.91635949546784
2022-09-13,0.4802165041187196,0.07146178118479105,1.399349391269898,0.09999999999999999,0.9240881805947616
2022-09-14,0.4255561081870366,0.06825702186217703,1.4650507342954056,0.1,0.9865446801070863
2022-09-15,0.4269431683542297,0.06823644131038833,1.465492603067153,0.10000000000000002,0.9893183529615761
2022-09-16,0.40632211100196947,0.06720382770639008,1.4880104811424528,0.1,1.0104641834145567
2022-09-19,0.4310385245510257,0.06846456387811102,1.4606096108058502,0.10000000000000002,1.0095009196513933
2022-09-20,0.43183512177154076,0.06859826325877687,1.4577628535982712,0.1,1.0083250831494603
2022-09-21,0.44602340028491316,0.06960215990638456,1.4367370227375238,0.1,0.9979443877523733
2022-09-22,0.4393687709263415,0.06899260310936871,1.4494307431983344,0.1,1.0075978245022847
2022-09-23,0.4439854854432459,0.06928989730498068,1.4432118373599008,0.1,0.9995911106206294
2022-09-26,0.45776775060678204,0.07012820533203691,1.4259597764769358,0.1,0.9903205155089343
2022-09-27,0.4652199765612012,0.07049252040183394,1.4185902196426274,0.1,0.9791109311026649
2022-09-28,0.4665534691077601,0.07063183532419462,1.4157921784278689,0.10000000000000002,0.9794359011851532
2022-09-29,0.506440550975979,0.07270458607494816,1.375429053360047,0.09999999999999999,0.9279800974693934
2022-09-30,0.5134192358834333,0.07288096726794045,1.3721003404408565,0.1,0.9210957289405652
2022-10-03,0.5129407504775342,0.07274780062352171,1.3746120039767469,0.1,0.9225251508290293
2022-10-04,0.5474343708162606,0.07457536014592402,1.3409254719565118,0.09999999999999998,0.8875694326803711
2022-10-05,0.5526782231425273,0.07486634764546107,1.3357136169319022,0.1,0.8732415845067194
2022-10-06,0.5618158328900257,0.07523379150380144,1.3291899557520928,0.1,0.8733216893459896
2022-10-07,0.5635669939296795,0.07530521699376506,1.327929245702586,0.10000000000000002,0.8722066385542304
2022-10-10,0.5788748873003027,0.07618073626772373,1.3126678068398772,0.1,0.8560100278740733
2022-10-11,0.5831021780194046,0.07645483653936157,1.3079617265091736,0.1,0.8482677378941897
2022-10-12,0.583577460473451,0.07645232953014448,1.3080046169236856,0.1,0.8490293355670055
2022-10-13,0.586130761321499,0.07657596654684923,1.3058927560361897,0.09999999999999999,0.8496317679496932
2022-10-14,0.5665050823190759,0.07581339318887247,1.3190281531242363,0.09999999999999998,0.8570165369044915
2022-10-17,0.567855151714739,0.07596835316039398,1.3163376042767096,0.1,0.8505954144833092
2022-10-18,0.5758749057175621,0.07614719377899706,1.3132460309730025,0.1,0.8488688800629625
2022-10-19,0.5814216748119327,0.07641331347180072,1.3086724741612419,0.1,0.8464789285727548
2022-10-20,0.573396286928235,0.07597385578469265,1.3162422647521883,0.1,0.8547505906780455
2022-10-21,0.5851611748284129,0.076402144419707,1.3088637859516183,0.1,0.8517763627238372
2022-10-24,0.5793645545921062,0.07601890233647349,1.3154622985396687,0.1,0.8451730697250843
2022-10-25,0.5790836481624716,0.07599240027026206,1.3159210611108014,0.1,0.8460267720099706
2022-10-26,0.5838868661976058,0.07644328423165864,1.3081593890832004,0.1,0.8412249200209873
2022-10-27,0.5700832440820973,0.07566779722087268,1.3215661572399438,0.1,0.8513557164547356
2022-10-28,0.5625956012078295,0.07541730061568633,1.3259557049062642,0.1,0.8542094354070915
2022-10-31,0.5502209708915363,0.07487114347651852,1.3356280585104532,0.10000000000000002,0.8581690271923963
2022-11-01,0.551140640281436,0.07474636894749163,1.3378576298502034,0.1,0.8590176141837629
2022-11-02,0.5407171783651203,0.07415369799448056,1.3485504122457015,0.10000000000000002,0.869057857287842
2022-11-03,0.5422901153237841,0.07427331817899845,1.3463785172354943,0.1,0.8662687789948949
2022-11-04,0.5443142783484639,0.07416028399421537,1.3484306506674135,0.1,0.8707493363663565
2022-11-07,0.5317550235076914,0.07345281622743385,1.3614181883832395,0.10000000000000002,0.8662129597986539
2022-11-08,0.5302665774185031,0.0733487372101867,1.3633499880637614,0.09999999999999998,0.8669440802680972
2022-11-09,0.5338806094416112,0.07366337064470553,1.357526802327873,0.10000000000000002,0.862068059416268
2022-11-10,0.5238898554675002,0.07346274877897284,1.3612341174554974,0.1,0.8635029545423996
2022-11-11,0.6011555510849275,0.07745110494526047,1.2911371641589393,0.1,0.7747250458364812
2022-11-14,0.6049074522255405,0.07759945417472303,1.2886688580932526,0.1,0.7732833893798604
2022-11-15,0.6053445952662089,0.07760762968921127,1.288533104289637,0.1,0.7730121497693196
2022-11-16,0.6071368822355905,0.07771076973263681,1.286822924853905,0.1,0.7703620537614768
2022-11-17,0.6024125765962063,0.07734256668844534,1.2929490742507204,0.09999999999999999,0.7708379991221099
2022-11-18,0.5994613684070543,0.07715060066129906,1.2961661885046458,0.09999999999999999,0.7749462762217081
2022-11-21,0.595833817257635,0.07700450843803774,1.2986252627073875,0.10000000000000002,0.7792851573605832
2022-11-22,0.5958998278736967,0.07699628967440168,1.2987638809983617,0.10000000000000002,0.7793115745818606
2022-11-23,0.5996686726223105,0.07718556562499775,1.295579026859051,0.09999999999999999,0.7750522533808263
2022-11-25,0.5993455081216389,0.07714415582266325,1.2962744738548584,0.1,0.775970885536017
2022-11-28,0.6067023441370483,0.0775242476250133,1.2899190003584746,0.09999999999999998,0.7821881075208716
2022-11-29,0.6031818501574566,0.07739400714890449,1.2920897067340376,0.1,0.781400195486602
2022-11-30,0.6019404837512672,0.07735509394541028,1.292739687842281,0.09999999999999999,0.7825946299791311
2022-12-01,0.6118752343506568,0.07782584737641494,1.2849201566201631,0.1,0.7694583089862552
2022-12-02,0.6120988236891646,0.07782149276124005,1.2849920562023225,0.09999999999999999,0.764193408588622
2022-12-05,0.6175154602236306,0.07793136834841285,1.2831803434134954,0.10000000000000002,0.7635311924718853
2022-12-06,0.6238937075533605,0.07825963173852728,1.277797988292474,0.1,0.758034174771104
2022-12-07,0.610501294221302,0.077574520748205,1.2890830524700845,0.10000000000000003,0.7675516424014075
2022-12-08,0.6121446476945657,0.07763871007134746,1.2880172778257553,0.09999999999999999,0.7647884606265588
2022-12-09,0.6127318295689139,0.07761151672865876,1.2884685703233278,0.10000000000000002,0.7664099381979788
2022-12-12,0.6118622270494324,0.07762102157709196,1.2883107947849102,0.09999999999999998,0.764259323054252
2022-12-13,0.6026153722769542,0.0773039638907281,1.2935947261560035,0.1,0.7831499173663017
2022-12-14,0.6070315882963265,0.07756011555527537,1.2893224730787338,0.1,0.7773359945257079
2022-12-15,0.6054142775018561,0.07748506788960718,1.2905712380928644,0.09999999999999999,0.7817302304037355
2022-12-16,0.6031404475782615,0.07741612024139624,1.291720635032904,0.1,0.776462978117433
2022-12-19,0.6008648310702461,0.07731278508326327,1.2934471302812771,0.1,0.7760035488872659
2022-12-20,0.6020670579691356,0.07737231099019286,1.2924520247647155,0.1,0.7756680626792896
2022-12-21,0.601931424564217,0.0774578407624676,1.291024885481384,0.1,0.7747936991427455
2022-12-22,0.5986080327761429,0.07724623451120427,1.294561484229958,0.1,0.778701610890706
2022-12-23,0.6000339546359622,0.07734487767517313,1.2929104422399122,0.1,0.780026584856823
2022-12-27,0.5933188781574618,0.07698588256408664,1.298939450577258,0.10000000000000002,0.7875343112430984
2022-12-28,0.5935883313566054,0.07703880577105027,1.298047120527641,0.10000000000000002,0.786492985969006
2022-12-29,0.5735968913492153,0.07600107342305834,1.3157708897524665,0.09999999999999999,0.8074729292961658
2022-12-30,0.5749148135825174,0.07613483236546606,1.313459252395477,0.1,0.8057779232786251
2023-01-03,0.5709529966070792,0.0759610729287014,1.3164637641948795,0.10000000000000003,0.8096381946639256
2023-01-04,0.5537659669800441,0.07502521031917105,1.3328853004820862,0.1,0.8284373986579233
2023-01-05,0.5590803951657315,0.07522720033796432,1.3293064151097191,0.09999999999999999,0.8357814278562743
2023-01-06,0.5580980476291126,0.07517448994222287,1.3302384901694362,0.10000000000000002,0.8346117740682368
2023-01-09,0.5740305681608863,0.07602968585132075,1.3152757226375262,0.1,0.8161127350961253
2023-01-10,0.564402422704511,0.07551480441220862,1.3242436470355583,0.1,0.8319767623680299
2023-01-11,0.5570197355379957,0.07507444124531967,1.3320112456545823,0.10000000000000002,0.8417222798155009
2023-01-12,0.5594348489202065,0.07522132540791582,1.3294102364949374,0.1,0.8383360674431006
2023-01-13,0.5620452080026764,0.07536894340373843,1.3268064468453173,0.09999999999999999,0.8342412614479862
2023-01-17,0.5766582284033027,0.07597206753514354,1.3162732467922043,0.10000000000000002,0.8315876416446453
2023-01-18,0.5713192087650486,0.07563888191897097,1.3220713667757036,0.10000000000000002,0.8419428603298298
2023-01-19,0.5640537834847716,0.07539856091565893,1.3262852604290463,0.1,0.8472545057704188
2023-01-20,0.559026086649654,0.07518059738428917,1.3301304256581692,0.1,0.8477893299660342
2023-01-23,0.5409522649975174,0.07419060125531743,1.3478796277154144,0.09999999999999999,0.8600476132212778
2023-01-24,0.5318309601096446,0.07375262821399961,1.3558838840270395,0.09999999999999999,0.8664698169660106
2023-01-25,0.5375725098288788,0.07418088374482518,1.3480561965801057,0.10000000000000002,0.8702564203515313
2023-01-26,0.5409690941051857,0.07441195365197918,1.343870105436215,0.1,0.8694059390915425
2023-01-27,0.530990916551222,0.07376502651915623,1.3556559892787505,0.10000000000000003,0.8811204524782706
2023-01-30,0.5358777242937843,0.07406327480584543,1.3501968453615762,0.10000000000000002,0.8796020442463817
2023-01-31,0.5475092775064566,0.07451200421340212,1.342065631647759,0.1,0.8734181612820952
2023-02-01,0.5687875265691738,0.0755126784307224,1.3242809297480158,0.1,0.8672851246571402
2023-02-02,0.5710478876825474,0.07562118085741525,1.3223808312191176,0.09999999999999998,0.867819179865288
2023-02-03,0.5569714494162734,0.07479944579836414,1.3369083010263025,0.10000000000000002,0.869791399048861
2023-02-06,0.5672896129437048,0.07535900163859763,1.3269814862937577,0.1,0.861907643425855
2023-02-07,0.5624385515995208,0.07527071527720897,1.3285379264926258,0.1,0.8646186412160319
2023-02-08,0.5702372655920659,0.07567933159509256,1.3213647358175733,0.1,0.8687292059650937
2023-02-09,0.5710385570026087,0.07574031918450945,1.3203007470353014,0.09999999999999999,0.8672891121226165
2023-02-10,0.5781766705750203,0.07604654821930039,1.3149840767476189,0.09999999999999999,0.8656431951594683
2023-02-13,0.5866858149092293,0.0761740922140385,1.3127823002998718,0.09999999999999999,0.8698596610860302
2023-02-14,0.48963500593444176,0.07091617459976726,1.4101155422493445,0.10000000000000003,1.0153950501331004
2023-02-15,0.4876114897097662,0.07097079673169576,1.4090302575867761,0.1,1.017372599260106
2023-02-16,0.4852757186075439,0.07082695464332923,1.4118918497001678,0.10000000000000002,1.020064271627012
2023-02-17,0.48317395758383047,0.07085594915104995,1.4113140985073966,0.09999999999999999,1.0170735367714854
2023-02-21,0.48861712318644696,0.07122977278737237,1.4039073281689314,0.1,1.0156679309530317
2023-02-22,0.49977504914049475,0.07188875956685854,1.3910380510460363,0.1,0.9921674219670004
2023-02-23,0.4987406457741199,0.07183261191688932,1.3921253499134973,0.1,0.9923133321324649
2023-02-24,0.49851840867574115,0.07186870802535668,1.3914261539906638,0.1,0.9898398381487341
2023-02-27,0.504228173701664,0.07214596572442178,1.3860788887624453,0.1,0.9857865510566852
2023-02-28,0.5010991688734457,0.07194618564289056,1.389927750949249,0.10000000000000003,0.9910458498044965
2023-03-01,0.5003179882726184,0.07190327963782425,1.390757146317922,0.1,0.9913745552826851
2023-03-02,0.5005482759332351,0.07192993749173993,1.3902417197496315,0.1,0.9969141647488042
2023-03-03,0.501368010540876,0.07190073160277258,1.3908064322970517,0.09999999999999999,0.9976613279087134
2023-03-06,0.490487659487577,0.07165198947996537,1.3956346603322303,0.10000000000000003,1.0171899599866259
2023-03-07,0.48850001670101306,0.07160671878809678,1.3965169985783938,0.09999999999999998,1.0292003037779929
2023-03-08,0.49358667710409854,0.07179524311024069,1.3928499391867963,0.09999999999999999,1.017918896200437
2023-03-09,0.47296007205565155,0.07073451663902264,1.4137369526440258,0.10000000000000002,1.0467218201605575
2023-03-10,0.46166423013043123,0.07068946988934736,1.4146378542169493,0.1,1.0456405805428381
2023-03-13,0.4367862441705487,0.06960382506162904,1.4367026512042607,0.09999999999999999,1.0484697080065881
2023-03-14,0.4110695652885573,0.06982174860090563,1.4322184993044265,0.1,1.0394140492696025
2023-03-15,0.39375148852819336,0.06896262021256025,1.450060912589671,0.10000000000000002,1.0485206514488792
2023-03-16,0.39225362261720015,0.0691278312235243,1.446595361521625,0.1,1.0467383167699036
2023-03-17,0.36666607121374273,0.068093848414059,1.468561438794426,0.1,1.06203847002186
2023-03-20,0.3533534382467062,0.06743443187379339,1.4829219616939098,0.1,1.0602330134334172
2023-03-21,0.34840510293715315,0.06700995117728621,1.4923156671974438,0.1,1.0832699687613334
2023-03-22,0.3335961462066293,0.06628322265478685,1.5086773997217255,0.1,1.0885393902823441
2023-03-23,0.31441277200519574,0.06500582529932294,1.5383236739099062,0.09999999999999999,1.1055815803800222
2023-03-24,0.318849358429771,0.06531501871187943,1.5310414353722308,0.1,1.1034963604428487
2023-03-27,0.3160034559026535,0.06514926039251008,1.5349368419153466,0.1,1.109784767184523
2023-03-28,0.31466449405675473,0.06505387955873915,1.5371873388382153,0.09999999999999999,1.1151979050009653
2023-03-29,0.3160811871196695,0.06516553007281957,1.5345536188879991,0.1,1.1147278630327495
2023-03-30,0.3099903624149135,0.0648023768321931,1.543153274438556,0.10000000000000002,1.1207282744115772
2023-03-31,0.3060546053742811,0.0645257727576307,1.5497683441253198,0.09999999999999999,1.1343158377590066
2023-04-03,0.2991723576466977,0.06408584922590663,1.560406879332967,0.1,1.146039648168488
2023-04-04,0.29886509789605,0.0640332822852655,1.5616878665457805,0.1,1.1479077966363747
2023-04-05,0.2979166716784265,0.06407649573620416,1.560634657857835,0.1,1.1470079705830396
2023-04-06,0.2911596869893837,0.06365647208259133,1.5709321727766288,0.1,1.1583996546202804
2023-04-10,0.2849817406933796,0.06330651127399149,1.579616345737306,0.1,1.1703323005747837
2023-04-11,0.2513999806989426,0.06117551554214904,1.6346409035343799,0.1,1.2344900880084806
2023-04-12,0.2500168071300442,0.061095619434144634,1.6367785600044642,0.1,1.2359269799779322
2023-04-13,0.2522250639675302,0.061304333041191976,1.6312060671601696,0.1,1.2342764825683061
2023-04-14,0.2492395504103415,0.060936248983192685,1.641059331163981,0.1,1.2410723289533285
2023-04-17,0.24828569571141476,0.060902540689480894,1.6419676234832685,0.10000000000000002,1.2434900330343819
2023-04-18,0.25183403687779404,0.0610406356206448,1.638252927467528,0.10000000000000002,1.241024895296039
2023-04-19,0.25116091289762105,0.06097278415027488,1.640076001016089,0.1,1.2437260985101486
2023-04-20,0.26406392649286065,0.061968869044731284,1.6137134910081468,0.1,1.2373132747265467
2023-04-21,0.264946055030839,0.06197321690850406,1.6136002774817688,0.09999999999999998,1.2413818830165053
2023-04-24,0.2745282817795648,0.06280882486513154,1.5921329560731081,0.09999999999999999,1.23784831894662
2023-04-25,0.2779928284693152,0.06299950137592476,1.5873141503658785,0.1,1.2388440682459798
2023-04-26,0.26753589113806137,0.06231747765172737,1.604686257663834,0.10000000000000002,1.2428958159772105
2023-04-27,0.2691498830025551,0.06240148508610914,1.602525963316544,0.1,1.2385195760338488
2023-04-28,0.26568637240139886,0.06219789438835591,1.6077714685261282,0.10000000000000002,1.2341584950962574
2023-05-01,0.26953478057517244,0.06251996102857835,1.5994891608184025,0.10000000000000002,1.2234628403744736
2023-05-02,0.2669848357432534,0.0623564431934907,1.6036835149449138,0.1,1.2250274300722397
2023-05-03,0.2501559483010033,0.061099504326877704,1.6366744886342712,0.10000000000000002,1.2455745632588597
2023-05-04,0.23199149965561966,0.05989768737899547,1.6695135384319921,0.09999999999999998,1.2819171916951726
2023-05-05,0.24287790846463775,0.06070203739946019,1.6473911631982436,0.1,1.2851040867424433
2023-05-08,0.19945134305655488,0.05795994642583046,1.7253294070581464,0.1,1.3504624048196119
2023-05-09,0.19439472448639053,0.05764204177932983,1.7348448617213894,0.10000000000000002,1.3601506274436062
2023-05-10,0.1950598647653061,0.057772897871361514,1.7309154237452715,0.10000000000000003,1.3647448477425346
2023-05-11,0.19923638193699347,0.05807746917931197,1.7218381140413304,0.1,1.3609350556322117
2023-05-12,0.18836805083867342,0.05731508223778428,1.7447414554013534,0.1,1.3840376534845404
2023-05-15,0.19068339955854785,0.057504130009881756,1.7390055285214396,0.1,1.383201690596157
2023-05-16,0.18921159749282193,0.057295357050791265,1.7453421210265234,0.1,1.3943660765035184
2023-05-17,0.1951022009504675,0.057613037988986454,1.7357182243907432,0.09999999999999999,1.380438933823757
2023-05-18,0.19424462298345094,0.05759147361857926,1.7363681412683902,0.1,1.37836100699745
2023-05-19,0.17733694273547843,0.05616217851956199,1.7805577104735841,0.1,1.4208711100195877
2023-05-22,0.17780112587144917,0.056259337765685695,1.7774827072527877,0.1,1.4192691354558735
2023-05-23,0.1406382970302869,0.0534925369122714,1.8694196568766515,0.09761268464984035,1.5
2023-05-24,0.14558784538683386,0.0538083983686567,1.8584459495499466,0.09855307819606982,1.4999999999999996
2023-05-25,0.15137654426508845,0.054171978993551265,1.8459728047207615,0.09908705946772303,1.5
2023-05-26,0.12676414375743997,0.05227406680569665,1.9129944561555012,0.09532077819158784,1.5
2023-05-30,0.13329908141352084,0.05296861330241686,1.8879104768906079,0.0972879974897855,1.5
2023-05-31,0.13640173534025457,0.053153241546988535,1.8813528035086626,0.09772210216865683,1.5
2023-06-01,0.13176198652237556,0.05276159208797997,1.8953180911078267,0.09695010185591188,1.5
2023-06-02,0.13952165852835793,0.053343167701307405,1.8746543242415856,0.09826179387795012,1.4999999999999998
2023-06-05,0.1081299055281068,0.05051631276003118,1.9795585729907157,0.09209648083202963,1.4999999999999998
2023-06-06,0.106890888890594,0.05040811921570098,1.9838074015832807,0.0918650662667144,1.5
2023-06-07,0.09001252561174003,0.04921809754415828,2.0,0.08847643805227767,1.4999999999999998
2023-06-08,0.10648374266686465,0.05060564082796764,1.9760642956769783,0.09168555483985728,1.4999999999999998
2023-06-09,0.12156535691656069,0.0515745967371632,1.938939057723021,0.09257377056936843,1.5
2023-06-12,0.1354956526810612,0.053024544718528625,1.885919068816757,0.09295950470052101,1.5
2023-06-13,0.14034768415757337,0.05295465994054592,1.8884079344910072,0.09243861016018441,1.5
2023-06-14,0.15188649715882058,0.0536800509616181,1.8628894386017116,0.092527622880858,1.5
2023-06-15,0.15611833984902473,0.05391567418543999,1.8547482065429715,0.09232783000753356,1.4999999999999998
2023-06-16,0.17857911075318417,0.055074829500242645,1.8157114766839075,0.09351606882275705,1.5
2023-06-20,0.20086027743819723,0.056386957642476296,1.7734597534779923,0.09402241406587127,1.5
2023-06-21,0.20223598546600294,0.05657968844921616,1.7674187105105097,0.09442951549586008,1.5
2023-06-22,0.2246529632274805,0.05760246005400699,1.736036966237933,0.09481885043223624,1.5
2023-06-23,0.24357668003398528,0.058840045273365935,1.6995228255758192,0.09540889403181829,1.5
2023-06-26,0.240860003060651,0.05844546761618752,1.7109966619944232,0.09490120677355647,1.4999999999999998
2023-06-27,0.24130880967742085,0.05846744577257332,1.7103534912227913,0.09496209133497495,1.4999999999999998
2023-06-28,0.22334485302972473,0.057507179362056925,1.7389133167254545,0.09308708770597944,1.5
2023-06-29,0.22425290754598906,0.05754811458175484,1.7376763900394434,0.09316424271872782,1.5
2023-06-30,0.2314367738942425,0.05781992655635421,1.7295075583075148,0.09221058180753684,1.5
2023-07-03,0.23842696338283886,0.05842451203181131,1.7116103587746088,0.09351015271639894,1.5
2023-07-05,0.2286072030333692,0.05767705148528787,1.7337918188399033,0.0904114305229706,1.5
2023-07-06,0.2308113511311694,0.05785269012823148,1.7285280905407907,0.09075128353534866,1.5
2023-07-07,0.24863925778563584,0.05905740075957428,1.6932678836832855,0.09278278795095164,1.5
2023-07-10,0.25351203846049564,0.05931912176538462,1.6857970418967752,0.09279902044907243,1.4999999999999998
2023-07-11,0.2560591683025543,0.05938772686686853,1.6838495978162857,0.09285299045945734,1.5
2023-07-12,0.2526857100403555,0.05925952260413704,1.6874925008764545,0.0927246970462095,1.5
2023-07-13,0.27836201712550335,0.060668371722127315,1.6483053222199375,0.09598331864725675,1.5
2023-07-14,0.2936454160871543,0.0614707694505741,1.6267894625982442,0.09770856562387713,1.5000000000000002
2023-07-17,0.29058710588273345,0.06126738184809532,1.6321898697734023,0.09645019717437855,1.5
2023-07-18,0.28205213429311093,0.06070950830227084,1.6471884354935469,0.09487497797431996,1.5
2023-07-19,0.28439858338537594,0.06104575593637517,1.638115516240389,0.09562539764827632,1.5
2023-07-20,0.2837912327440692,0.06100481040260937,1.639214995342772,0.09565860800451795,1.5
2023-07-21,0.29757647723704866,0.06190330686099475,1.6154225851706472,0.09806257397285799,1.5
2023-07-24,0.3031334110262153,0.06218953810803292,1.6079875014714602,0.09822206444633122,1.4999999999999998
2023-07-25,0.3050046850733433,0.062181174456881844,1.6082037831135336,0.098019898651485,1.5
2023-07-26,0.3049749497546326,0.06224247362254574,1.6066199522600204,0.09800175287962569,1.5
2023-07-27,0.32954999187140666,0.06348461908463543,1.5751846894864971,0.09829252314888393,1.5
2023-07-28,0.34510677373014675,0.06452099372697556,1.5498831345213928,0.10000000000000002,1.482118648180102
2023-07-31,0.3717425177718223,0.06592260383299303,1.5169303726736576,0.10000000000000002,1.4675849197770394
2023-08-01,0.3676255807229008,0.06563657744668655,1.5235407434402748,0.10000000000000002,1.4829994947437661
2023-08-02,0.3708920262298155,0.06593274430258558,1.5166970684713097,0.09999999999999998,1.4833609095717901
2023-08-03,0.40495441872051874,0.06862176622398336,1.4572635696026421,0.10000000000000003,1.4355494375233266
2023-08-04,0.4105079881805944,0.06904233758254344,1.4483866494300717,0.1,1.4225780755305872
2023-08-07,0.4106473822595634,0.06858161452193161,1.4581167372200192,0.09999999999999999,1.4272806350749034
2023-08-08,0.4362204526307715,0.06967645641382822,1.4352050196995045,0.09999999999999998,1.4326685635357452
2023-08-09,0.42952833145048774,0.06925953764153457,1.4438444639577055,0.1,1.4371973638615767
2023-08-10,0.43180131047059594,0.06929445265426447,1.4431169620306668,0.1,1.435037353483328
2023-08-11,0.42553210509483264,0.06896516267034758,1.4500074548942699,0.09999999999999999,1.4447223472162145
2023-08-14,0.43210343703079257,0.06928705800627107,1.4432709784120024,0.1,1.442314075650855
2023-08-15,0.4268205944441743,0.06903799015910247,1.4484778564605312,0.1,1.448612285499143
2023-08-16,0.4291756069666583,0.06934021698495302,1.4421645092587498,0.1,1.4300556086868594
2023-08-17,0.431719794006549,0.06960405573200035,1.43669788991944,0.09999999999999998,1.4303583165738885
2023-08-18,0.4339156386274455,0.06991970288496739,1.430212027138059,0.1,1.424882596654773
2023-08-21,0.45051396603894506,0.07083618794579347,1.411707813476973,0.1,1.4214526237825236
2023-08-22,0.4480572916727308,0.07062203769610534,1.4159885959438239,0.10000000000000002,1.4237769699869642
2023-08-23,0.4482477759917946,0.07055876682587298,1.4172583294544103,0.1,1.4248803704377748
2023-08-24,0.47800953093837256,0.07223314330918085,1.3844060415863142,0.1,1.3758512184511655
2023-08-25,0.4752137151531675,0.07212823525605225,1.3864196128604027,0.1,1.3676842999222174
2023-08-28,0.49258210380238127,0.0730014309261564,1.3698361625425348,0.09999999999999999,1.3602789894078693
2023-08-29,0.4913261931389357,0.07267589500817312,1.3759720466979322,0.09999999999999999,1.3840126206062195
2023-08-30,0.5107365503114595,0.07366134201070397,1.3575641886278516,0.1,1.3450384472122905
2023-08-31,0.5174172536924991,0.07400123707462125,1.3513287608849318,0.1,1.343735186176534
2023-09-01,0.5068588750623256,0.07355709822433366,1.3594881039899245,0.10000000000000002,1.362705997259839
2023-09-05,0.5360611073712448,0.0748712169155569,1.3356267484310356,0.1,1.3608267304380948
2023-09-06,0.5425696742255397,0.07514794849810039,1.33070831604309,0.1,1.345902462052202
2023-09-07,0.544426816194599,0.0751300918053201,1.3310245947672172,0.1,1.340905183684166
2023-09-08,0.5286410384582753,0.07442973976888818,1.3435489672610712,0.1,1.3691891603927462
2023-09-11,0.5156904668272255,0.07386119813589771,1.353890845583216,0.10000000000000002,1.400358247353949
2023-09-12,0.5169926141577703,0.07372182633671494,1.3564503888341413,0.10000000000000003,1.3987343699950008
2023-09-13,0.5174580458081082,0.07366089489763222,1.357572428884711,0.09999999999999999,1.4013629209782956
2023-09-14,0.5265917061006916,0.07409506670647674,1.3496175176701593,0.1,1.3995353387009073
2023-09-15,0.5247634859679345,0.07386505095234884,1.3538202263545598,0.09999999999999999,1.4002132967773864
2023-09-18,0.5014189254379897,0.07268002529655698,1.3758938524301427,0.10000000000000003,1.4228489886637488
2023-09-19,0.4983508264580435,0.07256295695132457,1.3781136298935595,0.1,1.4242395394791088
2023-09-20,0.5069504329891358,0.07297682085916485,1.3702981141503292,0.1,1.4249744957099884
2023-09-21,0.5052726142167132,0.0728133590181761,1.373374355316274,0.09999999999999998,1.4249390887664628
2023-09-22,0.5238297796989856,0.07460096679476061,1.3404652016791723,0.1,1.3651024803269367
2023-09-25,0.5316142373012341,0.0750168266910816,1.333034259257577,0.1,1.3618946115408674
2023-09-26,0.5280224342021235,0.07466826863089214,1.3392569806905565,0.1,1.3616489829977116
2023-09-27,0.54380475497279,0.07531750221405634,1.327712643945556,0.1,1.3422963734839275
2023-09-28,0.5407961933671547,0.07508617360919041,1.3318031162498896,0.10000000000000002,1.3411641697420393
2023-09-29,0.5436580335177367,0.07519646455603689,1.3298497554426827,0.10000000000000002,1.3371443862466896
2023-10-02,0.5309181919603668,0.07437788144202447,1.3444857269556312,0.1,1.3650047099575906
2023-10-03,0.5281179534875332,0.07400811365260566,1.3512032000896597,0.1,1.3592849101274902
2023-10-04,0.5373095040837683,0.07462369432303985,1.3400569471555268,0.09999999999999999,1.3225930652917623
2023-10-05,0.5416722891715484,0.0748035004585413,1.3368358350478997,0.1,1.3180850786576674
2023-10-06,0.5449511288515293,0.07501067721325248,1.333143543227904,0.09999999999999999,1.318513045347153
2023-10-09,0.5332011930569347,0.07448662956819056,1.3425228202660535,0.09999999999999999,1.317099348228923
2023-10-10,0.5505656307999701,0.07503605526145894,1.3326926589031844,0.1,1.2812978551970993
2023-10-11,0.5294178004136344,0.07416217501588625,1.3483962677548096,0.09999999999999999,1.3176392653280278
2023-10-12,0.5169903013688082,0.07381777492252314,1.354687270172488,0.10000000000000003,1.3265293096598072
2023-10-13,0.5261379566397706,0.0740545420081123,1.3503560657906102,0.1,1.3176814807972124
2023-10-16,0.48764483103286477,0.07197499143381443,1.3893714748400678,0.1,1.3127918769004459
2023-10-17,0.47398474040355765,0.07098865774200688,1.408675740333458,0.10000000000000002,1.3306905262721573
2023-10-18,0.470135907344361,0.07094265305021685,1.4095892344090215,0.10000000000000002,1.3305705370783256
2023-10-19,0.44760373202527004,0.06986146335311871,1.4314043136277343,0.1,1.34417208741002
2023-10-20,0.43521403260223235,0.06949159295920229,1.4390229917266228,0.09999999999999999,1.3409059506770027
2023-10-23,0.4261479843405412,0.06901264175183053,1.4490098837195657,0.09999999999999999,1.3421550102619233
2023-10-24,0.4241829969517768,0.06885176962282763,1.4523954946663455,0.1,1.3426648017015421
2023-10-25,0.4242816177184184,0.06910390142492426,1.4470962990221592,0.09999999999999999,1.3305372491979326
2023-10-26,0.4191355779876715,0.06899051262385048,1.4494746624832202,0.1,1.3296832348183305
2023-10-27,0.38844982065175676,0.06741617959446695,1.483323448488726,0.1,1.364851788372228
2023-10-30,0.38548188401608674,0.06721245810536107,1.4878194135266078,0.09999999999999999,1.3660760597009391
2023-10-31,0.3742375379304247,0.06663031765560312,1.5008182989142742,0.1,1.3755131047936149
2023-11-01,0.3665503184610951,0.06595292084386635,1.5162330753589368,0.09999999999999998,1.400111525602283
2023-11-02,0.3805769605219825,0.06659395648156835,1.5016377653980908,0.1,1.364711050944344
2023-11-03,0.3935661789994031,0.06789998761412995,1.4727543187237646,0.1,1.3090324424574133
2023-11-06,0.40669605065381265,0.06855945818725055,1.4585879562653281,0.09999999999999998,1.2863417301245055
2023-11-07,0.40993723880631483,0.06871990943578425,1.455182360120041,0.1,1.2829972682150685
2023-11-08,0.40858304217815145,0.06870979099938491,1.4553966552000601,0.1,1.2831714525356965
2023-11-09,0.4040616042241791,0.06849422067266757,1.459977192497713,0.1,1.2835217937077024
2023-11-10,0.40631242804348344,0.06859612050397125,1.4578083901145793,0.1,1.2724976482830592
2023-11-13,0.40115976271929554,0.06825322503501047,1.4651322329267964,0.1,1.2626241831029927
2023-11-14,0.3994883430315466,0.06808037803282761,1.4688520083096646,0.1,1.2716180785735878
2023-11-15,0.4281334541620298,0.06944389858847849,1.4400113189582808,0.09999999999999999,1.2233660719662567
2023-11-16,0.43004607337799844,0.06937185800911318,1.4415067272216249,0.1,1.227284880148755
2023-11-17,0.4319943684316595,0.06946911879543233,1.439488534387097,0.1,1.2218353203642804
2023-11-20,0.4379040773275664,0.06981775415495364,1.4323004400579806,0.1,1.2196650282405346
2023-11-21,0.43816702204412483,0.0698586524830905,1.4314619083757063,0.1,1.2166284661716835
2023-11-22,0.4181065739249466,0.06877612161591702,1.4539930087720556,0.1,1.249115420553836
2023-11-24,0.4126725024158326,0.06851829778824359,1.459464161077832,0.09999999999999999,1.2678417368809891
2023-11-27,0.41390265033878654,0.06848294195927578,1.4602176416349963,0.09999999999999999,1.2701823994092751
2023-11-28,0.4114965452853238,0.06830095150195337,1.4641084465293293,0.1,1.273205266586212
2023-11-29,0.39595766942294,0.06748879394301972,1.481727471444063,0.1,1.3015369798453729
2023-11-30,0.39467933102739644,0.06740905652416683,1.4834801902938515,0.09999999999999999,1.3004428256452472
2023-12-01,0.39575652619963114,0.06738209263005819,1.4840738258014776,0.10000000000000002,1.299129989637427
2023-12-04,0.41234830145404217,0.06817040652432185,1.4669121851917075,0.1,1.271121379110017
2023-12-05,0.4185849928376702,0.06854393152548557,1.458918357532769,0.10000000000000002,1.2589208326961296
2023-12-06,0.41232525667777653,0.0682339106522193,1.4655469552329918,0.1,1.2656862685781056
2023-12-07,0.4135842875848316,0.06815032619490753,1.4673444073327475,0.10000000000000003,1.2668432249422348
2023-12-08,0.41280337802632044,0.06801554150316172,1.4702522069217294,0.09999999999999999,1.2651060667688458
2023-12-11,0.41239110172887866,0.06806772442991507,1.4691250638614124,0.1,1.2623234699580366
2023-12-12,0.40884977690821533,0.06790896993613005,1.4725595174547974,0.1,1.265983916809051
2023-12-13,0.4092228158995676,0.06793228266225489,1.4720541704329164,0.1,1.264718987921587
2023-12-14,0.448363168664068,0.06994754373237319,1.4296427674803098,0.1,1.1974406611950468
2023-12-15,0.44885794265062656,0.0699450834264942,1.4296930549105817,0.09999999999999999,1.20506861976885
2023-12-18,0.44907129194345846,0.06994133966817545,1.4297695822589709,0.10000000000000002,1.203191171881928
2023-12-19,0.4456437416936293,0.06974595356346748,1.4337749344698818,0.1,1.206880273680815
2023-12-20,0.44704140693134714,0.06991109065430677,1.4303882125723875,0.1,1.2099060307618406
2023-12-21,0.42941885543234565,0.06858114198748783,1.4581267838649339,0.09999999999999999,1.2473990016914676
2023-12-22,0.4302480793585954,0.0685843065671157,1.4580595037749828,0.1,1.2427089659136505
2023-12-26,0.43289198399855494,0.0688240380316401,1.4529807151685514,0.10000000000000002,1.242871110378923
2023-12-27,0.4251002424636978,0.06837438758509601,1.4625359514268998,0.1,1.2687953068603441
2023-12-28,0.4227246273008729,0.0682284744091758,1.4656637256797782,0.1,1.272990755345048
2023-12-29,0.42657311676726173,0.06840420366782514,1.4618984600070184,0.10000000000000002,1.2695258735350512
2024-01-02,0.42648186220952716,0.0684569806346926,1.4607714081582213,0.1,1.267670970114732
2024-01-03,0.43356537505191767,0.06887033992938543,1.4520038684654764,0.10000000000000002,1.2594144539107834
2024-01-04,0.42066491264207245,0.06798439809832198,1.4709257240959268,0.1,1.2964458675519375
2024-01-05,0.4208094751758201,0.06800137078441602,1.470558590900011,0.1,1.2959121105401685
2024-01-08,0.4211980355961619,0.06795044573619347,1.4716606920907291,0.09999999999999999,1.2970148317709567
2024-01-09,0.42640582929459825,0.06825174986386658,1.4651638998188,0.09999999999999998,1.2847974091278107
2024-01-10,0.41323718076372506,0.06757283542532064,1.4798846218391537,0.1,1.3090014566940071
2024-01-11,0.4131998074994772,0.06753602926657469,1.4806911375450462,0.1,1.3092360084460792
2024-01-12,0.4135759002617489,0.06749262073567547,1.481643458351317,0.1,1.3134065551695588
2024-01-16,0.4035642174970239,0.06699444264755876,1.4926611230438225,0.10000000000000002,1.3355067667996912
2024-01-17,0.43117090459562035,0.0684856908978927,1.4601590301409515,0.1,1.3208026393466974
2024-01-18,0.44817102942723913,0.06955154745166743,1.4377825320060884,0.10000000000000003,1.300239863463504
2024-01-19,0.4451199720914426,0.06924047177446752,1.4442420370231372,0.09999999999999999,1.303768564938197
2024-01-22,0.449321491691392,0.06959008405185493,1.4369863373851535,0.09999999999999998,1.3090429371604775
2024-01-23,0.4612440344488353,0.06990453901364894,1.430522272387418,0.09999999999999998,1.31987317930984
2024-01-24,0.47149045751602736,0.0703842792611848,1.420771812252506,0.09999999999999999,1.3248312242011142
2024-01-25,0.47464201652734594,0.07056421397112313,1.417148925387631,0.1,1.3214799520282345
2024-01-26,0.4751029785633892,0.07047312059523851,1.418980728473041,0.1,1.3231294149259134
2024-01-29,0.467774992624665,0.06985520666225346,1.431532519594354,0.1,1.372525721253579
2024-01-30,0.495343964372368,0.07140625645981495,1.4004375100699566,0.1,1.3649632472812145
2024-01-31,0.49961302236220645,0.07159535140825266,1.3967387272083869,0.1,1.3644868793601987
2024-02-01,0.4871493381924144,0.07116974356859851,1.4050914754752886,0.10000000000000002,1.3445669439946002
2024-02-02,0.5006984159694264,0.07199768274837656,1.3889335903974611,0.1,1.316866006473431
2024-02-05,0.4747355781455838,0.07052035630886168,1.4180302714584254,0.1,1.3440282654847324
2024-02-06,0.4774392629660558,0.07020296167365432,1.42444132862742,0.09999999999999999,1.3757823770587112
2024-02-07,0.47196067761053845,0.06986473256030516,1.4313373333775088,0.1,1.3944749508331893
2024-02-08,0.46875928700334674,0.06967447442618557,1.435245846108848,0.10000000000000002,1.3995947731142198
2024-02-09,0.47194997861977306,0.0698265198818186,1.4321206351003892,0.09999999999999999,1.3988335940127141
2024-02-12,0.4754561342380125,0.07002328518630901,1.4280963787107785,0.10000000000000002,1.3973987401432266
2024-02-13,0.47067093034670376,0.06961349588673252,1.4365030620313781,0.1,1.4247507650793725
2024-02-14,0.5179901953397605,0.07220001222979663,1.3850413166374844,0.1,1.3582428440674363
2024-02-15,0.5211322432281547,0.07235009101240679,1.3821682682175442,0.1,1.3515061479147228
2024-02-16,0.48881200966322225,0.07048548760322484,1.4187317616772055,0.1,1.4309690713797578
2024-02-20,0.490166525128434,0.07054795017636983,1.4174756282783563,0.1,1.4256199943243335
2024-02-21,0.4861868571676432,0.07031154593288488,1.42224152055274,0.1,1.4280765907220196
2024-02-22,0.4887722930206378,0.07039773198327717,1.4205003085007737,0.1,1.4245436246311574
2024-02-23,0.48540010819763313,0.07036551978243859,1.4211505906470603,0.1,1.388840723563912
2024-02-26,0.48792674111416334,0.07048360679989943,1.418769619493177,0.1,1.3882266937601275
2024-02-27,0.4904562876461115,0.07061106960009528,1.4162085430280051,0.09999999999999998,1.3826207585468504
2024-02-28,0.49189669619304927,0.07066160768150932,1.4151956526481344,0.1,1.3839058095956909
2024-02-29,0.49303713844389313,0.07078547855304262,1.412719134547712,0.09999999999999999,1.384507539598933
2024-03-01,0.4969554915796082,0.07101901548873281,1.408073588627331,0.1,1.3840393365332446
2024-03-04,0.5101669257915967,0.0717242088050375,1.394229391526959,0.09999999999999999,1.3592219482473058
2024-03-05,0.49966148197636856,0.07131295718708984,1.4022697128889157,0.09999999999999999,1.3638542268847014
2024-03-06,0.475938378107574,0.06990100036396364,1.4305946907671643,0.1,1.393668242824078
2024-03-07,0.46995407898283287,0.06958131907552445,1.4371673507864766,0.1,1.4162929374646016
2024-03-08,0.4780008607407941,0.06997916113833899,1.4289968381060474,0.1,1.4083537136434465
2024-03-11,0.47672973039618766,0.07000079888181256,1.4285551250470339,0.1,1.4043166533874285
2024-03-12,0.4786311177605509,0.07017852611044252,1.4249373069281384,0.09999999999999999,1.404414694470948
2024-03-13,0.4696647797409137,0.06961256678360696,1.436522234711635,0.1,1.4125286843084357
2024-03-14,0.4728305817030923,0.06979573679894639,1.4327522652000941,0.10000000000000002,1.411252302802231
2024-03-15,0.4778769429897046,0.07008113596382422,1.4269175096080045,0.10000000000000003,1.3974152381692855
2024-03-18,0.43348589516496894,0.06782278264553321,1.4744308048025214,0.09910210471046497,1.5
2024-03-19,0.4321287589373652,0.06770118441404951,1.4770790328927799,0.09808912126222735,1.5
2024-03-20,0.43281606617003743,0.06784363825996839,1.4739775543406506,0.09806034840759857,1.5
2024-03-21,0.44210048712431516,0.06833027045710122,1.4634802311046249,0.0992818830422378,1.5
2024-03-22,0.43872650530215745,0.06811571260430162,1.4680900511299186,0.09871330307007407,1.5
2024-03-25,0.44536192853875767,0.06834247623400617,1.4632188575900844,0.0981417291436124,1.4999999999999998
2024-03-26,0.4451167295851621,0.06831436653163633,1.4638209366062127,0.09775120209951696,1.5
2024-03-27,0.44485747202313536,0.06827614178101978,1.4646404643180821,0.09774048705926129,1.5000000000000002
2024-03-28,0.451243500623985,0.06861043168112003,1.457504311658742,0.09860534590603352,1.4999999999999998
2024-04-01,0.4436664059979013,0.06833060088344996,1.4634731541519423,0.09794173807778107,1.5000000000000004
2024-04-02,0.43292874808173826,0.0678874771965325,1.4730257203475476,0.09787926956790241,1.4999999999999998
2024-04-03,0.42325641681560394,0.06717932415173422,1.4885532306656664,0.09731995825747641,1.5
2024-04-04,0.41487493154291466,0.06667444062228473,1.499825106392821,0.09610146307762475,1.4999999999999998
2024-04-05,0.4066648586562247,0.06622254218862943,1.5100598179266251,0.09589052794166861,1.5
2024-04-08,0.3866462848169358,0.06518787198132371,1.5340276796986094,0.09505417764075257,1.5000000000000002
2024-04-09,0.38458904048569414,0.06517631089436456,1.5342997881864846,0.0949618465975406,1.4999999999999998
2024-04-10,0.38893779467217643,0.06512117436438725,1.535598842865569,0.09375021517259989,1.5
2024-04-11,0.4250849028504956,0.067516680673799,1.4811154666080424,0.09880450114395377,1.4999999999999998
2024-04-12,0.42622594010300435,0.06762510231950071,1.4787408309941072,0.09970360337572269,1.5000000000000002
2024-04-15,0.4225558035083882,0.06748230300863486,1.481869994674074,0.09999999999999998,1.4873007510683742
2024-04-16,0.41221096941562496,0.06701244654568453,1.4922600972615856,0.09999999999999998,1.4680299661439284
2024-04-17,0.40382348168444254,0.06658692237116597,1.5017963954330897,0.10000000000000003,1.4927089436806789
2024-04-18,0.3876074374518849,0.0657227033775084,1.5215442284168421,0.09927875802928599,1.5
2024-04-19,0.3891311671249774,0.06590743167732084,1.517279576142407,0.09912705982449,1.4999999999999998
2024-04-22,0.38401347593731444,0.06537850744980511,1.5295546487777474,0.09821629177891758,1.5
2024-04-23,0.36373232458711413,0.06439572942933804,1.5528980087061648,0.09824583170910801,1.5000000000000004
2024-04-24,0.365224414508134,0.06444214267971796,1.5517795629019837,0.0990480247284884,1.5
2024-04-25,0.36607173686054184,0.06450962641223194,1.550156241193773,0.09911590793466613,1.4999999999999996
2024-04-26,0.3658623864129486,0.06436938690013157,1.5535335167188864,0.09836045106589932,1.5
2024-04-29,0.3684090209787921,0.06465665617131194,1.5466311733635532,0.09922983533272221,1.5
2024-04-30,0.3603442001160235,0.06418487145009094,1.5579995369743522,0.09820653584336111,1.5
2024-05-01,0.39168977880457684,0.06606509236388326,1.5136586724075847,0.10000000000000002,1.449809734370892
2024-05-02,0.4046137257358187,0.06655360026381874,1.5025483159979267,0.10000000000000002,1.4509383276477692
2024-05-03,0.38675181249861806,0.06539149638411364,1.5292508281595807,0.1,1.4890640532756658
2024-05-06,0.4162733694838438,0.06718272219981834,1.488477940839831,0.10000000000000002,1.457087850684997
2024-05-07,0.4106666875754677,0.06703824057135185,1.4916859265356979,0.1,1.4705648902880148
2024-05-08,0.40858761921754094,0.0669213977553907,1.4942903668198522,0.1,1.4771545501622825
2024-05-09,0.4131365128737076,0.06718411290712159,1.488447129431397,0.1,1.4733903722123756
2024-05-10,0.41613847743889604,0.06737803438132704,1.4841632131036717,0.1,1.4652364135353
2024-05-13,0.41709251281018994,0.06746252879348102,1.4823043515923333,0.1,1.4650780649046071
2024-05-14,0.4155322344712559,0.06737479261770567,1.484234624177836,0.1,1.4657472526757083
2024-05-15,0.3773291593604265,0.0651124040271552,1.5358056808698832,0.09689822508774583,1.4999999999999998
2024-05-16,0.39708544299617304,0.0663425473850023,1.5073283125484336,0.09947563271702922,1.5
2024-05-17,0.3960255290006314,0.06625263433823918,1.5093739441283287,0.09923845958219903,1.4999999999999998
2024-05-20,0.38862293257255376,0.06582042291360583,1.5192852852260976,0.09860864453689355,1.5
2024-05-21,0.3914214190770283,0.06593905332531007,1.5165519514914838,0.0986206527725157,1.5
2024-05-22,0.38819594674493096,0.06577754091296312,1.5202757447609674,0.09832399806959753,1.5
2024-05-23,0.39512542385582555,0.06570279372713152,1.5220052957764214,0.09646744327118459,1.5
2024-05-24,0.40850436108509514,0.06657149324820434,1.5021444633540249,0.09808839570351069,1.4999999999999998
2024-05-28,0.4075099748566417,0.06655178300083774,1.5025893445821163,0.09818880986147924,1.5
2024-05-29,0.4026548328964818,0.06641920065383843,1.5055887306018176,0.09835985591104167,1.5000000000000002
2024-05-30,0.41471736511075136,0.06724240051832735,1.4871569014366814,0.10000000000000003,1.4985029216028827
2024-05-31,0.4012152521891738,0.06653526103007873,1.5029624660943737,0.09936403158643689,1.5
2024-06-03,0.379663535397116,0.06540487449145262,1.5289380306519573,0.09728489498740009,1.5
2024-06-04,0.3881291955337595,0.06581075258541114,1.5195085312269763,0.09827809004134899,1.5
2024-06-05,0.3988501173076225,0.06666166258755103,1.5001126002320089,0.09868617552495973,1.5
2024-06-06,0.40855630485409566,0.06719955900320417,1.4881050037133707,0.1,1.4936301681354949
2024-06-07,0.40584375519251137,0.06712715599355631,1.4897100662152174,0.09982943622541852,1.5
2024-06-10,0.42720396889666473,0.06808095524679451,1.4688395548725552,0.1,1.4648451186936309
2024-06-11,0.4263113118234674,0.06799096721907898,1.4707836068544553,0.1,1.4652573993225588
2024-06-12,0.44015711509295374,0.06881275626691015,1.453218929526978,0.10000000000000003,1.455895429638919
2024-06-13,0.4475458333828042,0.06919810643994928,1.4451262490366101,0.09999999999999999,1.4397008101800506
2024-06-14,0.4380674922001871,0.06879330399907513,1.4536298474826042,0.09999999999999999,1.4543312762912866
2024-06-17,0.430812375025231,0.06855947453093358,1.458587608557015,0.09999999999999999,1.4598765986565656
2024-06-18,0.4234475773362421,0.0681481432371325,1.4673914100936516,0.1,1.4647076608156362
2024-06-20,0.4245816483855577,0.06820282408480847,1.4662149455226745,0.1,1.4644269614546221
2024-06-21,0.4164000840094108,0.067852145965453,1.4737927382711686,0.09999999999999999,1.4770054979774492
2024-06-24,0.4157335625333342,0.06786852371908854,1.4734370886554917,0.1,1.474380435869616
2024-06-25,0.4164747511858445,0.06784371613251958,1.47397586247589,0.1,1.4735452225376988
2024-06-26,0.41390746583686777,0.06768941593964321,1.4773358376908918,0.1,1.476286359839201
2024-06-27,0.4159610969054098,0.0677465890084314,1.4760890764191021,0.10000000000000002,1.4697080561755602
2024-06-28,0.4121933622810085,0.0674060230106894,1.4835469522381075,0.1,1.4833929181256778
2024-07-01,0.41518808459401096,0.06770058594169427,1.4770920902534423,0.1,1.4691614220358917
2024-07-02,0.4159293763909597,0.06748543772566666,1.481801161407702,0.1,1.4754307372692455
2024-07-03,0.4246001246767496,0.06794021982910987,1.4718821966065188,0.09999999999999999,1.4681195593516714
2024-07-05,0.43270079467483874,0.06842260017499434,1.4615054052936431,0.09999999999999999,1.4525757870452023
2024-07-08,0.45181960797837795,0.06939472632393051,1.4410316935786427,0.1,1.4454814660251252
2024-07-09,0.46962104718589437,0.0700782960011091,1.4269753362498618,0.1,1.4437001776814362
2024-07-10,0.47317427417621677,0.07010390056454786,1.4264541515478935,0.1,1.4430689537294916
2024-07-11,0.4733512466613559,0.07015992342218502,1.4253151246795597,0.10000000000000003,1.4368430069341849
2024-07-12,0.4180602329535356,0.0666084810694897,1.5013103195623752,0.09905274510174168,1.4999999999999998
2024-07-15,0.4215247380574906,0.06682358680004838,1.4964775880591852,0.0988635503497137,1.5
2024-07-16,0.4236846457913292,0.06682457808235363,1.4964553891647692,0.0973720084274717,1.5
2024-07-17,0.4322562946977194,0.06698306561313194,1.4929146506605266,0.09598722158343029,1.4999999999999996
2024-07-18,0.43029007093844496,0.06681624294657573,1.496642067707354,0.09820055421601619,1.5
2024-07-19,0.44537847169330597,0.06772238942955806,1.4766165346840832,0.09947614360575581,1.5000000000000002
2024-07-22,0.45494286141854623,0.06826880198544229,1.4647979324629736,0.09999999999999999,1.4874905813489456
2024-07-23,0.46107557958793943,0.06870771382443738,1.4554406548225571,0.1,1.4869943679020774
2024-07-24,0.477252086534554,0.06934144032655366,1.4421390661783806,0.1,1.4827848244465935
2024-07-25,0.4784328770554413,0.0700499052292126,1.4275536800911681,0.10000000000000003,1.412923183192295
2024-07-26,0.47519994545823213,0.06979082875826421,1.4328530235164831,0.1,1.4118189939881516
2024-07-29,0.48323758720560417,0.07015170320248859,1.4254821399183444,0.1,1.3994439760898252
2024-07-30,0.4812320689011813,0.06994776205525909,1.4296383052398374,0.1,1.4099981186836164
2024-07-31,0.4761487452259867,0.06954463454074804,1.4379254511921744,0.09999999999999999,1.413781814301588
2024-08-01,0.46975902328905517,0.06886906185285671,1.4520308148476975,0.10000000000000002,1.428473619987745
2024-08-02,0.46044072663797503,0.06849999526445401,1.45985411552126,0.10000000000000002,1.416771202891855
2024-08-05,0.37859151242419004,0.06554543291987915,1.5256593105767893,0.1,1.440764009939771
2024-08-06,0.3802428009545827,0.0655841571822634,1.5247584827855962,0.10000000000000002,1.4028314111697575
2024-08-07,0.3629533052732715,0.0646206610385447,1.5474926810227514,0.1,1.4152897882653734
2024-08-08,0.36330904129744823,0.06475542979266849,1.5442720451424115,0.10000000000000002,1.4090955010222928
2024-08-09,0.3564420360937743,0.06461131642092875,1.5477164920850959,0.09999999999999999,1.3850800376593444
2024-08-12,0.355537875623825,0.06461200043717161,1.5477001071533067,0.1,1.3863570360811865
2024-08-13,0.35701070107132,0.06462015855191519,1.5475047143324634,0.1,1.3848812729007327
2024-08-14,0.3648341128032636,0.06506606196031735,1.5368995292966747,0.10000000000000002,1.3644847347571925
2024-08-15,0.36039672387307253,0.06485915278379882,1.5418024397164038,0.1,1.3690481214166925
2024-08-16,0.32406531146633605,0.06310433494444728,1.5846771872016896,0.10000000000000002,1.4030599417519867
2024-08-19,0.3232188335996123,0.06300513094898907,1.5871723222186958,0.10000000000000002,1.401308643042413
2024-08-20,0.3262415293460379,0.06321328355520865,1.5819459831201919,0.1,1.3966586998786976
2024-08-21,0.32513112925570903,0.06320264795884709,1.5822121893549879,0.1,1.3965073787307696
2024-08-22,0.32574670144530177,0.0632214951799349,1.5817405095433077,0.1,1.3961179707794928
2024-08-23,0.3371248795933761,0.06387799726486404,1.5654842712954746,0.09999999999999999,1.3781146792370245
2024-08-26,0.33910811145955416,0.06391146259475818,1.5646645521800608,0.1,1.380050346701192
2024-08-27,0.3406852086697649,0.06393603301874827,1.5640632563280321,0.1,1.3795231014741192
2024-08-28,0.3461013399811449,0.06403439614305846,1.5616607014859831,0.1,1.382186948439122
2024-08-29,0.340193869703617,0.06358334360120009,1.5727389334415653,0.1,1.395472764109093
2024-08-30,0.34560833462954793,0.06382659819305997,1.5667449438167498,0.10000000000000002,1.3930998018250222
2024-09-03,0.3426798612976515,0.06350439980659278,1.574694041744465,0.1,1.3969928232625084
2024-09-04,0.32641114911311875,0.0625690568809142,1.5982340950148408,0.10000000000000003,1.400346151550957
2024-09-05,0.32870086379074787,0.0626875743405392,1.5952124651811797,0.1,1.3981120771367759
2024-09-06,0.3186288522726658,0.0620888635102615,1.6105947886044474,0.1,1.417878551781599
2024-09-09,0.31696122549618305,0.062333450434130945,1.6042750610392102,0.09999999999999999,1.4008393249035533
2024-09-10,0.29973135461819883,0.06189612138696581,1.6156101183596647,0.10000000000000002,1.4321709753336955
2024-09-11,0.29948025374549325,0.06205403496110886,1.611498753669653,0.10000000000000002,1.429595381172869
2024-09-12,0.29201270202327023,0.061704635871749264,1.6206237762725997,0.1,1.4346433533974254
2024-09-13,0.2838486427389181,0.061241633718240006,1.6328760996167928,0.1,1.4417297865318917
2024-09-16,0.2906405412461521,0.061524600688678946,1.6253660955234914,0.10000000000000002,1.4388435708485194
2024-09-17,0.2988883968938836,0.061586821359044405,1.6237240012276488,0.1,1.4390448360582295
2024-09-18,0.3045129266820993,0.06195226701782084,1.6141459354705223,0.1,1.4343839444720123
2024-09-19,0.3055497348526572,0.06207460490974986,1.6109647438818144,0.09999999999999999,1.427511086890661
2024-09-20,0.31184414095902546,0.062360315911355456,1.6035839225405621,0.1,1.4121705372488589
2024-09-23,0.31191389042606965,0.062324138347631675,1.6045147618763673,0.10000000000000002,1.4151487881324951
2024-09-24,0.3115329526183033,0.06237524635417426,1.603200080881249,0.1,1.4149986614286072
2024-09-25,0.31216890420377347,0.06242996584130364,1.6017948857156037,0.1,1.4129674546227224
2024-09-26,0.30994545503782583,0.06236560388894867,1.60344795471018,0.1,1.4192013800258776
2024-09-27,0.3074370927330585,0.06236557302088309,1.6034487483425357,0.1,1.420092529487298
2024-09-30,0.2987396851808961,0.061761020903783784,1.619144219714048,0.09999999999999999,1.4415215211511825
2024-10-01,0.3007882994948924,0.06180399713725778,1.618018326191984,0.1,1.4470281998726873
2024-10-02,0.29441978823024484,0.06134123041232641,1.6302248801958361,0.1,1.4554122442160218
2024-10-03,0.2864586267303348,0.06087158147479074,1.6428027262839202,0.1,1.4697863814796714
2024-10-04,0.2818099189504436,0.06065446498439567,1.6486832424575273,0.1,1.4765571534164386
2024-10-07,0.27890099237222366,0.0605037098062472,1.6527912142946761,0.1,1.4764788379017928
2024-10-08,0.2899028817700072,0.061181229262562406,1.6344882442757867,0.1,1.4562000147807743
2024-10-09,0.28572961901344024,0.060872521273730794,1.6427773633742104,0.1,1.4619747538100851
2024-10-10,0.2930430276534171,0.061439666102480715,1.627613011978305,0.09999999999999999,1.4563956559389772
2024-10-11,0.28973609361147595,0.061287074281839216,1.6316654232853849,0.1,1.4601291488748047
2024-10-14,0.2906141266932946,0.061316354861868906,1.630886249276822,0.1,1.4606896002454108
2024-10-15,0.28338877594258954,0.06073903627534445,1.6463876632265995,0.1,1.4850894488384896
2024-10-16,0.2762935030665917,0.06021979219646104,1.6605836113442574,0.09991862773458056,1.5
2024-10-17,0.2704634902187726,0.05983814724556937,1.6711747372392844,0.09903600939268686,1.4999999999999998
2024-10-18,0.26388131798065784,0.05945722957400778,1.6818812567700907,0.09820351504629676,1.4999999999999998
2024-10-21,0.26795413424024234,0.059599081512659316,1.6778782065418107,0.0983432297741911,1.5
2024-10-22,0.2744742516138483,0.06004631841501899,1.6653810364997774,0.09960212515716403,1.4999999999999998
2024-10-23,0.25768608453687086,0.05851283654349496,1.7090267009302471,0.09550671965081164,1.5
2024-10-24,0.2723843770934896,0.05942794496717287,1.682710045841877,0.09691843297104712,1.5000000000000002
2024-10-25,0.2648602453279538,0.05899729426693229,1.6949929864164897,0.09595379308577415,1.4999999999999996
2024-10-28,0.265718112815667,0.059025122560570964,1.6941938561394947,0.09600013438512275,1.4999999999999998
2024-10-29,0.26775271049722243,0.059301372832562614,1.6863016018592005,0.09619799306037294,1.5
2024-10-30,0.23740439904345215,0.05746786160997842,1.7401030279963738,0.09208973080998838,1.5000000000000002
2024-10-31,0.2446426992660369,0.0577093047952228,1.7328228152261167,0.09168885214579951,1.5
2024-11-01,0.3019987406872163,0.060372012604021474,1.6563966594239208,0.09445055550983689,1.5
2024-11-04,0.290835114330501,0.059561496729972546,1.6789369893332111,0.09091436640947721,1.5000000000000002
2024-11-05,0.3026634485952331,0.060009936449648915,1.6663906998785873,0.09091278124911935,1.5000000000000002
2024-11-06,0.30320168224116534,0.06004813861394829,1.6653305549220054,0.0910033158468586,1.4999999999999998
2024-11-07,0.25716722745513426,0.05609388471338151,1.7827255236638022,0.0873379093218784,1.5000000000000004
2024-11-08,0.2792015721190631,0.05730818044481491,1.7449515797538768,0.0897114192356056,1.5
2024-11-11,0.2752440978531038,0.057235267620526865,1.7471744984754118,0.08969804196704706,1.5
2024-11-12,0.26418294411319565,0.056483567857339725,1.7704264052966612,0.0882203715909811,1.5
2024-11-13,0.277086688845173,0.05737590030459024,1.742892041242614,0.0899147019632203,1.5
2024-11-14,0.28962098317211854,0.05794829860401837,1.7256762046343428,0.08995789065136013,1.5
2024-11-15,0.2867033131175907,0.057797241365740167,1.7301863832427806,0.0895478074331603,1.5
2024-11-18,0.281842574654055,0.05772266258209891,1.732421817128932,0.08997996700534987,1.5
2024-11-19,0.2888099162618451,0.05802796080111873,1.7233071543343306,0.0906706988152628,1.5
2024-11-20,0.2905490663923845,0.058195082745411957,1.7183582406347537,0.0910627232557131,1.5000000000000002
2024-11-21,0.27402381238641116,0.057200954100557935,1.7482225877596789,0.08890030957534902,1.5
2024-11-22,0.25290334351229493,0.05607744463619752,1.7832481606241173,0.08677626825616208,1.4999999999999998
2024-11-25,0.2508048708785805,0.0560061705841876,1.7855175413159443,0.08668831915393205,1.5
2024-11-26,0.23080851941921715,0.05513926938724447,1.8135895000294164,0.08704188140357848,1.5000000000000004
2024-11-27,0.22553842430568286,0.05486484536536597,1.8226607463132685,0.08640641900173866,1.5000000000000002
2024-11-29,0.22244932921732413,0.05471335849260036,1.8277072136510206,0.08631370030183386,1.5
2024-12-02,0.23601866361012663,0.05567992791009853,1.795979336781132,0.08769249360050496,1.5
2024-12-03,0.24927194149371218,0.05645399349732271,1.7713538725075744,0.08654125953968134,1.5
2024-12-04,0.2510963001896882,0.05655975309196568,1.7680416644924324,0.08649520799594579,1.5
2024-12-05,0.26097752844710104,0.057116209840768144,1.750816454361831,0.08753992564967894,1.5
2024-12-06,0.271661534795846,0.056860703668610374,1.7586838281638155,0.085336974138704,1.5
2024-12-09,0.2677768160313202,0.05647679694184038,1.770638658969624,0.08435520790147806,1.4999999999999998
2024-12-10,0.27062652733873827,0.05641298440234269,1.7726415480306914,0.08450510236087669,1.5
2024-12-11,0.27305876204696367,0.05636359558573617,1.7741948319795768,0.08397823721225102,1.5
2024-12-12,0.2670699400819941,0.055953864894669754,1.7871866436437378,0.08347858208929824,1.5
2024-12-13,0.27396008627859003,0.056607261444561206,1.7665578133988311,0.08483077766845765,1.4999999999999998
2024-12-16,0.2763165719002127,0.056752216451025086,1.7620457182724492,0.08509938013077721,1.5000000000000002
2024-12-17,0.278040119635747,0.05688517383468744,1.7579272991343484,0.08547023845401162,1.5000000000000002
2024-12-18,0.2749302737740936,0.05656750308362175,1.7677994351663981,0.08487354038494511,1.5
2024-12-19,0.33378683499000483,0.06095788296509831,1.6404769184201398,0.09485178953849531,1.5
2024-12-20,0.3308278562269662,0.06107871780813074,1.6372314873101037,0.0951840265742657,1.5
2024-12-23,0.33779425313226097,0.06195595711989691,1.6140497968013054,0.0971268143465538,1.5
2024-12-24,0.33165693710603356,0.061642054641837925,1.6222690917918825,0.09670467812433413,1.5000000000000002
2024-12-26,0.33610693507703904,0.06198924983811562,1.613182935124221,0.09764360222547616,1.4999999999999998
2024-12-27,0.33701491809560163,0.06187531066054979,1.6161535018159934,0.09740710378569037,1.5
2024-12-30,0.3471285027464538,0.06259273703017873,1.597629449432537,0.09901136775675494,1.4999999999999998
2024-12-31,0.33686915571564613,0.062138545088008805,1.6093070711322064,0.09889366504338042,1.5000000000000002
2025-01-02,0.34230737085489565,0.06261722647619998,1.5970046204139805,0.09920706863991403,1.5
2025-01-03,0.34003941704336305,0.0625353127415972,1.5990965042936784,0.09921097200645883,1.4999999999999998
2025-01-06,0.3337683737878226,0.06211263072703593,1.6099784992116384,0.09904327029411321,1.4999999999999998
2025-01-07,0.35163647278112725,0.06247314617063941,1.6006877535326873,0.09933434353590903,1.5
2025-01-08,0.34660546587353946,0.06227172922725135,1.6058651532714787,0.09941989796958145,1.5000000000000002
2025-01-10,0.34719595931199293,0.062315510002953135,1.6047369265735127,0.09910799579046822,1.4999999999999996
2025-01-13,0.3547942773266609,0.0627778634894171,1.592918179142202,0.1,1.4912765228252214
2025-01-14,0.3557537902158093,0.06277751858569613,1.5929269307370333,0.1,1.4907166455361893
2025-01-15,0.3544616138296123,0.0627236853475883,1.5942940764057791,0.10000000000000002,1.494323211988354
2025-01-16,0.39140295581359985,0.06509894682629505,1.5361231613597712,0.1,1.4188229915489685
2025-01-17,0.39713992449078966,0.06550788070074395,1.5265338907363604,0.1,1.4161399327848385
2025-01-21,0.3921503456785801,0.06530678619983259,1.5312344370156183,0.1,1.4156468751978535
2025-01-22,0.4011163654539069,0.06590005231919648,1.5174494781223462,0.1,1.4007768301982897
2025-01-23,0.3946249667969674,0.06560192734071076,1.5243454583375136,0.1,1.4061199588137172
2025-01-24,0.39201051121161645,0.06534947299534963,1.5302342225026997,0.1,1.4158869101096627
2025-01-27,0.39213754067982065,0.06527571315274291,1.5319633470109084,0.1,1.416888243709589
2025-01-28,0.3629837371945105,0.06391470776139864,1.5645851088502531,0.1,1.4342042171571747
2025-01-29,0.3597306522502483,0.06374891034301007,1.5686542634522818,0.10000000000000003,1.4357309280288901
2025-01-30,0.36218322539336884,0.06386085460242978,1.5659045063295347,0.1,1.4329712842878735
2025-01-31,0.36819773739180284,0.06407939835596571,1.560563965418226,0.1,1.424957000187757
2025-02-03,0.36723060764230375,0.06410683356402437,1.5598961053056635,0.1,1.4243250269444845
2025-02-04,0.36536608426660855,0.06393598117764396,1.5640645245148173,0.1,1.4255421455007258
2025-02-05,0.36811325549213003,0.06384347140800412,1.566330868209383,0.10000000000000002,1.4462518377602782
2025-02-06,0.3741041781438233,0.06430128993811582,1.555178754520181,0.1,1.4343819697130165
2025-02-07,0.37601241289776394,0.06447675017748646,1.5509466547977058,0.1,1.4357042304523513
2025-02-10,0.3819349434098217,0.06459324500570122,1.548149500635456,0.1,1.4331906236107288
2025-02-11,0.4368374050122166,0.06842678979431754,1.4614159205858936,0.1,1.4022601604327043
2025-02-12,0.41838830210847167,0.06746979587242508,1.4821446946287566,0.10000000000000003,1.4322178239939005
2025-02-13,0.42660789946408534,0.06773878624673407,1.4762591056142722,0.1,1.4276178853642414
2025-02-14,0.4420096608109945,0.0688002632919365,1.4534828097339587,0.10000000000000002,1.4000117181595706
2025-02-18,0.4268418949051078,0.06812384998286254,1.4679146881034517,0.09999999999999999,1.4167531274654022
2025-02-19,0.4258015501720117,0.0677856076860755,1.475239411633127,0.09999999999999999,1.4213262271741978
2025-02-20,0.42726076698004917,0.06784239370570698,1.474004594144913,0.10000000000000002,1.4236540098615749
2025-02-21,0.4360763523043271,0.06785125034817323,1.4738121919177327,0.10000000000000002,1.4362219089762793
2025-02-24,0.40668273551800166,0.06665631850862677,1.500232869702485,0.1,1.4455341812872138
2025-02-25,0.40157843866551296,0.06630313004373312,1.5082244221960661,0.10000000000000002,1.4525040638143905
2025-02-26,0.387264143961051,0.0655940256808052,1.524529085722254,0.1,1.4552337672921016
2025-02-27,0.3888219639510446,0.06562700343884928,1.5237630054704419,0.1,1.455606314742238
2025-02-28,0.39956318598421225,0.06657283997331467,1.5021140759517606,0.1,1.4156156598109082
2025-03-03,0.43290882581664664,0.06811684501050198,1.4680656449162084,0.1,1.4007373342067622
2025-03-04,0.4206617545356927,0.06735787221428742,1.4846074662493391,0.10000000000000002,1.4022848230539884
2025-03-05,0.4196280150944796,0.06729542881291506,1.485985032921113,0.1,1.3967890033383186
2025-03-06,0.4018406955368008,0.06648918025973953,1.5040041042670504,0.1,1.4129479384786592
2025-03-07,0.4055172498920345,0.06711879661425221,1.48989560368199,0.1,1.3888883205837237
2025-03-10,0.4048795803367447,0.06713192461858218,1.489604246685338,0.1,1.3889260685386091
2025-03-11,0.3719418719835089,0.06597459687698858,1.5157349151591288,0.1,1.3895910767152717
2025-03-12,0.36826380061505165,0.06590713385904465,1.5172864323590471,0.1,1.3884476288036165
2025-03-13,0.362846777805593,0.06572615707365502,1.521464276207972,0.1,1.39046492767642
2025-03-14,0.346689972856057,0.06509019077186592,1.5363298035258368,0.1,1.3964897179534284
2025-03-17,0.33665790511010585,0.06486433934665037,1.5416791569490342,0.1,1.3907160640557672
2025-03-18,0.3417460897342672,0.065393313540373,1.5292083331770805,0.10000000000000002,1.3836617538563725
2025-03-19,0.3283644857782991,0.06461989308553062,1.54751107167015,0.1,1.405044021216827
2025-03-20,0.3354096260476767,0.06525648784105909,1.53241468102855,0.09999999999999999,1.394581822600068
2025-03-21,0.33553824366881935,0.06523407227526928,1.5329412454587898,0.1,1.3968176151847367
2025-03-24,0.3339170838453261,0.06516204360683328,1.5346357244927384,0.1,1.3960250915172354
2025-03-25,0.24657712173001511,0.06013149942350652,1.6630218929965372,0.0974927554069519,1.5000000000000004
2025-03-26,0.25019134119555075,0.060072178914767065,1.66466410585646,0.09689481456438816,1.4999999999999998
2025-03-27,0.2541343040346033,0.060008138033448774,1.666440640838741,0.09681853908543646,1.5
2025-03-28,0.2539435017374027,0.06015204861506927,1.6624537701106332,0.09688802469464475,1.5
2025-03-31,0.2340275232962445,0.05885770105208722,1.6990130129531076,0.09564467457894196,1.5
2025-04-01,0.24078670711613998,0.059251451703328004,1.6877223616511536,0.096722698764554,1.5
2025-04-02,0.2318511626874313,0.05853393596357572,1.7084106570627273,0.09529130906504849,1.4999999999999998
2025-04-03,0.23464042144002992,0.05874378686269175,1.7023076880239418,0.09536548653794844,1.5
2025-04-04,0.19417635539058742,0.059978555738774066,1.6672625535621801,0.1,1.487727968867913
2025-04-07,0.23249357725848538,0.06130771384185193,1.631116114653335,0.10000000000000002,1.356954778080824
2025-04-08,0.24833414060660006,0.062415389966228946,1.6021689531076702,0.1,1.2903348080196955
2025-04-09,0.257676302729534,0.0630557353244988,1.5858985623651491,0.1,1.2666169449865934
2025-04-10,0.3031985864107672,0.06705820564748934,1.4912418105202314,0.1,1.034736347788841
2025-04-11,0.29346648311737844,0.06680569777936418,1.4968783101445176,0.1,0.999089274630981
2025-04-14,0.283379172629097,0.06695073612943178,1.4936355562495398,0.1,0.9952137724698218
2025-04-15,0.2859430649128631,0.06696318570781216,1.4933578643695509,0.1,0.9937049096923569
2025-04-16,0.2857271350336904,0.06696388736310964,1.49334221679445,0.09999999999999998,0.9933688017565727
2025-04-17,0.2566533777533104,0.06539631896254952,1.529138055266795,0.10000000000000002,1.0172955491538436
2025-04-21,0.2529105795319556,0.06524014031176953,1.5327986653940364,0.1,1.0162996564893811
2025-04-22,0.2469785601592999,0.06482871824546044,1.542526255437765,0.1,1.0096889607628479
2025-04-23,0.23829199563192563,0.0642261453312506,1.5569983140704364,0.10000000000000003,1.015867091063922
2025-04-24,0.23022272370316563,0.06380725359361196,1.5672199376719682,0.10000000000000002,1.014232923011741
2025-04-25,0.2454159703192688,0.06453942697838334,1.5494404689011838,0.1,0.9957771671685653
2025-04-28,0.24380380049683867,0.06444201914004867,1.5517825377673986,0.1,0.9953599463079438
2025-04-29,0.25206417831868533,0.06482928258032214,1.542512827842913,0.09999999999999999,0.9925001720914521
2025-04-30,0.2508290783171696,0.06475072636539808,1.544384219501801,0.1,0.991911870612957
2025-05-01,0.24717256534297824,0.06469710082635259,1.5456643145169766,0.09999999999999998,0.9900700612378552
2025-05-02,0.24573961073094466,0.06441289040559428,1.5524842833526218,0.09999999999999999,0.9917064948201169
2025-05-05,0.2410614165670804,0.06412306750344478,1.5595011887824592,0.10000000000000002,0.993994285961442
2025-05-06,0.23860632173322774,0.06398442185286773,1.5628804184548255,0.1,0.9927742391466469
2025-05-07,0.23436867026924477,0.06372683201606223,1.5691977278078908,0.09999999999999999,0.9943792347885074
2025-05-08,0.23101250459415307,0.06350984604702267,1.5745590050078224,0.10000000000000002,1.0008182613433825
2025-05-09,0.23428555088153835,0.06344778601632485,1.5760991246293514,0.1,0.9976306201043806
2025-05-12,0.23073568263921915,0.06333495112008507,1.5789070368175835,0.1,1.0006455495140811
2025-05-13,0.21152831047420909,0.06214986761082961,1.6090138860179168,0.1,1.0074038444189668
2025-05-14,0.20996823027598097,0.06207315970629456,1.6110022507821438,0.1,1.008702499651981
2025-05-15,0.21015848075350554,0.06206139875663028,1.611307543875114,0.1,1.008771553405783
2025-05-16,0.2074750909745257,0.06181760408079196,1.617662177092886,0.1,1.0169325885705196
2025-05-19,0.2079107847768388,0.061831276647243194,1.617304468263128,0.10000000000000002,1.0173488917540034
2025-05-20,0.2096323346759853,0.06194983425076703,1.614209322904877,0.1,1.0181828910409867
2025-05-21,0.20792113669282516,0.06185885635236182,1.6165833947911636,0.09999999999999999,1.017704198227844
2025-05-22,0.2125910289853934,0.06211381901164532,1.6099476990981936,0.10000000000000002,1.0060870026564712
2025-05-23,0.21642461098341356,0.06239733159226876,1.6026326358544207,0.1,1.004426151725065
2025-05-27,0.21609171081098083,0.06236578752584604,1.6034432333361837,0.1,1.003751161374062
2025-05-28,0.2186545061030569,0.06266022036548434,1.5959088464215465,0.1,0.9980933331054314
2025-05-29,0.22019639776096325,0.06271833340078757,1.5944301223849848,0.09999999999999998,0.9976904239530329
2025-05-30,0.21827952091489936,0.062423297258058605,1.6019660029587814,0.1,1.0037348995980697
2025-06-02,0.21365042341492538,0.062278292840872336,1.605695908452575,0.1,1.0101653339471652
2025-06-03,0.21391229371805814,0.0624008576152862,1.6025420774906662,0.10000000000000002,1.0071952999979095
2025-06-04,0.21407624106777795,0.06236730028388748,1.6034043408134326,0.10000000000000002,1.0100421909466484
2025-06-05,0.21889521156158218,0.06252572527021431,1.5993417040399769,0.09999999999999998,1.0031825689226261
2025-06-06,0.21997073086869715,0.06241746236897582,1.602115757427914,0.10000000000000003,1.0070155552611
2025-06-09,0.22157228778671295,0.06234072578677207,1.604087837251628,0.1,1.0047661364664924
2025-06-10,0.23069184516257046,0.06281580505295495,1.59195603583681,0.1,1.0041091857051079
2025-06-11,0.2305015458264389,0.06284668511775512,1.5911738194724374,0.10000000000000003,1.004655728223644
2025-06-12,0.23106792369716356,0.06287509554238847,1.5904548396683238,0.1,1.0045631558424983
2025-06-13,0.2384434093611277,0.06332468909217798,1.5791629052364704,0.09999999999999999,0.9991215384183421
2025-06-16,0.24276629525002488,0.0635316611071036,1.5740183438839568,0.1,0.9954775495597536
2025-06-17,0.24086707998198778,0.063323518141299,1.5791921064281638,0.1,0.9967105161735328
2025-06-18,0.23936207267666784,0.06321465247777629,1.58191172584799,0.1,0.9964712950155159
2025-06-20,0.23448010606110556,0.06306417177973714,1.5856864076367772,0.1,1.0011929104013624
2025-06-23,0.2338710635090368,0.0630392357727173,1.5863136469569785,0.1,1.0013764735285227
2025-06-24,0.23630786159907563,0.06309518147217408,1.5849070827080751,0.1,1.0008303437104318
2025-06-25,0.23959804294685025,0.06332441669366921,1.5791696982184344,0.10000000000000003,0.9977869324635126
2025-06-26,0.23957624406350764,0.06332398765442504,1.579180397572642,0.1,0.9978151911211556
2025-06-27,0.23771399112102393,0.06319368661017492,1.582436559159358,0.09999999999999999,1.0015518341574539
2025-06-30,0.24000928329424892,0.06327021338365421,1.5805225658656448,0.10000000000000002,0.9993520355651793
2025-07-01,0.2508793454113615,0.0639853666944715,1.5628573401399335,0.1,0.9915654676220284
2025-07-02,0.24865665148716778,0.06386331572952535,1.5658441604178706,0.1,0.9952002060658725
2025-07-03,0.24806169247280138,0.06382655672351835,1.5667459617659858,0.1,0.9966136477280685
2025-07-07,0.24845623098738415,0.06377338049314685,1.5680523633327876,0.1,0.9965210261392714
2025-07-08,0.2812888476589489,0.06454930338247658,1.5492033958517877,0.1,1.0020675701866508
2025-07-09,0.27550610103469936,0.06493859896108455,1.5399161916001074,0.09999999999999999,1.031606910385452
2025-07-10,0.2729410198602791,0.06469388259825254,1.545741204326808,0.1,1.057618028497238
2025-07-11,0.2665352086962592,0.06430592984303006,1.5550665427604997,0.09999999999999999,1.0764826368880593
2025-07-14,0.19927601837793638,0.059196491991516755,1.6892892912358837,0.09999999999999999,1.3779265949575594
2025-07-15,0.17386271141548276,0.05617740424227417,1.7800751271584885,0.0943886259456279,1.5
2025-07-16,0.18245362328788142,0.055782309785089725,1.7926830277424153,0.09326367402994054,1.5
2025-07-17,0.17874661108774362,0.05554988058932711,1.8001838876898175,0.09268385928948586,1.5
2025-07-18,0.1793166389252482,0.055607952275798185,1.7983039458822552,0.09273818697496938,1.5
2025-07-21,0.198835740511153,0.05707426154103711,1.752103265113623,0.09294931387468253,1.5000000000000004
2025-07-22,0.20818164247916787,0.057298251795223465,1.7452539452230944,0.0933829897512372,1.5
2025-07-23,0.20169478810830851,0.05622664997792849,1.778516060253537,0.08882807322796872,1.5
2025-07-24,0.2006735009918671,0.05597931651133864,1.7863740794288718,0.08689403002462702,1.5
2025-07-25,0.21136390427516585,0.05606157020794151,1.78375310625592,0.08592725799407189,1.5
2025-07-28,0.16733037172034304,0.052713015314998835,1.8970646889089315,0.07915121121023123,1.5000000000000002
2025-07-29,0.16858941122917248,0.05279065695380685,1.8942745889202044,0.07909176595410126,1.5
2025-07-30,0.16244068311318802,0.05230575364425289,1.9118355636385622,0.07882523304379653,1.5
2025-07-31,0.17097522761098044,0.05273250710320007,1.89636346711707,0.07941793236849719,1.5
2025-08-01,0.1766407253141612,0.05226337605308833,1.9133857693850767,0.0787487920993982,1.5
2025-08-04,0.14795135017171382,0.05074432828150109,1.9706635871748277,0.07788240222832521,1.5
2025-08-05,0.16769113511101294,0.05201234459766775,1.9226205004510417,0.07976480524518821,1.5
2025-08-06,0.1721451140456218,0.052144842230791015,1.9177352106542762,0.07962104558779942,1.5
2025-08-07,0.17641359714040963,0.05235813940091387,1.9099227196422222,0.07949699931581714,1.5
2025-08-08,0.1765754858269661,0.05237330177076444,1.9093697861115468,0.07943998762756611,1.5
2025-08-11,0.17423137623714283,0.052385143626150564,1.9089381660123996,0.07908858061654843,1.5
2025-08-12,0.17753476533992424,0.052657871718499116,1.899051304894824,0.07960668947805563,1.5000000000000002
2025-08-13,0.23073790818118417,0.054511003014683465,1.8344920194013548,0.0777722625774511,1.5
2025-08-14,0.23467268495126709,0.05472976075411273,1.8271594580739217,0.0778181408964468,1.5
2025-08-15,0.2358386215123505,0.05475129998257268,1.8264406513056306,0.07764746375543408,1.4999999999999998
2025-08-18,0.2282548154130007,0.05443763482404062,1.8369644515826438,0.07712249865141217,1.5
2025-08-19,0.23115190494855684,0.054605688156431804,1.8313110479172923,0.07720599921493428,1.5
2025-08-20,0.23009142501638413,0.0544639983691837,1.83607526061805,0.07745738680232066,1.5000000000000002
2025-08-21,0.23164532166825957,0.054473398101208645,1.8357584341297266,0.07725726108928258,1.5
2025-08-22,0.2203268717280671,0.05278487765102988,1.8944819889726299,0.07310603181327659,1.5000000000000004
2025-08-25,0.2547430869455915,0.055150699416188886,1.813213632076733,0.07736000085446981,1.5
2025-08-26,0.26716533208808585,0.05599059213558223,1.7860143317978885,0.07798759210488818,1.5
2025-08-27,0.26930495235693247,0.05523282485876435,1.8105175727605753,0.07440738213552976,1.5000000000000004
2025-08-28,0.2630328605541192,0.0548360723617062,1.8236171135741888,0.07356899669489723,1.5
2025-08-29,0.2593786191479577,0.05480622526923062,1.824610242883159,0.07349072179265984,1.5000000000000002
2025-09-02,0.25819497324318746,0.05495181730563718,1.819776031133034,0.07426291849675937,1.5000000000000002
2025-09-03,0.25974688475473157,0.054795479238849025,1.8249680701597328,0.0741922249453653,1.5
2025-09-04,0.2718421998137172,0.055642317207802605,1.7971933057090084,0.07550867541806264,1.5
2025-09-05,0.2715537179250854,0.055822316878062724,1.7913982362723895,0.07560984738292947,1.5
2025-09-08,0.2628825709827952,0.05527040798511686,1.809286445414477,0.07518712495130656,1.4999999999999998
2025-09-09,0.27436871960869047,0.05638528545094551,1.7735123481284625,0.07617771121101759,1.5000000000000002
2025-09-10,0.2749034476580967,0.05639074627685109,1.773340602889856,0.07627808675135929,1.5000000000000002
2025-09-11,0.27460609798205865,0.05625860298149609,1.7775059226566792,0.07600575992410993,1.4999999999999996
2025-09-12,0.27968533271024404,0.05652883999400538,1.7690085275163003,0.0765297030198284,1.5
2025-09-15,0.27442170720570014,0.05615433897852012,1.7808062888648999,0.07574191189834406,1.5
2025-09-16,0.2740662507236106,0.056031815899061206,1.7847003241898407,0.07447776187179588,1.5
2025-09-17,0.28615822099108124,0.056970110995866415,1.755306392280958,0.07481105407572905,1.5
2025-09-18,0.3008652029743929,0.05802289072648344,1.7234577379364677,0.07538012791942594,1.4999999999999998
2025-09-19,0.294556913598772,0.05758600078137376,1.7365331615864716,0.07517320866016505,1.5
2025-09-22,0.29988403887492254,0.05761967226828255,1.7355183752936099,0.07522676786990816,1.5000000000000002
2025-09-23,0.29028337190103315,0.05727338205550476,1.7460117843763452,0.0746204304544075,1.5
2025-09-24,0.2918018938710186,0.0572056834439632,1.7480780576279051,0.07390420625329842,1.5000000000000004
2025-09-25,0.30025853228309746,0.05772726107147986,1.7322838143347319,0.07485550590091587,1.4999999999999998
2025-09-26,0.2969123681663591,0.057572118823081775,1.7369518795599386,0.07451868870216741,1.4999999999999998
2025-09-29,0.3003315545533813,0.057844837599626775,1.7287627409752677,0.07449623775589806,1.5
2025-09-30,0.29544102478501105,0.05750596299091703,1.7389500983714479,0.07401418541349652,1.5000000000000002
2025-10-01,0.29698569027209076,0.05765869529473778,1.734343787850616,0.07404983337215038,1.4999999999999998
2025-10-02,0.301687053804719,0.05791425545160649,1.7266905914651811,0.07421433537648232,1.5000000000000002
2025-10-03,0.30957086122051763,0.05843814667737908,1.7112110100286457,0.0743830921384709,1.5
2025-10-06,0.29778074121215053,0.057446110007877194,1.7407619068773792,0.07246783300880856,1.5
2025-10-07,0.2894531005138285,0.05695905456038497,1.7556471182994322,0.07216093158077967,1.4999999999999998
2025-10-08,0.2787715282536269,0.05620543707214959,1.7791873030296406,0.07109376585406647,1.5
2025-10-09,0.27511418491285483,0.05641248735394924,1.7726571667115003,0.0717708191939359,1.5
2025-10-10,0.28126641071377007,0.05672424928801657,1.7629144722965202,0.07191639995841385,1.5
2025-10-13,0.23454703711294705,0.05407617251907955,1.849243305167674,0.07407573470315827,1.4999999999999998
2025-10-14,0.2582704099454933,0.05537588098530817,1.8058403445812645,0.07702263205608481,1.4999999999999998
2025-10-15,0.25583265412740863,0.05522216712294838,1.8108669979821117,0.07689687200385549,1.5
2025-10-16,0.25495696205419816,0.055414213411822046,1.804591166111654,0.077233745214624,1.5
2025-10-17,0.24175650888549416,0.05490836490086799,1.821216133107238,0.07705725427752458,1.5
2025-10-20,0.2290590385961048,0.05417200956221075,1.8459717630589414,0.07617303864319211,1.5
2025-10-21,0.24001191409270578,0.055379360522280485,1.8057268819448995,0.0786839647130058,1.4999999999999998
2025-10-22,0.23196240132485738,0.055150086403103725,1.8132337865996928,0.0794461395886963,1.5
2025-10-23,0.23217974394579668,0.05521242749726821,1.811186439954081,0.0797410774849799,1.5
2025-10-24,0.22833467479707598,0.05505461480274803,1.8163781611820222,0.0796905154327017,1.4999999999999998
2025-10-27,0.22605697769974123,0.05489885524678012,1.8215316066333662,0.07952428959929896,1.5
2025-10-28,0.21721404101289862,0.054433068708910216,1.837118545249882,0.0788169279754612,1.5000000000000002
2025-10-29,0.20642178263945718,0.05389110816448062,1.85559368522894,0.07786440548573871,1.5
2025-10-30,0.21433937380726373,0.05427435474940057,1.842490812865987,0.07873355846112133,1.5000000000000002
2025-10-31,0.26251687387583744,0.05641708722876098,1.7725126360125307,0.08068117474320353,1.4999999999999998
2025-11-03,0.25694089309914225,0.05585857705616284,1.7902353634868877,0.07903995967612817,1.5
2025-11-04,0.25443622029228524,0.05590985833620997,1.7885933353409178,0.07890755610194473,1.5
2025-11-05,0.2576571815485267,0.056531746764411195,1.768917567977108,0.08056825959742075,1.5
2025-11-06,0.2533417818325876,0.05630328220500965,1.776095390600557,0.08072284917247145,1.5
2025-11-07,0.2430703618678084,0.055805616302413305,1.7919343361086673,0.08079696608574277,1.5
2025-11-10,0.24114031080688053,0.05570550193372038,1.795154814671308,0.08059264038009845,1.5
2025-11-11,0.2489073224530646,0.05680202208588877,1.760500706274026,0.08286233828667611,1.5
2025-11-12,0.24569558389158794,0.056618011398976105,1.766222400418119,0.0824414074715966,1.5
2025-11-13,0.23573513541542468,0.056218771268478775,1.778765308164408,0.08163690981376712,1.4999999999999996
2025-11-14,0.2611950421439611,0.05792115200640831,1.7264849978974202,0.0854541302238579,1.5
2025-11-17,0.26029842697770006,0.057980072688549496,1.7247305041711174,0.0857380576103701,1.5
2025-11-18,0.267010152011142,0.058350623547788694,1.7137777442618212,0.08629342664336573,1.4999999999999998
2025-11-19,0.26482828204292347,0.058341616804363665,1.7140423162307785,0.08656914600293938,1.5
2025-11-20,0.25656757360010923,0.057912241821159574,1.7267506291469914,0.0857916929726539,1.5
2025-11-21,0.2144926817287702,0.0558128288426136,1.791702769303983,0.08290722434396014,1.5000000000000002
2025-11-24,0.21497795907490977,0.05578028843882237,1.79274799035283,0.08303395361570833,1.5000000000000002
2025-11-25,0.2243915848699478,0.05676521829310563,1.7616421288763973,0.0855239903069421,1.5
2025-11-26,0.2264362892458375,0.05689605013990988,1.7575912520130241,0.08591188237703812,1.5
2025-11-28,0.22789226798206955,0.05694779371005423,1.7559942797633763,0.0860002199541911,1.5
2025-12-01,0.2283161646145432,0.05653538858846297,1.768803620117095,0.08511171533949828,1.4999999999999998
2025-12-02,0.23798494865609018,0.057100822251276585,1.751288266216943,0.08617357108348736,1.5
2025-12-03,0.22850748709254393,0.05648701885161626,1.7703182436071985,0.08478576824271009,1.5
2025-12-04,0.22454611612345843,0.05620729959048445,1.779128346826493,0.0840152121722748,1.5
2025-12-05,0.2215974488598587,0.056185890660489846,1.779806261402214,0.08307861991070618,1.4999999999999998
2025-12-08,0.21748365938409053,0.055746436157326794,1.7938366448714576,0.08163691353717632,1.5
2025-12-09,0.21904465197639672,0.05593178463858429,1.7878921734068085,0.0818316521876548,1.5
2025-12-10,0.21818783314691886,0.05585412928458905,1.7903779233667407,0.08153882925897606,1.5
2025-12-11,0.22266780188142613,0.05587032823626146,1.789858824117255,0.08133078044474255,1.5
2025-12-12,0.22185312818891698,0.05581190847228616,1.7917323155085403,0.08117704639317222,1.4999999999999996
2025-12-15,0.2248016534063918,0.05636921278580286,1.7740180332123776,0.08290394999222687,1.5
2025-12-16,0.2245650941124889,0.05636147734114992,1.774261511895986,0.08288612657330928,1.5000000000000002
2025-12-17,0.22103394179220717,0.05617487552477612,1.7801552574138713,0.08275757895002138,1.5
2025-12-18,0.22589658354423878,0.05642493712302709,1.7722660422636054,0.08296395860771952,1.5
2025-12-19,0.23106159401283474,0.05676113894500734,1.7617687357698082,0.08372424703743951,1.5
2025-12-22,0.2297253576139651,0.056558595626640985,1.7680778472670682,0.0835790200212343,1.5
2025-12-23,0.23037837681157466,0.05679844879213741,1.760611462576474,0.08372903422120292,1.5000000000000002
2025-12-24,0.22363600694195596,0.05661402326014972,1.7663468208306867,0.08338236653841444,1.4999999999999998
2025-12-26,0.22220617368248963,0.05659068817560477,1.7670751712665727,0.08351941320963717,1.5
2025-12-29,0.21994486999794916,0.05653808595883393,1.7687192324269914,0.08346116560551202,1.5000000000000002
2025-12-30,0.21066758940019567,0.05599644335013005,1.7858277064978585,0.08272624607055554,1.5
2025-12-31,0.21100537094876162,0.05606396823719481,1.7836768096207731,0.08279147352991097,1.5
2026-01-02,0.2168389928295868,0.05657096269891814,1.7676913248271873,0.08402703457030944,1.5
2026-01-05,0.21707529111712048,0.05656538813679757,1.767865532154757,0.08396396693845726,1.4999999999999998
2026-01-06,0.22633575200358588,0.057225086875301784,1.7474853331006437,0.08527633904084483,1.5000000000000002
2026-01-07,0.2296314464817725,0.05743755062083969,1.7410213165273392,0.0852603217701482,1.5
2026-01-08,0.23044984095032045,0.05745775192526063,1.7404091989202273,0.085289371530082,1.5
2026-01-09,0.23323149675348712,0.05742117582471991,1.7415178035582797,0.08523656599502721,1.5
2026-01-12,0.23018716226668132,0.05755565867138521,1.7374486246600238,0.08574776830005056,1.5000000000000002
2026-01-13,0.2886430109904928,0.060743820812423105,1.6462579841462388,0.0860371301408359,1.5
2026-01-14,0.25620667206311665,0.059659589534861585,1.6761764668455494,0.08359400362288726,1.5
2026-01-15,0.25438692431828724,0.05937700019763462,1.6841537913190783,0.08351402125220937,1.4999999999999998
2026-01-16,0.2573917761195517,0.059280828650104575,1.6868860013788556,0.08327046448197124,1.5
2026-01-20,0.27655549659514805,0.05987152917108936,1.6702429582888925,0.08363220630453666,1.5
2026-01-21,0.27058353847776323,0.05974163867530171,1.6738744068187377,0.0861070678275979,1.5
2026-01-22,0.2723338053743305,0.05970723666875946,1.6748388567163899,0.08625488843488555,1.5
2026-01-23,0.2769156341469249,0.060378868560039836,1.6562085773528783,0.08628741998336172,1.5
2026-01-26,0.2765836727749432,0.0604305287706246,1.6547927353005423,0.08629980276615908,1.5
2026-01-27,0.2881625063513839,0.06096256673397904,1.6403508801781217,0.08695861111351909,1.5
2026-01-28,0.28463180426739526,0.060744411297482315,1.6462419811803284,0.08681852065580051,1.5
2026-01-29,0.2923666601242924,0.06129127060364239,1.6315537109138876,0.08698949886726604,1.5
2026-01-30,0.2945986705682086,0.06139549176696816,1.6287840869417345,0.08702251659464076,1.5
2026-02-02,0.28313208016075875,0.062016091639523215,1.6124847173740537,0.08947295773620623,1.5
2026-02-03,0.2809253374621827,0.06163232645895331,1.6225251543376233,0.08845131534227907,1.4999999999999996
2026-02-04,0.2694930420787404,0.06070845304640132,1.6472170675073363,0.08778532544010222,1.5000000000000002
2026-02-05,0.2747305463380883,0.060852865381949846,1.6433079916999598,0.0882657262221068,1.5
2026-02-06,0.2560884535554927,0.05995638586350265,1.6678790517437303,0.08764893304816065,1.5
2026-02-09,0.2706410017844118,0.06107174798379291,1.6374183366511434,0.0898381414474345,1.4999999999999998
2026-02-10,0.2888997168329382,0.06217772870009755,1.6082929063287432,0.09038269413706951,1.5
2026-02-11,0.2801617500172287,0.06163125296194693,1.622553415581915,0.0905717644312271,1.4999999999999998
2026-02-12,0.27915403744113143,0.0611971202218518,1.634063819301954,0.08905062933283003,1.5
2026-02-13,0.25561553715417895,0.05976065855313983,1.6733416669275645,0.0889609767853929,1.5
2026-02-17,0.26647684462006566,0.059952973742933825,1.6679739762164207,0.0894218239859148,1.5
2026-02-18,0.23953843359587665,0.05844480066785651,1.7110161871935006,0.08576497492690066,1.5
2026-02-19,0.23552711143961352,0.058279697331555795,1.715863406618184,0.08551648507650698,1.4999999999999996
2026-02-20,0.23290338516814688,0.05823184526077932,1.7172734189028462,0.08511624018085118,1.5000000000000002
2026-02-23,0.23575841221582367,0.058261827789267175,1.7163896807649024,0.08503210147645016,1.5
2026-02-24,0.2269220293031477,0.05784008141954025,1.728904896842292,0.08488848864473943,1.5000000000000002
2026-02-25,0.23380283338034838,0.05818545788025184,1.7186424863374674,0.08432055368163577,1.5000000000000002
2026-02-26,0.22250326293975603,0.05785510245152165,1.7284560179249997,0.08385152332846992,1.4999999999999996
2026-02-27,0.2068980879881869,0.05666390708053617,1.76479182520666,0.08112503735692578,1.5
2026-03-02,0.19629716128259744,0.05625690155042152,1.7775596814618868,0.08050378753573209,1.5
2026-03-03,0.19886829532045627,0.05595476219905948,1.7871579838772125,0.08029192972651582,1.5
2026-03-04,0.21617771110596593,0.056954068386365096,1.755800820436915,0.08194992313847098,1.5
2026-03-05,0.19636638478541302,0.05639400775588519,1.7732380438871036,0.08065877599103492,1.5
2026-03-06,0.2060738129545001,0.05690231973851913,1.757397597488571,0.08153685582598286,1.4999999999999996
2026-03-09,0.2008195462780864,0.0572256142119541,1.7474692299433736,0.08272462391936138,1.5
2026-03-10,0.210415797304358,0.05814404312520911,1.7198666385248964,0.08469516735850269,1.5
2026-03-11,0.21329062459147713,0.058250193795376846,1.7167324859258533,0.0853495088596969,1.5
2026-03-12,0.21873060814324988,0.05829222092828375,1.7154947676985728,0.08618409850815266,1.5
2026-03-13,0.25216224759877987,0.059513070326645955,1.6803031577960232,0.08895635633202528,1.4999999999999998
2026-03-16,0.24250959751521797,0.05947137933535229,1.6814810942270477,0.08888660911907378,1.5000000000000002
2026-03-17,0.25681534426870484,0.060103608466326106,1.6637936149212476,0.09054680747422816,1.5
2026-03-18,0.24892182587090786,0.05965178360749348,1.6763958083465917,0.0888534926464804,1.5
2026-03-19,0.28609714132238,0.06115750736533912,1.6351222328703798,0.09201340062033976,1.5000000000000002
2026-03-20,0.2782689180373184,0.060962374530523986,1.6403560519108356,0.09184078122055699,1.4999999999999998
2026-03-23,0.3415217155774133,0.06434815862954096,1.5540460229127984,0.09896298196443673,1.5
2026-03-24,0.33960385452690944,0.06445302615816553,1.5515175308387137,0.09931862149542407,1.5
2026-03-25,0.34842715083750303,0.0649830445497733,1.5388629556038378,0.09975138110842986,1.5
2026-03-26,0.3637819797897555,0.06569795804859822,1.522117322520554,0.10000000000000002,1.481496176210675
2026-03-27,0.40232257052721604,0.06747487277095862,1.4820331761046357,0.10000000000000002,1.4194144662752979
2026-03-30,0.37708980333498004,0.06685475944576576,1.4957798192531453,0.1,1.4193607447514158
2026-03-31,0.37318100323040587,0.06654561416096787,1.5027286360016001,0.1,1.4159359859048104
2026-04-01,0.39127574444058844,0.06782909008927619,1.474293697119933,0.1,1.3484373903694282
2026-04-02,0.3918198553289321,0.06789908046309179,1.472773995140589,0.1,1.3435987879117848
2026-04-06,0.3869270537743678,0.06763418487060384,1.4785422518408065,0.09999999999999998,1.3516892022545777
2026-04-07,0.38356118339172435,0.06758102771286316,1.4797052276990799,0.1,1.3517222525769153
2026-04-08,0.37830412606493646,0.06723674295985643,1.487282036545179,0.10000000000000002,1.362339681255775
2026-04-09,0.38712518016478475,0.0677867614116689,1.475214303169024,0.09999999999999999,1.3281193205316062
2026-04-10,0.3881351092775483,0.06783121752985102,1.474247457757812,0.1,1.3277377669526413
2026-04-13,0.3874347057465508,0.0678723635881999,1.4733537291662218,0.1,1.327187228343039
2026-04-14,0.3897290943108705,0.06780060807120053,1.4749130257797307,0.09999999999999999,1.3262669620856464
2026-04-15,0.39881874304606213,0.068292928068193,1.4642804581485558,0.1,1.3079422840169328
2026-04-16,0.39456400223929095,0.06800239149184509,1.4705365179986662,0.1,1.3098180824915115
2026-04-17,0.3965886669716914,0.0681425083982092,1.4675127515943927,0.10000000000000002,1.307740645593488
2026-04-20,0.4094422083668442,0.06871260672563545,1.4553370155100198,0.09999999999999999,1.285708586732014
2026-04-21,0.41029902275387703,0.06873717459998005,1.4548168524812923,0.10000000000000002,1.2865977955677588
2026-04-22,0.42693455009100284,0.06930029144765455,1.4429953743489556,0.1,1.2959320152101177
2026-04-23,0.4233976655768406,0.0690303639231233,1.4486378792869543,0.10000000000000002,1.3052126102543005
2026-04-24,0.4254816249321914,0.06900943025430785,1.4490773164115147,0.10000000000000003,1.3060321084870914
2026-04-27,0.42755280093502146,0.06906424986243173,1.4479271142333239,0.10000000000000002,1.30139956513286
2026-04-28,0.4257987688866012,0.06894395017489331,1.4504535894204695,0.10000000000000002,1.3043090307855565
2026-04-29,0.4300198670282197,0.06915828422596476,1.445958370992322,0.1,1.3014338428879897
2026-04-30,0.43262943880803617,0.06924958003295449,1.4440520787622395,0.1,1.2955234322095444
2026-05-01,0.43604459961145453,0.06935432373574572,1.4418711713060692,0.1,1.2895415438093605
2026-05-04,0.44874752336381685,0.06947971928758839,1.4392689122142674,0.1,1.2979412245147208
2026-05-05,0.45853025772677053,0.0699933831876347,1.4287064783241736,0.1,1.2849042237358188
2026-05-06,0.4814977653011922,0.07133322995346071,1.4018711905410997,0.1,1.2659390347312562
2026-05-07,0.49820343127315236,0.07212237911628289,1.3865321863380302,0.09999999999999999,1.2443531824021958
2026-05-08,0.5178487253184433,0.07295443652715583,1.3707185575037237,0.1,1.2390905025123384
2026-05-11,0.5200376802476152,0.07292221680196112,1.3713241915228045,0.09999999999999998,1.2446115141374499
2026-05-12,0.5184308812854411,0.07285540198355138,1.3725818165491295,0.1,1.2448608197848225
2026-05-13,0.5278408501192936,0.0733707174633327,1.362941558394538,0.1,1.2411332742190826
2026-05-14,0.5292149173720702,0.07336467839137374,1.3630537500149127,0.10000000000000002,1.2416752152697241
2026-05-15,0.5549415196811008,0.07474801791821964,1.337828116183737,0.1,1.2407500359088488
2026-05-18,0.5712487728264063,0.07559795014867335,1.3227871893792993,0.09999999999999999,1.2071894299095012
2026-05-19,0.5728266318615772,0.07571354227232999,1.3207676856580737,0.10000000000000002,1.2067044956095232
2026-05-20,0.5808541547525681,0.07604169386069226,1.3150680228559763,0.09999999999999999,1.1987876387825898
2026-05-21,0.5918540454179265,0.07657618002919923,1.3058891154125087,0.1,1.1741758754176548
2026-05-22,0.5921530477006997,0.07659147991767405,1.3056282514385031,0.1,1.1748570092938584
2026-05-26,0.605110300897753,0.07727464629415616,1.2940855092281727,0.09999999999999999,1.1697059785978976
2026-05-27,0.6100506000986827,0.07750018518893545,1.2903194973820116,0.1,1.1627959518449396
2026-05-28,0.6105479643957445,0.07749734448336791,1.2903667947159339,0.1,1.164224686785285
2026-05-29,0.6192294317993223,0.07797250228689179,1.282503409112873,0.1,1.1585671434654363
2026-06-01,0.6278672325568155,0.07830964211893408,1.2769819564252807,0.10000000000000003,1.157368454308615
2026-06-02,0.6351271299776073,0.0784947346989082,1.273970800507603,0.09999999999999998,1.1590756392692603
2026-06-03,0.636333891966497,0.07843304792418151,1.2749727652642864,0.1,1.1679556060862082
2026-06-04,0.642877853724196,0.07865149617035405,1.2714316302821052,0.09999999999999999,1.1646716467608784
2026-06-05,0.6382435070985828,0.07842914220245042,1.275036258102484,0.1,1.1712055108366448
2026-06-08,0.6623557177290729,0.07929327165613259,1.26114105158462,0.09999999999999999,1.1298338072478893
2026-06-09,0.6593812978825715,0.07905898278188012,1.2648784044679038,0.09999999999999999,1.1421206776390964
2026-06-10,0.6576833935928836,0.07897218164801781,1.2662686773135385,0.10000000000000003,1.1458181174632993
2026-06-11,0.6588431126369795,0.0792480719229875,1.2618603528572787,0.1,1.1401370529883255
2026-06-12,0.6739232117333963,0.0800346437602301,1.2494589255570705,0.1,1.1178653841935204
2026-06-15,0.6746569159364092,0.0799131544648735,1.2513584361627952,0.09999999999999999,1.1226454488059256
2026-06-16,0.6695801983031541,0.07965363752259882,1.2554354466439608,0.1,1.1230127435428625
2026-06-17,0.6634315638630962,0.07924298211136194,1.261941402703242,0.1,1.1273414285064112
2026-06-18,0.6484382627365293,0.07881810938133084,1.2687439572571935,0.1,1.1393653881788117
2026-06-22,0.6634506424949257,0.07948635263460706,1.2580776030785144,0.1,1.130360274478828
2026-06-23,0.6423944994459461,0.07825191464986472,1.2779240028495953,0.1,1.187471265108404
2026-06-24,0.6415167342535908,0.07798637571940459,1.2822752574090706,0.1,1.1859278678402267
2026-06-25,0.6218303099519455,0.07690960486688181,1.300227717631419,0.09999999999999998,1.1903640256951011
2026-06-26,0.6185663845894672,0.07672640632982511,1.3033322526553415,0.1,1.2010274871417004
2026-06-29,0.5848435832264596,0.07497039945412078,1.333859773032108,0.10000000000000003,1.2451658671842256
2026-06-30,0.6145539585061972,0.07577191616039598,1.319750180110496,0.09999999999999999,1.2414927486439375
2026-07-01,0.6164719980562775,0.07583392623324046,1.3186710087043703,0.1,1.242332838801212
2026-07-02,0.6155017048913763,0.07511865333033477,1.3312272726755279,0.1,1.2731521195135878
2026-07-06,0.6051755159652953,0.07462474463686779,1.3400380863828882,0.1,1.2802317634982283
2026-07-07,0.6123271065537367,0.07490371124440195,1.3350473339526774,0.10000000000000003,1.2772778610490478
2026-07-08,0.6227039754908736,0.07531715768185121,1.3277187174589369,0.1,1.2589274917273894
2026-07-09,0.6248893713921313,0.07541178968134293,1.326052602949168,0.1,1.2567746173908725
2026-07-10,0.625177229575138,0.07518272155625547,1.3300928448722757,0.09999999999999999,1.2772673904244953
2026-07-13,0.6255055503107776,0.075222989585196,1.3293808256150477,0.1,1.2776182966059757
2026-07-14,0.6379802438477101,0.07562464100769055,1.322320326648964,0.1,1.2629116234178452
2026-07-15,0.6388666177067083,0.07561143909523547,1.3225512064919993,0.09999999999999998,1.264822854203076
2026-07-16,0.6310412373916385,0.07516128764106683,1.3304721504712718,0.10000000000000002,1.2803164948419212
2026-07-17,0.6341188255651595,0.07540350196934516,1.32619835137968,0.1,1.2759330815183039
2026-07-20,0.6275290789189056,0.0750337579109495,1.3327334626992904,0.1,1.2788544972194984
2026-07-21,0.6157082171313455,0.07433037035733013,1.3453451061694925,0.1,1.2988479955217542
2026-07-22,0.6109897083999729,0.07413404045361033,1.348907996759942,0.1,1.2979718435992216
2026-07-23,0.5990531692729283,0.07373589934757345,1.356191500813245,0.1,1.3097137863301427
2026-07-24,0.6000900349532753,0.07410787454446434,1.3493842673898375,0.09999999999999998,1.2993322061955084
2026-07-27,0.5953270868331922,0.0739281157405154,1.3526653425199666,0.09999999999999999,1.3029676243717492
2026-07-28,0.591196961205572,0.07369879355904169,1.3568743146370212,0.1,1.3067936073608912
2026-07-29,0.585940480402792,0.07351287281798903,1.3603059731809233,0.1,1.3080942979075236
2026-07-30,0.57554676619899,0.07357604296724608,1.3591380559092734,0.10000000000000002,1.2810274397914105
2026-07-31,0.577179608886703,0.07363090257290128,1.3581254134565433,0.1,1.2720517822872315
2026-08-03,0.5711439982943852,0.07322910937257981,1.365577170838082,0.10000000000000003,1.278057876792527
2026-08-04,0.5428460658362781,0.07314020202264075,1.3672371313528056,0.10000000000000002,1.27434517128008
2026-08-05,0.5485722764476371,0.07343848656837183,1.36168383463212,0.09999999999999999,1.259306572193758
2026-08-06,0.5325755102696919,0.07259182790261656,1.3775655316759907,0.1,1.2719877387535476
2026-08-07,0.5173310508996949,0.0718327017203125,1.3921236095136666,0.1,1.2957668907288167
2026-08-10,0.5248224518976172,0.07198576143017817,1.3891636069862783,0.1,1.2914715436819986
2026-08-11,0.5167835030736909,0.0715276225121188,1.398061287204914,0.09999999999999999,1.3001092515039683
2026-08-12,0.5183929642369037,0.07154423860287713,1.3977365886171935,0.10000000000000003,1.3012754247027205
2026-08-13,0.5168869370851971,0.0714601039400531,1.3993822354902903,0.10000000000000002,1.3054490214761525
2026-08-14,0.5160915299963652,0.07150486752208668,1.3985061921709268,0.1,1.301312678197586
