date,gross_return,net_return,turnover,transaction_cost,forecast_volatility,gross_exposure,rebalanced
2020-04-03,-0.0015754649793021421,-0.001792441038431581,0.43395211825887736,0.0002169760591294387,0.05244951522109274,0.43395211825887736,1
2020-04-06,0.007907905954080875,0.007906965341944126,0.0018812242734982734,9.406121367491367e-07,0.05243040099282974,0.433923626205044,1
2020-04-07,-0.000912592550491837,-0.0009193664720438332,0.013547843103992555,6.773921551996277e-06,0.05319249023643198,0.4294593856876948,1
2020-04-08,0.002330786304037466,0.0023303337141808212,0.0009051797132888575,4.5258985664442877e-07,0.05321929481503928,0.4292865738037116,1
2020-04-09,0.004748944842719538,0.004746201136969129,0.005487411500817371,2.7437057504086858e-06,0.053019509266015084,0.42809607032368874,1
2020-04-13,4.4880957250916734e-05,4.010739772311938e-05,0.00954711905559471,4.773559527797354e-06,0.05277310990632402,0.4235833142372482,1
2020-04-14,0.0033663707623944037,0.0033648986635022213,0.0029441977843644856,1.4720988921822428e-06,0.052659454920428964,0.4229247201472134,1
2020-04-15,-0.00037937487585373094,-0.00038149337270145287,0.004236993695443898,2.1184968477219493e-06,0.05275382296249633,0.4224050222948599,1
2020-04-16,0.001417085031378693,0.0014152499007570776,0.0036702612432309017,1.8351306216154508e-06,0.05269068896206119,0.4217167088235593,1
2020-04-17,-0.0002755999579479824,-0.0002765228167850798,0.0018457176741947592,9.228588370973796e-07,0.052693783897969644,0.42161726875759786,1
2020-04-20,-0.0007926954972280248,-0.0007940907871263947,0.002790579796739877,1.3952898983699385e-06,0.05249868011053249,0.420464972073844,1
2020-04-21,-0.0028007535440524823,-0.0028019498390232144,0.002392589941464414,1.1962949707322069e-06,0.05245779651007687,0.4203013458020063,1
2020-04-22,0.0027304716440972434,0.002728581525024122,0.0037802381462426204,1.8901190731213103e-06,0.0525173112563807,0.4195050681270828,1
2020-04-23,0.0007376515482113821,0.0007351578766398531,0.004987343143057904,2.493671571528952e-06,0.0525090502525757,0.4184235630876244,1
2020-04-24,0.0007159791115839063,0.0007153707831799499,0.0012166568079127194,6.083284039563597e-07,0.05249769694644286,0.418325690142071,1
2020-04-27,-0.0003733348928368905,-0.0003742847260540472,0.0018996664343133851,9.498332171566925e-07,0.052450437594690646,0.41819255983576253,1
2020-04-28,-0.0002975525014441928,-0.0002985983368600222,0.0020916708316588914,1.0458354158294456e-06,0.052483715836569265,0.41794728696149763,1
2020-04-29,0.002871680825981002,0.0028707021340962945,0.00195738376941524,9.7869188470762e-07,0.05252718171108572,0.41815184360992774,1
2020-04-30,-0.0016538862318189497,-0.0016560634881639215,0.004354512689943912,2.1772563449719563e-06,0.05250854755513082,0.4174929510608967,1
2020-05-01,-0.0020901287076937674,-0.002091056415262667,0.001855415137799625,9.277075688998125e-07,0.05254923851235257,0.41671290912612047,1
2020-05-04,0.00040578423298594446,0.00040418472253676423,0.0031990208983604974,1.5995104491802488e-06,0.05260797928627333,0.41636799897862337,1
2020-05-05,0.0009074557637980734,0.0009070018371259994,0.0009078533441481199,4.5392667207405994e-07,0.05263838196805392,0.41645611461778564,1
2020-05-06,-0.0017810088468466568,-0.0017818735395137139,0.0017293853341143403,8.646926670571702e-07,0.05275141336206212,0.41701003185447727,1
2020-05-07,0.002917600860887407,0.002916597324707837,0.0020070723591401503,1.003536179570075e-06,0.05286824687681321,0.41658069997638325,1
2020-05-08,0.000372937019784219,0.0003713917901740327,0.00309045922037263,1.5452296101863152e-06,0.05305175833894693,0.41608584108302304,1
2020-05-11,-0.0006656182245695691,-0.0006669082029776437,0.0025799568161491947,1.2899784080745973e-06,0.05296714575865383,0.41571298993498024,1
2020-05-12,-0.0007693671161535401,-0.0007698844640773561,0.0010346958476319668,5.173479238159834e-07,0.052962026203557264,0.41557387499524623,1
2020-05-13,-0.000416764623907859,-0.00041794853906241294,0.0023678303091078587,1.1839151545539294e-06,0.05290518869629006,0.4154299887953188,1
2020-05-14,0.0017449070286632068,0.0017437416657962229,0.0023307257339678297,1.1653628669839148e-06,0.05287644685417298,0.4153109298746549,1
2020-05-15,0.0007438489176973175,0.000742703671681613,0.0022904920314088494,1.1452460157044246e-06,0.052923316906786325,0.4151452523479753,1
2020-05-18,0.00069195223174074,0.0006915179145485242,0.0008686343844316671,4.3431719221583354e-07,0.05291454420431285,0.41509418457391134,1
2020-05-19,0.0003757599966988109,0.00037351479004923033,0.004490413299161153,2.2452066495805763e-06,0.0527070714956031,0.4142071479939875,1
2020-05-20,0.00198940108349954,0.0019887102714859347,0.0013816240272109433,6.908120136054716e-07,0.05268034460905391,0.4141381805200737,1
2020-05-21,-0.0013794958783202014,-0.0013805616551162145,0.002131553592026436,1.065776796013218e-06,0.05272166220763628,0.4139640185818392,1
2020-05-22,0.0009164095903303354,0.0009155651358761043,0.0016889089084621209,8.444544542310604e-07,0.05283067651196167,0.41398133463921793,1
2020-05-26,-0.0008452295993944892,-0.0008457159505170715,0.0009727022451646444,4.863511225823222e-07,0.053043324787846666,0.41475186995296676,1
2020-05-27,0.0008308361460291894,0.0008296013756943022,0.002469540669774617,1.2347703348873085e-06,0.05290380211117758,0.4150999671039117,1
2020-05-28,-8.01446517283979e-06,-8.640824322924771e-06,0.0012527183001699617,6.263591500849808e-07,0.052894359748296496,0.41509354169330037,1
2020-05-29,0.0016041658707458212,0.0016032792721996476,0.0017731970923472139,8.86598546173607e-07,0.052966692235307644,0.4162831773109369,1
2020-06-01,0.00039133096655941227,0.0003898362653038707,0.0029894025110831952,1.4947012555415976e-06,0.0533663601653705,0.41887431106833817,1
2020-06-02,0.00032465249999013126,0.0003238221230676525,0.001660753844957459,8.303769224787295e-07,0.05338506316575681,0.4198571035313845,1
2020-06-03,-0.001095337577248685,-0.0010967712762675662,0.0028673980377623143,1.4336990188811571e-06,0.05381304691922358,0.42196596727871516,1
2020-06-04,-0.0005674153093408219,-0.0005681345746054167,0.001438530529189689,7.192652645948445e-07,0.05380482813905667,0.4220716115543187,1
2020-06-05,0.0004660255922339881,0.0004649115803722361,0.0022280237235040197,1.1140118617520098e-06,0.054200911693034676,0.4236254324776385,1
2020-06-08,0.0016470600815512168,0.0016443758501506593,0.005368462801114974,2.684231400557487e-06,0.054002280017539664,0.4250713910494025,1
2020-06-09,0.0009529397959018371,0.0009502424344853395,0.005394722832995115,2.6973614164975573e-06,0.054909399827576984,0.4299396629484312,1
2020-06-10,0.0019853939406628655,0.001983369206375604,0.004049468574522416,2.0247342872612083e-06,0.055697921647941594,0.43453300759273294,1
2020-06-11,-0.00483162959441398,-0.004833483359917308,0.003707531006656134,1.853765503328067e-06,0.05430453440999602,0.43731604707042226,1
2020-06-12,0.0008208323663048023,0.0008129185673651745,0.015827597879255605,7.913798939627802e-06,0.05227232120698059,0.4451129715313386,1
2020-06-15,0.001207233230954785,0.0012030919983677636,0.008282465174043185,4.1412325870215926e-06,0.05379112457390417,0.4538540556526961,1
2020-06-16,0.0010945771330914409,0.0010832469031762926,0.022660459830296714,1.1330229915148357e-05,0.05575187986830081,0.4771749259965606,1
2020-06-17,0.00023887470002314392,0.0002328112202267859,0.012126959592716029,6.063479796358014e-06,0.05743558529012532,0.48976335569117596,1
2020-06-18,0.0008579479180554287,0.0008507126761178023,0.014470483875252925,7.235241937626463e-06,0.052763215703404434,0.504313154631473,1
2020-06-19,0.00035233642098410236,0.0003506837683172536,0.003305305333697557,1.6526526668487786e-06,0.05305089531726191,0.5078335301827331,1
2020-06-22,0.001470437348411525,0.0014566953161187877,0.027484064585474532,1.3742032292737266e-05,0.05415261221100083,0.5345095457782889,1
2020-06-23,0.0007180605691530599,0.0007086846778709306,0.018751782564258704,9.375891282129353e-06,0.054485424684677396,0.5527586783961911,1
2020-06-24,-0.002618355445461955,-0.002631912652644271,0.027114414364631544,1.3557207182315772e-05,0.05353978859272608,0.5801991906234774,1
2020-06-25,0.0016743224511775645,0.0016710271068569654,0.006590688641198064,3.295344320599032e-06,0.0538084746244786,0.5796470367444451,1
2020-06-26,-0.002113483550248112,-0.002118993930972867,0.01102076144950994,5.51038072475497e-06,0.051762295956546675,0.5913388740098489,1
2020-06-29,0.001297474719679166,0.0012928900561936102,0.00916932697111153,4.584663485555765e-06,0.05219207813860589,0.5981157406343725,1
2020-06-30,0.0025099307784936346,0.0025085890622861735,0.002683432414922665,1.3417162074613325e-06,0.052208097232855695,0.6013226730475131,1
2020-07-01,0.0007632213965502279,0.0007579538804868191,0.010535032126817646,5.267516063408823e-06,0.05132117152316118,0.6089067955515212,1
2020-07-02,0.0017230079610918072,0.001717318378502322,0.011379165178970418,5.689582589485209e-06,0.052043180441801166,0.6205874303584245,1
2020-07-06,0.003362006581126327,0.003360515612740379,0.002981936771896357,1.4909683859481784e-06,0.05140980593767194,0.623689588655945,1
2020-07-07,0.0006973355578001643,0.0006947640162368787,0.005143083126571371,2.5715415632856855e-06,0.05143471383667754,0.6253446906368929,1
2020-07-08,0.002017541357586876,0.0020027685345776073,0.029545646018537687,1.4772823009268843e-05,0.04812127920873376,0.6478474680973478,1
2020-07-09,0.0017713526579796568,0.0017694086494586467,0.0038880170420202906,1.944008521010145e-06,0.047848887504958366,0.6487528962172534,1
2020-07-10,0.0007733748047655871,0.0007680959764973671,0.010557656536440072,5.278828268220036e-06,0.04822521758641873,0.6526703586513294,1
2020-07-13,-0.002353928709536116,-0.002368956375005294,0.030055330938355766,1.5027665469177883e-05,0.048286658722757766,0.6808453763043376,1
2020-07-14,0.003185527537687305,0.0031827014463303455,0.005652182713919138,2.826091356959569e-06,0.048637532355842984,0.6848049309913526,1
2020-07-15,0.001065132513713234,0.0010617683505951194,0.0067283262362290985,3.364163118114549e-06,0.0481989195427129,0.6907154441459046,1
2020-07-16,-0.0012320316346362745,-0.0012370107660348325,0.009958262797116105,4.9791313985580525e-06,0.048522549065325354,0.701005107787944,1
2020-07-17,0.0012642800852499677,0.001263271534940379,0.002017100619177467,1.0085503095887335e-06,0.04832683215812506,0.7013203022091781,1
2020-07-20,0.0044770474048567,0.0044728602975616,0.008374214590200602,4.1871072951003006e-06,0.049017512414520695,0.710072361589404,1
2020-07-21,0.0012264523847078602,0.0012222553607523772,0.008394047910965971,4.197023955482985e-06,0.04949719380659545,0.7136139984584267,1
2020-07-22,0.003176946998708635,0.0031680836456691955,0.017726706078878773,8.863353039439387e-06,0.04902005584378126,0.7279690833110679,1
2020-07-23,-0.0010796957415511199,-0.0010830314448679584,0.006671406633677199,3.3357033168385993e-06,0.04879756151528415,0.7355084203200357,1
2020-07-24,-0.00044461012475336374,-0.0004472309023813328,0.005241555255938182,2.620777627969091e-06,0.04824997835863794,0.7306202062182456,1
2020-07-27,0.004203044935208067,0.004200809683628159,0.004470503159814773,2.2352515799073864e-06,0.048412881369670736,0.7322001430775651,1
2020-07-28,-6.79464613862183e-05,-7.479168001760814e-05,0.013690437262779687,6.845218631389843e-06,0.04853658960777703,0.7334999196797638,1
2020-07-29,0.0034612454223187884,0.0034594542700253313,0.0035823045869143866,1.7911522934571934e-06,0.04857815275130327,0.7351560792602465,1
2020-07-30,0.00044692108147440586,0.0004421260760825438,0.00959001078372411,4.795005391862055e-06,0.0483280919976009,0.7443521653780385,1
2020-07-31,0.0036192855664388458,0.003615710677078811,0.0071497787200697355,3.574889360034868e-06,0.047511594192021986,0.7504948501043665,1
2020-08-03,0.0014771800303886523,0.0014700506302653142,0.014258800246676265,7.129400123338133e-06,0.047542805249868786,0.7635870872877921,1
2020-08-04,0.0045815159758692174,0.004579800611640823,0.003430728456789184,1.715364228394592e-06,0.04751643909556618,0.763420252382671,1
2020-08-05,0.000836288710839458,0.0008310703538419431,0.010436713995029823,5.218356997514911e-06,0.047827284257164704,0.7598760348537072,1
2020-08-06,0.004530229280383125,0.004526511099242422,0.007436362281405998,3.718181140702999e-06,0.046691099652629,0.7667645972344761,1
2020-08-07,-0.004038647855702399,-0.004041769694884175,0.006243678363551691,3.121839181775846e-06,0.04561578859717807,0.7716642625893784,1
2020-08-10,-0.0011003734466604681,-0.0011039643469643236,0.007181800607710981,3.5909003038554903e-06,0.046699996137788025,0.7722983014235569,1
2020-08-11,-0.011389294005010183,-0.011391039510934738,0.0034910118491091185,1.7455059245545592e-06,0.04665174196773011,0.7742633600171123,1
2020-08-12,0.0021836965741564604,0.0021693003232523024,0.02879250180831608,1.439625090415804e-05,0.050226693466115656,0.7485331883015665,1
2020-08-13,6.449637621885494e-05,6.12695213426804e-05,0.006453709752349074,3.226854876174537e-06,0.050114426568231535,0.7495300970737104,1
2020-08-14,-0.0012064576440519803,-0.0012097791959768494,0.006643103849737916,3.321551924868958e-06,0.049574665710999125,0.7477155640817683,1
2020-08-17,0.00422777341141846,0.0042272638075061255,0.0010192078246682168,5.096039123341084e-07,0.04970517973396038,0.7472028640847781,1
2020-08-18,0.0032242169113768336,0.0032124976944238786,0.023438433905910466,1.1719216952955234e-05,0.05101809349660896,0.7658985913631711,1
2020-08-19,-0.005006243902877366,-0.005008472811622496,0.0044578174902591555,2.2289087451295776e-06,0.05136000271138542,0.7662518259158286,1
2020-08-20,0.004009659140116875,0.0040057388221786385,0.007840635876472962,3.9203179382364815e-06,0.051654694343854765,0.7644905435626139,1
2020-08-21,0.0014028266936315986,0.0014002189972253712,0.00521539281245452,2.6076964062272597e-06,0.05180675511972667,0.7647807396263,1
2020-08-24,0.001677904847195951,0.0016766765068435161,0.002456680704869693,1.2283403524348466e-06,0.051700633677430066,0.7644208318559669,1
2020-08-25,0.00017881805499964099,0.0001749964099768427,0.007643290045596593,3.821645022798296e-06,0.05177096125943372,0.7702171537369304,1
2020-08-26,0.003593919720883643,0.003593078900774395,0.0016816402184954282,8.408201092477141e-07,0.05185500523879796,0.7701130221937826,1
2020-08-27,-0.0038096138786878524,-0.003813232824702527,0.007237892029349241,3.6189460146746207e-06,0.0517478826582611,0.768207565253483,1
2020-08-28,0.0026901804107718405,0.0026878933117340078,0.004574198075665281,2.2870990378326405e-06,0.05220489359696686,0.7631795439762497,1
2020-08-31,0.001400131120858583,0.0013970690249592585,0.006124191798648787,3.0620958993243936e-06,0.05230434208538183,0.7641930105506574,1
2020-09-01,0.0052414528228274145,0.005238604724233114,0.005696197188602425,2.8480985943012126e-06,0.05246679268805986,0.7661092710604764,1
2020-09-02,0.003409832249187918,0.003407141124768481,0.005382248838874296,2.691124419437148e-06,0.053181956182093294,0.7687135387820689,1
2020-09-03,-0.010043504804953661,-0.010046788673718466,0.006567737529609277,3.2838687648046387e-06,0.05274869826726372,0.7708765213323994,1
2020-09-04,-0.005359065839752625,-0.0053651408467300455,0.012150013954840735,6.075006977420368e-06,0.05451334802109852,0.7607639125208561,1
2020-09-08,-0.007193775169298042,-0.007197720378672297,0.007890418748509459,3.945209374254729e-06,0.0553735138404964,0.7526855839839106,1
2020-09-09,0.005885292600886568,0.005881451931347111,0.007681339078915411,3.840669539457705e-06,0.05542550259857021,0.7446055460386922,1
2020-09-10,-0.0035580012690199954,-0.003565436766867132,0.014870995694273262,7.435497847136631e-06,0.055446023109747965,0.7442315617541861,1
2020-09-11,0.0001917361377618826,0.000160717448398396,0.06203737872697322,3.101868936348661e-05,0.05666030023287,0.8039763054930442,1
2020-09-14,0.0037232912990686016,0.003719559301953977,0.00746399422924901,3.731997114624505e-06,0.05697536020483938,0.8114746436271776,1
2020-09-15,0.0016569838440519472,0.001651614382416717,0.01073892327046018,5.36946163523009e-06,0.057076858479070736,0.815114656007609,1
2020-09-16,-0.0021164552824100374,-0.002121982091683171,0.011053618546267324,5.526809273133662e-06,0.05764851441333059,0.8249048602095765,1
2020-09-17,-0.002612428475941348,-0.0026138963572472076,0.002935762611719281,1.4678813058596404e-06,0.057811713530952755,0.8257803762609262,1
2020-09-18,-0.0034506313274003807,-0.0034521371796401917,0.0030117044796222348,1.5058522398111174e-06,0.05784826449211243,0.8264659831397119,1
2020-09-21,-0.003325768801726876,-0.0033265782741610174,0.0016189448682829843,8.094724341414922e-07,0.05817651318239243,0.8253115109003824,1
2020-09-22,0.002914803925267331,0.002911158086856516,0.007291676821630441,3.6458384108152206e-06,0.05800050053964974,0.8174375917439001,1
2020-09-23,-0.008523024246266653,-0.008526686232503815,0.00732397247432269,3.661986237161345e-06,0.05798499722882186,0.8171878417702736,1
2020-09-24,0.0017741752679715597,0.0017700653399203249,0.008219856102469517,4.109928051234758e-06,0.05946813177772449,0.818413072533771,1
2020-09-25,0.00364158788686654,0.0036405303706624286,0.0021150324082224586,1.0575162041112294e-06,0.059487185422360686,0.8192171763784246,1
2020-09-28,0.005265353441085988,0.005257714217453707,0.01527844726456036,7.63922363228018e-06,0.06013881546264177,0.8329838766273345,1
2020-09-29,-0.00019376483087035155,-0.00019745637113010537,0.0073830805195076316,3.691540259753816e-06,0.060597255600650754,0.831848073724804,1
2020-09-30,6.090878988326349e-05,5.652548950263294e-05,0.008766600761261109,4.383300380630554e-06,0.060703658365527616,0.8389153780194103,1
2020-10-01,0.0036151729569866304,0.0036131539558341076,0.004038002305045682,2.019001152522841e-06,0.060583837231954686,0.8356559059152895,1
2020-10-02,-0.004270243151274762,-0.004273431217522216,0.0063761324949076215,3.1880662474538107e-06,0.060729498448929636,0.8377264870173822,1
2020-10-05,0.002168344497241449,0.002164958424095252,0.0067721462923946985,3.3860731461973492e-06,0.06096326407540328,0.8416650652268074,1
2020-10-06,-0.003713581879378978,-0.003717777655794876,0.008391552831796142,4.195776415898071e-06,0.0605568666073189,0.8346214560721139,1
2020-10-07,0.0030338598578228534,0.0030315264942821895,0.004666727081327621,2.3333635406638103e-06,0.06049508405317143,0.8307346130321009,1
2020-10-08,0.0032813212187936466,0.00327367260219871,0.015297233189872764,7.648616594936381e-06,0.060388129477285654,0.8348643736682204,1
2020-10-09,0.004088893934217944,0.004087464769587479,0.0028583292609306032,1.4291646304653017e-06,0.0606938752771989,0.8350124167054649,1
2020-10-12,0.00585467227725077,0.005850712165216265,0.007920224069009163,3.960112034504582e-06,0.06100290130435503,0.8384648022216679,1
2020-10-13,-0.0015454435213435721,-0.0015512198978297823,0.011552752972420352,5.776376486210176e-06,0.061122345823223505,0.8395216660643763,1
2020-10-14,-0.0012759325604327768,-0.001278156309692796,0.004447498520038534,2.223749260019267e-06,0.061036562787904494,0.8371909757789848,1
2020-10-15,-0.0007839477233980997,-0.0007848336102006681,0.0017717736051367783,8.858868025683891e-07,0.06105116193877345,0.8369215887610062,1
2020-10-16,-0.0014636743798572493,-0.0014642886487143364,0.0012285377141742354,6.142688570871178e-07,0.06107561931530519,0.8372940209155919,1
2020-10-19,-0.004636806948289549,-0.004639474291556334,0.005334686533570124,2.667343266785062e-06,0.060975936829321536,0.841850376703204,1
2020-10-20,-8.40624025531143e-05,-8.567200155291763e-05,0.0032191979996066544,1.6095989998033272e-06,0.06134362519210557,0.8396726700885684,1
2020-10-21,-0.0004084693131467704,-0.0004097896006052372,0.0026405749169335913,1.3202874584667955e-06,0.061090386751060106,0.8377555650979405,1
2020-10-22,-0.0016493933794571305,-0.001653970547370949,0.00915433582763689,4.577167913818445e-06,0.06179519221708229,0.8456493107386349,1
2020-10-23,0.0018935980025744535,0.001891896606804376,0.0034027915401548953,1.7013957700774476e-06,0.06188558650543506,0.8432632707071024,1
2020-10-26,-0.0035992698916187957,-0.0036019404456667536,0.0053411080959157725,2.6705540479578864e-06,0.06195064530763101,0.8446131124414338,1
2020-10-27,0.0015915954384794603,0.0015856514611189392,0.01188795472104208,5.94397736052104e-06,0.0615574523236994,0.8337095499346092,1
2020-10-28,-0.010211793196642768,-0.010215749290584365,0.007912187883193783,3.9560939415968915e-06,0.06145934413496775,0.8360263753337411,1
2020-10-29,0.0010455272341925496,0.0010374935227844499,0.016067422816199467,8.033711408099733e-06,0.062009369557868024,0.8182705468425477,1
2020-10-30,-0.004294858768273263,-0.0042971125726262655,0.004507608706004182,2.253804353002091e-06,0.061600560878077096,0.8157208325303764,1
2020-11-02,0.004053219961685257,0.004050877729674634,0.004684464021246337,2.3422320106231686e-06,0.06169236012391584,0.8120779743303475,1
2020-11-03,0.00425141073898553,0.004249166513167974,0.004488451635111676,2.244225817555838e-06,0.061763293482046934,0.8134674125004548,1
2020-11-04,0.011322411326394851,0.011314953879989226,0.014914892811249483,7.4574464056247415e-06,0.06173855607200395,0.8070173758740202,1
2020-11-05,0.0067743027198751155,0.006757879243440956,0.032846952868317875,1.642347643415894e-05,0.06334930145275595,0.7843092860637613,1
2020-11-06,-0.0023733830196925538,-0.0023792022204258394,0.011638401466570997,5.8192007332854985e-06,0.06369577161534276,0.7803529193057899,1
2020-11-09,-0.005641841417562581,-0.005643289325211155,0.0028958152971483436,1.4479076485741718e-06,0.06371835555902408,0.776939105965182,1
2020-11-10,-0.0022558798806292775,-0.0022635557010472077,0.015351640835860283,7.675820417930142e-06,0.061861263389380805,0.7768568108083618,1
2020-11-11,0.002553394169102421,0.0025509497370691087,0.004888864066624074,2.444432033312037e-06,0.062255848450168474,0.7788334729985822,1
2020-11-12,0.0007483809155613217,0.0007437283135170674,0.009305204088508684,4.652602044254342e-06,0.06261714714342063,0.783016954262326,1
2020-11-13,0.0031471406092934973,0.0031410971559752577,0.012086906636478809,6.043453318239405e-06,0.06201619266758877,0.7731900898319384,1
2020-11-16,0.002536002038707081,0.002532246018780543,0.007512039853076136,3.7560199265380677e-06,0.06192909992372059,0.7762913881201341,1
2020-11-17,-0.00013767336677154987,-0.00014137639873377391,0.007406063924448092,3.7030319622240458e-06,0.06173832392608476,0.7755743098827488,1
2020-11-18,-0.0023043414299178783,-0.0023089772732411405,0.009271686646524294,4.635843323262147e-06,0.06142286940541581,0.7821025202608787,1
2020-11-19,0.0022030335671953004,0.002201762456810887,0.002542220768826528,1.271110384413264e-06,0.06111853812737302,0.783219374496186,1
2020-11-20,0.0001496773360014142,0.00014828789992706544,0.0027788721486974727,1.3894360743487364e-06,0.06124495421577088,0.7832456247536392,1
2020-11-23,-0.001613674302421338,-0.001616519609304347,0.005690613766017913,2.8453068830089563e-06,0.06118406059707127,0.7825989604889649,1
2020-11-24,0.0003910571772944064,0.00038909666856497266,0.003921017458867471,1.9605087294337354e-06,0.06106107439729108,0.7806242249511706,1
2020-11-25,-0.0003326013161572088,-0.00033526656444594796,0.005330496577478333,2.6652482887391664e-06,0.06060684492746368,0.7779384368612245,1
2020-11-27,0.0018150383117903415,0.0018113076442087055,0.007461335163271771,3.730667581635885e-06,0.06033947472188605,0.7842067015562122,1
2020-11-30,-0.001318016686000718,-0.0013216441694620796,0.007254966922723469,3.6274834613617343e-06,0.06028872268480481,0.7841513616963125,1
2020-12-01,0.002058214393185662,0.00205716049519873,0.0021077959738643043,1.0538979869321522e-06,0.06034311291181106,0.7850716091037726,1
2020-12-02,0.00021910932499351755,0.000214097927381605,0.010022795223825098,5.011397611912549e-06,0.05939417898285762,0.7815670587264401,1
2020-12-03,0.002185580368663607,0.0021835256749097496,0.004109387507714571,2.0546937538572855e-06,0.05937876440428234,0.7839273061780789,1
2020-12-04,-0.000565639236427561,-0.0005752079484132514,0.01913742397138081,9.568711985690405e-06,0.05933741023870668,0.7977389001273587,1
2020-12-07,0.0029177002647885718,0.0029140796065360306,0.007241316505082709,3.6206582525413545e-06,0.05856019775513266,0.8011213532146073,1
2020-12-08,0.0015500591325251743,0.0015400083697559937,0.020101525538361406,1.0050762769180704e-05,0.05906923233925007,0.8126173055475232,1
2020-12-09,-0.005347635345135307,-0.005352628432896074,0.009986175521532525,4.993087760766263e-06,0.058779518357548376,0.820928342621271,1
2020-12-10,0.001856424599894515,0.0018530405969792575,0.006768005830515206,3.384002915257603e-06,0.05935048408132819,0.8234650318236718,1
2020-12-11,0.0003327032392470579,0.00033082884897724487,0.0037487805396260454,1.8743902698130226e-06,0.05941949009972015,0.8220054505434493,1
2020-12-14,-0.0009506188646016687,-0.0009523930346135942,0.003548340023851071,1.7741700119255354e-06,0.05935380986055558,0.8238634356599568,1
2020-12-15,0.003952861305220856,0.003952103845402089,0.001514919637533113,7.574598187665565e-07,0.05938292297478131,0.824231728118886,1
2020-12-16,0.000490383000228253,0.0004869705098939794,0.006824980668547198,3.412490334273599e-06,0.05950071158309297,0.822049171216163,1
2020-12-17,0.0020544262621465864,0.0020530749084172652,0.002702707458642206,1.351353729321103e-06,0.05950078203171025,0.8237733092110728,1
2020-12-18,-0.0013273467099803424,-0.0013296789416539661,0.004664463347247558,2.3322316736237787e-06,0.059404944341017896,0.8259477875369581,1
2020-12-21,-0.0009088671841528412,-0.0009145996524216315,0.01146493653758042,5.73246826879021e-06,0.05962121745126612,0.8366969398950119,1
2020-12-22,0.000310167188729454,0.00030825120203032417,0.0038319733982596638,1.915986699129832e-06,0.059620982179154174,0.8363510111357444,1
2020-12-23,5.625057605741065e-05,4.3096570016268536e-05,0.026308012082284227,1.3154006041142113e-05,0.05850626005523637,0.8600224685326987,1
2020-12-24,0.002260249008696867,0.002258184666919107,0.004128683555520263,2.0643417777601313e-06,0.05834684016400021,0.8578722484688872,1
2020-12-28,0.002174587899210188,0.0021719166320568885,0.005342534306598812,2.6712671532994057e-06,0.05867495221434089,0.8617871637541978,1
2020-12-29,-0.00030440339002824805,-0.0003077833014856738,0.006759822914851443,3.3799114574257217e-06,0.05838392404564032,0.8688491883371794,1
2020-12-30,0.0016537597606266009,0.001653035074859849,0.001449371533503635,7.246857667518175e-07,0.058501015394055514,0.8693639209525252,1
2020-12-31,0.0016943237737344088,0.0016923460068863205,0.003955533696176558,1.977766848088279e-06,0.058681867036331284,0.8721227271910952,1
2021-01-04,-0.0018646658655193293,-0.0018659962174327257,0.0026607038267924543,1.3303519133962271e-06,0.058527108181079854,0.8742122856566183,1
2021-01-05,0.0009692676247770348,0.0009637888787624973,0.010957492029075061,5.4787460145375305e-06,0.0578241984839378,0.8715000269388442,1
2021-01-06,-0.005651396864430015,-0.005659725471268086,0.016657213676142688,8.328606838071344e-06,0.05865332615067612,0.8881034165301129,1
2021-01-07,0.0036384656950567305,0.0036337480956075137,0.00943519889843393,4.717599449216965e-06,0.059167953533842084,0.8833708460043199,1
2021-01-08,-0.0011485977650734756,-0.0011521545610116456,0.007113591876339823,3.5567959381699113e-06,0.059015220683019634,0.8831963003259995,1
2021-01-11,-0.003867386393669738,-0.0038710007201523335,0.007228652965191304,3.6143264825956518e-06,0.058276127823238336,0.8777261319798284,1
2021-01-12,0.0005309298754531472,0.0005271818315908577,0.007496087724579048,3.748043862289524e-06,0.05813377951964219,0.8746990528739622,1
2021-01-13,0.0030317364675411483,0.003026438005301784,0.010596924478728398,5.298462239364199e-06,0.05781600886157896,0.8839086635008448,1
2021-01-14,-0.002612019104609332,-0.002616613943477307,0.009189677735949336,4.594838867974668e-06,0.058066007930366974,0.8866524355091638,1
2021-01-15,-0.0026737012032567544,-0.0026750193017633503,0.0026361970131916213,1.3180985065958106e-06,0.05831735148187463,0.8874704126379125,1
2021-01-19,0.004503463000021284,0.004501732742572886,0.0034605148967975646,1.7302574483987823e-06,0.05834844044489471,0.8848512142521394,1
2021-01-20,0.006311371566484666,0.006309210679304346,0.004321774360639671,2.160887180319836e-06,0.05861075572447975,0.8829423122946969,1
2021-01-21,-0.0003046512253049128,-0.00030991987685945313,0.010537303109080576,5.268651554540288e-06,0.058768654756870056,0.8854171639600794,1
2021-01-22,-0.001372172526275112,-0.0013741517339558125,0.0039584153614007495,1.9792076807003746e-06,0.058844045116448855,0.8869930305514424,1
2021-01-25,0.0033953912850373906,0.003394050580126813,0.002681409821155459,1.3407049105777294e-06,0.05886922420303581,0.8857106469398819,1
2021-01-26,-0.0009169335768791787,-0.0009193744291561514,0.004881704553945307,2.4408522769726533e-06,0.05902329671875915,0.8853398682338278,1
2021-01-27,-0.0073417968361783464,-0.00734273601118315,0.0018783500096071076,9.391750048035538e-07,0.05903969386945566,0.8853228112784475,1
2021-01-28,0.0017175724235027525,0.0017106760787902267,0.013792689425051824,6.896344712525912e-06,0.059653129126565965,0.8915499783257901,1
2021-01-29,-0.006591279210569606,-0.006593493151982003,0.0044278828247936025,2.2139414123968014e-06,0.05966889719811724,0.8916322573466764,1
2021-02-01,0.006945323025810788,0.006933262932677026,0.02412018626752528,1.2060093133762641e-05,0.05839468101635408,0.9101592819526743,1
2021-02-02,0.0023637119422052436,0.0023576027371795,0.012218410051487272,6.109205025743636e-06,0.05919431589227306,0.9075861115299906,1
2021-02-03,-0.001608594390671062,-0.0016119592833590353,0.006729785375946623,3.3648926879733116e-06,0.05873118748656422,0.911353635888331,1
2021-02-04,0.0013231314873060045,0.001321481728639269,0.0032995173334712663,1.6497586667356331e-06,0.058549440594048596,0.9128259675641048,1
2021-02-05,0.000837509354178637,0.0008360960546404714,0.002826599076331121,1.4132995381655605e-06,0.057851650043614054,0.9145009920365499,1
2021-02-08,0.004177629741861527,0.004162509955687881,0.03023957234729069,1.5119786173645344e-05,0.05422800245371071,0.9419904169947755,1
2021-02-09,-0.00016423161767685393,-0.00017035784123746662,0.012252447121225377,6.126223560612688e-06,0.053134130501926335,0.9532956903954746,1
2021-02-10,0.0010838059943929696,0.001082032677962967,0.0035466328600053942,1.773316430002697e-06,0.0528905829242418,0.9561042946858445,1
2021-02-11,-0.0007725139831361752,-0.0007865387294337353,0.028049492595120226,1.4024746297560115e-05,0.053176685354376495,0.9842030039309433,1
2021-02-12,-0.0005858912884636694,-0.000588234810675055,0.004687044422771264,2.343522211385632e-06,0.05314008876373557,0.9875980208929731,1
2021-02-16,-0.004960579679428788,-0.0049634035585062915,0.005647758155006746,2.823879077503373e-06,0.053149496853003214,0.9882447926080824,1
2021-02-17,-0.000477448515411358,-0.00048223309925099364,0.00956916767927124,4.78458383963562e-06,0.05463684416580573,0.9940327684416383,1
2021-02-18,-0.0023950903900252537,-0.002398921403115565,0.00766202618062263,3.831013090311315e-06,0.05419804455318297,0.9953391633889737,1
2021-02-19,-0.00286143844260462,-0.0028633404559749035,0.003804026740566707,1.9020133702833537e-06,0.05413924410155409,0.9973264034334395,1
2021-02-22,-0.005401717043114553,-0.005403283197214963,0.0031323082008207215,1.5661541004103607e-06,0.05446510186846476,0.9956894157537959,1
2021-02-23,-0.0003224473474133575,-0.0003283089844935367,0.011723274160358413,5.8616370801792065e-06,0.054283148455764284,0.990086462474467,1
2021-02-24,0.002138589798835069,0.0021370118936013074,0.003155810467523709,1.5779052337618547e-06,0.05403807691569662,0.9917785818159959,1
2021-02-25,-0.015906388759532722,-0.015910537094854647,0.008296670643852838,4.148335321926419e-06,0.05424376152707479,0.9944352005366481,1
2021-02-26,0.0027556958570204627,0.002740008537462599,0.03137463911572688,1.568731955786344e-05,0.059518437137621436,0.9639644300805486,1
2021-03-01,0.008037937206530212,0.008018453366456794,0.03896768014683687,1.9483840073418435e-05,0.058790267990038454,0.9415609888831384,1
2021-03-02,-0.002847182008564264,-0.0028600544047109834,0.02574479229343861,1.2872396146719306e-05,0.058650027017280865,0.9231261075333246,1
2021-03-03,-0.008756611744725588,-0.008758434073727691,0.0036446580042086146,1.8223290021043073e-06,0.05847587050118405,0.9228454801433343,1
2021-03-04,-0.006395589142090581,-0.006400069341550212,0.008960398919262341,4.4801994596311706e-06,0.05966221043933891,0.9132051960479266,1
2021-03-05,0.005650537325533486,0.005646661070090008,0.0077525108869555825,3.876255443477792e-06,0.060628999624649106,0.9164958708718711,1
2021-03-08,-0.007258542304896563,-0.0072649947680358444,0.01290492627856446,6.45246313928223e-06,0.060954671594164386,0.9111890553122128,1
2021-03-09,0.01047178570747384,0.0104691169839467,0.005337447054281116,2.668723527140558e-06,0.06168846028573207,0.9083096106911306,1
2021-03-10,0.0022447565716596342,0.002234184432017165,0.021144279284938866,1.0572139642469434e-05,0.06353855247844827,0.8958541836041907,1
2021-03-11,0.0032707818120951146,0.0032682622350749375,0.005039154040354696,2.519577020177348e-06,0.0636357853238936,0.8988499340510367,1
2021-03-12,-0.004337354184579142,-0.004341775292811036,0.008842216463787703,4.421108231893852e-06,0.06342486948259381,0.8963690610975894,1
2021-03-15,0.0032545951750253014,0.0032501968728265375,0.008796604397527483,4.398302198763741e-06,0.06321169668422338,0.8948314136002069,1
2021-03-16,-0.0007051676777511313,-0.0007070625875642688,0.0037898196262750733,1.8949098131375367e-06,0.06339399349350597,0.8949939022961841,1
2021-03-17,0.0007958483085687596,0.0007947238560081475,0.002248905121224082,1.1244525606120409e-06,0.06342932047315582,0.8954985700758458,1
2021-03-18,-0.008707351555366644,-0.008708412266788132,0.002121422842975354,1.060711421487677e-06,0.06345808489612101,0.8953401767439393,1
2021-03-19,0.002058591555365562,0.002055050802193675,0.007081506343773705,3.5407531718868525e-06,0.06419525510794503,0.8895970629963719,1
2021-03-22,0.005101563193895519,0.005098948268267275,0.00522985125648838,2.61492562824419e-06,0.06419144749163998,0.8864800439174703,1
2021-03-23,-0.0008333846423068428,-0.0008386838950525507,0.010598505491416013,5.299252745708006e-06,0.06443515299021471,0.881769911329294,1
2021-03-24,-0.0010031665220132584,-0.0010055748296183206,0.00481661521012465,2.408307605062325e-06,0.06415439776631546,0.878819481554957,1
2021-03-25,-0.0003112357038916208,-0.00031354712405632306,0.004622840329404507,2.3114201647022533e-06,0.06398084200619937,0.879351040512939,1
2021-03-26,0.004251684344111239,0.0042497225773364695,0.003923533549539088,1.961766774769544e-06,0.06398107916491286,0.8795052484767758,1
2021-03-29,-0.0023667639356185887,-0.002372341554120909,0.01115523700464073,5.577618502320365e-06,0.06417655383342868,0.878192377004327,1
2021-03-30,-0.002180484765748719,-0.002181454207198697,0.0019388828999562652,9.694414499781326e-07,0.06412928332021292,0.8782078543298217,1
2021-03-31,0.0034161987944010272,0.0034140505868708445,0.004296415060365558,2.1482075301827787e-06,0.06396938705036301,0.8757843654023301,1
2021-04-01,0.007039822238594454,0.007034891761598612,0.009860953991685156,4.9304769958425785e-06,0.06397569011259911,0.8700909530130174,1
2021-04-05,0.0033394884698671012,0.0033330451912487735,0.012886557236655632,6.443278618327816e-06,0.06479012134210652,0.8627589445064563,1
2021-04-06,0.0018821805955451837,0.0018776362849703527,0.009088621149661996,4.544310574830998e-06,0.06458716030727837,0.8600556055789592,1
2021-04-07,-0.0008695152872420743,-0.0008741865902011464,0.009342605918144342,4.671302959072171e-06,0.06536179750977847,0.8663166778787905,1
2021-04-08,0.0038738048017590045,0.003872926671815267,0.0017562598874750618,8.781299437375309e-07,0.06543605025618467,0.8670058179086837,1
2021-04-09,0.00025651075736522386,0.0002539839976690727,0.005053519392302391,2.526759696151196e-06,0.06553692598235983,0.8719374191032656,1
2021-04-12,-0.0009246327620360249,-0.000927036542672474,0.004807561272898206,2.403780636449103e-06,0.06580429223647924,0.8767800240815675,1
2021-04-13,0.0034366697627557265,0.003431583560742333,0.010172404026787069,5.086202013393534e-06,0.06662394118080894,0.8864843256021668,1
2021-04-14,-0.0025430527795443298,-0.002547192571051363,0.00827958301406699,4.1397915070334954e-06,0.06671704005821792,0.889345345576815,1
2021-04-15,0.007853652896773597,0.007852629819362602,0.002046154821991872,1.0230774109959358e-06,0.06679927224946247,0.8888967979799867,1
2021-04-16,-0.00024928891500682266,-0.00025523459603330275,0.011891362052960208,5.945681026480104e-06,0.06773256578181476,0.8824187821238738,1
2021-04-19,-0.0025741980426235212,-0.0025756485181086873,0.002900950970331731,1.4504754851658654e-06,0.0675966347291654,0.8826657936120323,1
2021-04-20,-0.001115775335039076,-0.001117617429706163,0.0036841893341743037,1.8420946670871518e-06,0.06773696340856268,0.8846724331754654,1
2021-04-21,0.004250722596227771,0.0042492879457084855,0.0028693010385716644,1.4346505192858323e-06,0.06727014109092308,0.884923794101556,1
2021-04-22,-0.0029821294501243345,-0.002984136997518835,0.004015094789000764,2.007547394500382e-06,0.06717748021914167,0.8884360237134772,1
2021-04-23,0.002596479868217133,0.002594816039214716,0.003327658004833922,1.663829002416961e-06,0.06712725195123875,0.8857096834569955,1
2021-04-26,0.0008223487944103795,0.0008191761340441715,0.006345320732415866,3.1726603662079328e-06,0.06706598787095386,0.8847271097106797,1
2021-04-27,-0.0021684175472908417,-0.002170321011451632,0.0038069283215803884,1.9034641607901942e-06,0.06698556239629191,0.887029569743754,1
2021-04-28,0.0004962070987298841,0.0004956677088289922,0.001078779801783683,5.393899008918415e-07,0.06704945967822727,0.8863779095692101,1
2021-04-29,0.0008535900533150523,0.0008464045662823319,0.014370974065440759,7.185487032720379e-06,0.06732333770352249,0.9007173585119645,1
2021-04-30,-0.0017989620865993883,-0.001800144675404283,0.002365177609789007,1.1825888048945036e-06,0.06733797036811476,0.9017582717441739,1
2021-05-03,0.0013996764287032126,0.001394018007348068,0.011316842710289154,5.658421355144577e-06,0.06721838433223896,0.9106409844618899,1
2021-05-04,-0.0026709493294893617,-0.002675621598532134,0.009344538085544654,4.6722690427723275e-06,0.06668550943363809,0.9161086417295778,1
2021-05-05,0.000849726415501631,0.0008457938804587203,0.007865070085821393,3.932535042910697e-06,0.06698174767343658,0.9181601226278768,1
2021-05-06,0.004040452873635301,0.004039469627181069,0.0019664929084654975,9.832464542327487e-07,0.06696268850666341,0.9186961765020292,1
2021-05-07,0.0025578006956263567,0.0025563287845049745,0.00294382224276446,1.47191112138223e-06,0.06774846138521687,0.9219345490030488,1
2021-05-10,-0.00574572835355669,-0.005748274653379985,0.005092599646589702,2.546299823294851e-06,0.06782548796439317,0.9218487457775586,1
2021-05-11,-0.002782005662607713,-0.0027837054359064035,0.0033995465973800792,1.6997732986900396e-06,0.06773349968683784,0.9180356777456145,1
2021-05-12,-0.009667271585420734,-0.00966839938557245,0.0022556003034317207,1.1278001517158604e-06,0.06772380971266367,0.9158974774428361,1
2021-05-13,0.0041675247297968095,0.004161727198849513,0.011595061894592446,5.797530947296222e-06,0.06869636218096828,0.9034824790979059,1
2021-05-14,0.007430616850997864,0.007427461713244419,0.006310275506890867,3.155137753445433e-06,0.06895985875274034,0.9012694282664044,1
2021-05-17,-0.00038023063005744216,-0.00038523104269485084,0.01000082527481734,5.00041263740867e-06,0.0697461188038394,0.8949487263805449,1
2021-05-18,-0.0026372993287867887,-0.0026394167194701166,0.004234781366655879,2.1173906833279394e-06,0.06943532517430498,0.8984227864726544,1
2021-05-19,-0.0012081279619963802,-0.0012101297411830857,0.004003558373411015,2.0017791867055074e-06,0.0695855134471814,0.8983076175290143,1
2021-05-20,0.006020436497919319,0.006019545979290035,0.001781037258569526,8.905186292847631e-07,0.06952916652475302,0.8978842560850253,1
2021-05-21,0.00015999010417474478,0.00015563722847985762,0.008705751389774308,4.352875694887154e-06,0.06994658295131227,0.8939057419788883,1
2021-05-24,0.004130346819843444,0.0041267818484103345,0.0071299428662185,3.56497143310925e-06,0.07040000525653176,0.9010565466901979,1
2021-05-25,0.002096383751217402,0.002093142336196661,0.006482830041481841,3.2414150207409203e-06,0.07050465366696695,0.899634860457796,1
2021-05-26,0.00030275597628282665,0.0002995222718863879,0.006467408792877508,3.2337043964387537e-06,0.07062684160342152,0.8997020069906374,1
2021-05-27,-0.0008752012879498464,-0.000889403716718625,0.0284048575375571,1.4202428768778553e-05,0.06781270146492085,0.9281401297516474,1
2021-05-28,0.0007252008519526928,0.000708797745347428,0.03280621321052947,1.6403106605264735e-05,0.07031106818222939,0.9603678959772564,1
2021-06-01,-0.0002811443741544291,-0.00029047195067081886,0.01865515303277955,9.327576516389775e-06,0.07135522108903675,0.9785154566488146,1
2021-06-02,0.0017620985622180023,0.0017600232896179426,0.00415054520011944,2.07527260005972e-06,0.0715177622919445,0.9812998586546602,1
2021-06-03,-0.00533506238869208,-0.0053423484882026695,0.014572199021179386,7.286099510589693e-06,0.07049304430553095,0.9959069841612986,1
2021-06-04,0.007719629657647794,0.007714099128747612,0.011061057800364496,5.530528900182248e-06,0.06997277878394613,0.9965220904002858,1
2021-06-07,7.663145743599042e-05,6.796267882812831e-05,0.01733755721572422,8.66877860786211e-06,0.07062800555781484,0.9963773190351775,1
2021-06-08,0.0011230356722188044,0.0011184308159121773,0.00920971261325415,4.604856306627076e-06,0.0696295169765113,1.0054854789587357,1
2021-06-09,0.0011445752466811524,0.0011329239154371255,0.02330266248805378,1.165133124402689e-05,0.06834954631903337,1.0287866128839804,1
2021-06-10,0.0041723686897505614,0.004169692950669762,0.005351478161600073,2.6757390808000365e-06,0.06816605978093185,1.0274078693745605,1
2021-06-11,-0.0010459809203116498,-0.001048865423538059,0.005769006452818415,2.8845032264092073e-06,0.0688951779108024,1.0329537063807757,1
2021-06-14,-0.0008872962275067113,-0.0008962074527465929,0.017822450479763247,8.911225239881623e-06,0.06889206750837282,1.045601317703036,1
2021-06-15,-0.001875995525159278,-0.0018767470212965082,0.0015029922744604213,7.514961372302106e-07,0.06856206482755547,1.044230736168613,1
2021-06-16,-0.004333936213127978,-0.004334802730739292,0.0017330352226269802,8.665176113134901e-07,0.06864770713184876,1.0440424085373676,1
2021-06-17,0.0007159432745027583,0.000712407559078147,0.00707143084922264,3.53571542461132e-06,0.06901922528285236,1.0404363497591693,1
2021-06-18,-0.0012417299503855621,-0.0012559138193730167,0.028367737974909032,1.4183868987454517e-05,0.06570611080146403,1.041166192807346,1
2021-06-21,0.002566266943297367,0.002557203013899023,0.018127858796687657,9.06392939834383e-06,0.06434975252013202,1.0237361983502935,1
2021-06-22,0.0025058824743264055,0.002498630742450968,0.014503463750875328,7.2517318754376645e-06,0.06285808090659623,1.014283963618178,1
2021-06-23,-0.0010707993848829262,-0.00107394183838565,0.006284907005447843,3.1424535027239214e-06,0.06315911578527833,1.0183839615256212,1
2021-06-24,0.002908121491858251,0.0029056994756304767,0.00484403245554807,2.4220162277740348e-06,0.06367769814867741,1.0230808567883736,1
2021-06-25,-0.0007062878898492688,-0.000708614572258672,0.004653364818806308,2.326682409403154e-06,0.06389138626411749,1.0252121593263794,1
2021-06-28,0.00382149912865908,0.0038163033105042083,0.010391636309742741,5.195818154871371e-06,0.06397705376422243,1.031237469395621,1
2021-06-29,-3.823129585467746e-05,-4.188566686616153e-05,0.007308742022968134,3.654371011484067e-06,0.06385057283066245,1.0319647115311994,1
2021-06-30,0.0013803014941007996,0.0013781829397733077,0.004237108654983862,2.1185543274919313e-06,0.06381033189830226,1.0356706188988423,1
2021-07-01,0.0020464299731191987,0.002043799229853874,0.005261486530649076,2.630743265324538e-06,0.06391669512274104,1.040885128088771,1
2021-07-02,0.005492137934377809,0.005484917072558685,0.014441723638247361,7.220861819123681e-06,0.06271790099811733,1.0552460865448006,1
2021-07-06,0.002824601269091317,0.002820028759470573,0.009145019241488084,4.572509620744042e-06,0.06367785519464829,1.0628156392377184,1
2021-07-07,0.0032396447342765465,0.003236304887928156,0.0066796926967805925,3.3398463483902964e-06,0.06359430477279528,1.0604788447389748,1
2021-07-08,-0.0023900867443139174,-0.0023913288339938894,0.002484179359943703,1.2420896799718514e-06,0.06367252922728958,1.0605081155537959,1
2021-07-09,0.001350814360183227,0.0013486700777681623,0.004288564830129571,2.1442824150647855e-06,0.06327037722354344,1.0607113959899455,1
2021-07-12,0.0008420211923649679,0.0008373435562977782,0.009355272134379533,4.677636067189766e-06,0.06278852586416353,1.0530916942231114,1
2021-07-13,-0.0027355239445619912,-0.002736945974075082,0.0028440590261815113,1.4220295130907557e-06,0.06269137968005942,1.0533310822337154,1
2021-07-14,0.004301286853193351,0.0043003237805330375,0.0019261453206262658,9.63072660313133e-07,0.06268437496021971,1.0537342241453358,1
2021-07-15,9.965679430264086e-05,9.434733651452467e-05,0.01061891557623236,5.30945778811618e-06,0.0626644107431303,1.0529957082195145,1
2021-07-16,-0.0047124663345518665,-0.00471864898013509,0.012365291166447023,6.182645583223511e-06,0.06062367635487846,1.065352497989279,1
2021-07-19,-0.0016505128094081482,-0.0016535245620011654,0.006023505186034464,3.011752593017232e-06,0.061174681970481634,1.0626490968840785,1
2021-07-20,0.004063950250967556,0.004052664757201528,0.022570987532055387,1.1285493766027693e-05,0.05959959482626968,1.0444538054838957,1
2021-07-21,0.0006593397472691785,0.0006542730941056331,0.010133306327090724,5.066653163545362e-06,0.05923945361719401,1.0370780397733377,1
2021-07-22,0.00325416448831723,0.0032511522921404145,0.006024392353630378,3.012196176815189e-06,0.05841950143602437,1.034906372193174,1
2021-07-23,0.0028303868656698815,0.002825744884300418,0.009283962738927329,4.641981369463664e-06,0.058454295498784226,1.0395290421193917,1
2021-07-26,-0.00045087146393290364,-0.0004529969530920891,0.004250978318370943,2.1254891591854714e-06,0.05831372231215218,1.0392308765274358,1
2021-07-27,-0.0008492137416246297,-0.0008499795442589603,0.0015316052686612236,7.658026343306118e-07,0.058370755496227285,1.0393385757397793,1
2021-07-28,0.0012366448482656446,0.0012353619444720192,0.002565807587251029,1.2829037936255145e-06,0.057790411298983886,1.0370137568071047,1
2021-07-29,0.0020418798572203636,0.002041025435336337,0.0017088437680532476,8.544218840266237e-07,0.05780548710924641,1.0369123820110921,1
2021-07-30,-0.0022015491159515736,-0.0022035195641596237,0.003940896416100542,1.970448208050271e-06,0.057817321146587386,1.0355986550694156,1
2021-08-02,0.0003959308427990634,0.0003938470449117982,0.0041675957745303804,2.0837978872651903e-06,0.057809845393071886,1.0355896881921975,1
2021-08-03,0.0028605805097882075,0.0028572747561599584,0.006611507256498159,3.3057536282490795e-06,0.057955774416221364,1.0372017312452635,1
2021-08-04,-0.0009638750986114803,-0.0009683765338268468,0.009002870430733098,4.5014352153665494e-06,0.05811235754809643,1.0436250990550622,1
2021-08-05,0.0013759021173586977,0.001375277020240774,0.0012501942358476154,6.250971179238077e-07,0.058163198126814766,1.0430453079535897,1
2021-08-06,-0.00634864395999488,-0.006352037095634362,0.006786271278963807,3.3931356394819033e-06,0.05783886439796108,1.0476102385519157,1
2021-08-09,-0.0030800874102534953,-0.003086408247803371,0.012641675099751268,6.320837549875634e-06,0.05857135596418847,1.0352763335563364,1
2021-08-10,-0.0017191294385443421,-0.0017291504692642228,0.02004206143976152,1.0021030719880759e-05,0.058286157746269926,1.0498098648780447,1
2021-08-11,0.0021983720950806123,0.002196019498237199,0.0047051936868271055,2.3525968434135526e-06,0.05819597624777192,1.0531570983028047,1
2021-08-12,0.0014921664848557715,0.0014686052816135526,0.047122406484437995,2.3561203242218997e-05,0.05502521368908819,1.0941884738360756,1
2021-08-13,0.005624863667519209,0.0056213428103861676,0.007041714266082938,3.520857133041469e-06,0.054680600177739444,1.1010146815512747,1
2021-08-16,0.0017607592440914508,0.001744052283363316,0.03341392145626987,1.6706960728134934e-05,0.053354992056533754,1.1199769961617638,1
2021-08-17,-0.004152572035600883,-0.004154937538773225,0.004731006344684027,2.365503172342014e-06,0.05357471932285922,1.1245157985268583,1
2021-08-18,-0.004631843370055395,-0.0046344627280245935,0.005238715938396851,2.6193579691984257e-06,0.05360411700148846,1.1259577209863807,1
2021-08-19,0.0020682177119638475,0.0020617128158920296,0.013009792143636262,6.5048960718181305e-06,0.053556068588034265,1.1135370247067569,1
2021-08-20,0.004776430837960366,0.004767670009035907,0.01752165784891746,8.76082892445873e-06,0.05223423944750907,1.1295998095910464,1
2021-08-23,0.007085414051916776,0.007081400543684617,0.008027016464317888,4.013508232158944e-06,0.05251972585532163,1.1260881618612075,1
2021-08-24,5.987700888797245e-06,2.29877555319639e-06,0.0073778506712017106,3.688925335600855e-06,0.05267936256517283,1.1273768347138133,1
2021-08-25,-0.0010901512883595066,-0.0010918006958969004,0.0032988150747879086,1.6494075373939543e-06,0.05277423301223823,1.128889899334099,1
2021-08-26,-0.002377850656401748,-0.0023790673542859997,0.0024333957685036822,1.2166978842518412e-06,0.05285040302927113,1.1269966251946526,1
2021-08-27,0.007649645521527556,0.007647504943792738,0.004281155469635298,2.1405777348176487e-06,0.052746750035001684,1.1230195433596641,1
2021-08-30,0.0034269876980953413,0.003420612200448985,0.01275099529271248,6.37549764635624e-06,0.05381651478250069,1.1140462931945196,1
2021-08-31,-0.0013447840723113777,-0.0013477048352447635,0.005841525866771627,2.9207629333858135e-06,0.0537688717149165,1.1117255547442726,1
2021-09-01,0.0008630786853887126,0.0008622046839903166,0.00174800279679177,8.74001398395885e-07,0.05385352780227557,1.110131252924313,1
2021-09-02,0.0013413114200815774,0.0013354159303332902,0.01179097949657433,5.8954897482871656e-06,0.05288222625601328,1.1218282317879469,1
2021-09-03,0.000388343691135704,0.0003802691971095454,0.016148988052317154,8.074494026158577e-06,0.05107070508652196,1.1378206330769765,1
2021-09-07,-0.004792790276443649,-0.004794678972160871,0.0037773914344444576,1.8886957172222289e-06,0.05095894242478005,1.1349228553972088,1
2021-09-08,2.0877762176343614e-05,1.7268478990141805e-05,0.0072185663724036175,3.6092831862018087e-06,0.0517646483364817,1.128356215275244,1
2021-09-09,0.0007364037966621283,0.0007354860993498742,0.001835394624508102,9.17697312254051e-07,0.05171191561615455,1.1278675479709779,1
2021-09-10,-0.005869725498970144,-0.005873254015961248,0.007057033982206959,3.5285169911034796e-06,0.05099174261204985,1.1268575345697147,1
2021-09-13,0.0023610194137330892,0.0023554451372981393,0.011148552869899853,5.574276434949926e-06,0.05203820355264468,1.1184557849878842,1
2021-09-14,0.0004884524815824238,0.0004865751436239368,0.0037546759169740235,1.8773379584870118e-06,0.05236794937242006,1.121654266156206,1
2021-09-15,0.002794022007771209,0.0027900769480956027,0.007890119351213226,3.945059675606613e-06,0.05193864310280098,1.1192082067936246,1
2021-09-16,-0.0036491259498043437,-0.0036535559593888515,0.008860019169015534,4.4300095845077674e-06,0.051084957822298056,1.120905038771541,1
2021-09-17,-0.0061668592956777325,-0.00617565364871797,0.017588706080473873,8.794353040236936e-06,0.05274379928613959,1.134647738620008,1
2021-09-20,-0.0064406456236685405,-0.006449053094514582,0.016814941692081628,8.407470846040814e-06,0.05424560224144278,1.1423097703883738,1
2021-09-21,0.0010414874465643263,0.00103127080023574,0.020433292657172475,1.0216646328586238e-05,0.05376455693991871,1.123592349880928,1
2021-09-22,0.005026625673557438,0.005023784442561683,0.005682461991509236,2.8412309957546177e-06,0.053742982462578096,1.1266150399966128,1
2021-09-23,-0.0002253235234059595,-0.00023123835387242736,0.011829660932935707,5.9148304664678534e-06,0.05384757368593713,1.119337390597335,1
2021-09-24,-0.0013948288389712855,-0.0014043853126148018,0.01911294728703271,9.556473643516355e-06,0.05256932400788572,1.100397519076881,1
2021-09-27,-0.0026885599612996147,-0.002689822127131364,0.002524331663498719,1.2621658317493595e-06,0.05274055029920427,1.1013205485845148,1
2021-09-28,-0.014646925921220738,-0.014649907247161618,0.0059626518817588875,2.9813259408794436e-06,0.05264315554709592,1.1035333578259425,1
2021-09-29,0.00027517940749168597,0.00025203749780381194,0.046283819375748075,2.3141909687874038e-05,0.05656056739437108,1.0587918688627613,1
2021-09-30,-0.0014772008311761697,-0.001478089208481039,0.0017767546097384596,8.883773048692297e-07,0.05653099277278495,1.0591216243303936,1
2021-10-01,0.005756404825326331,0.005751501031211205,0.009807588230253864,4.903794115126932e-06,0.05571133120599774,1.0494494411438204,1
2021-10-04,-0.006966865995887793,-0.006971831791928171,0.009931592080755586,4.965796040377793e-06,0.05571338219146233,1.0485006725825592,1
2021-10-05,0.002277228392724375,0.002269475357905207,0.01550606963833523,7.753034819167615e-06,0.05585704092924175,1.0362938951858804,1
2021-10-06,0.0028733278615935306,0.0028665831925193826,0.013489338148296351,6.744669074148175e-06,0.05506813913285499,1.0296447551043364,1
2021-10-07,0.0010597503096322534,0.0010576951247049959,0.004110369854514795,2.0551849272573975e-06,0.055293681814824205,1.030811464744981,1
2021-10-08,-0.0028184159018419174,-0.002821726259171023,0.006620714658210444,3.310357329105222e-06,0.055296210056630865,1.032570134443855,1
2021-10-11,-0.004111710376597506,-0.004112305998987408,0.0011912447798032993,5.956223899016497e-07,0.055504957608451345,1.0319050029708188,1
2021-10-12,0.0024860245787187573,0.002484604263160814,0.0028406311158870046,1.4203155579435024e-06,0.05568849146460034,1.0303680721056339,1
2021-10-13,0.005934537506881977,0.005930357556552935,0.008359900658083591,4.1799503290417955e-06,0.05524903871608059,1.0287594023514106,1
2021-10-14,0.008335884055820725,0.00833144994926241,0.008868213116630344,4.434106558315172e-06,0.05626921488746895,1.02447440738937,1
2021-10-15,-0.0005979167182802804,-0.0006071182949421936,0.01840315332382654,9.201576661913271e-06,0.05691731518094118,1.0146140959083874,1
2021-10-18,0.0023363658271710937,0.0023288844156821283,0.014962822977930917,7.4814114889654585e-06,0.05761805429751374,1.0263842613349425,1
2021-10-19,0.0012148623195198877,0.001210423894271792,0.008876850496191246,4.438425248095623e-06,0.0578458777256615,1.0339691664691621,1
2021-10-20,0.0007202655978729444,0.0007180494587278477,0.004432278290193298,2.216139145096649e-06,0.05785060534936872,1.033620715038139,1
2021-10-21,0.00045575800726502805,0.00045270544513326014,0.006105124263535822,3.052562131767911e-06,0.057559919922054635,1.0341428524255345,1
2021-10-22,0.0003893177274539968,0.00038652408454597435,0.0055872858160449235,2.7936429080224617e-06,0.05776093316508963,1.0397177397613653,1
2021-10-25,0.003666000484375608,0.0036628988785363794,0.006203211678457568,3.1016058392287842e-06,0.057453359669733896,1.0356565544681953,1
2021-10-26,0.001176636722637987,0.0011737912567725836,0.0056909317308067725,2.845465865403386e-06,0.05803163551008287,1.038266039250868,1
2021-10-27,0.0022737560276011332,0.002271749295495276,0.004013464211714682,2.006732105857341e-06,0.05793017875651934,1.0365487060040641,1
2021-10-28,0.0038003710623694033,0.0037945261162673134,0.011689892204179556,5.844946102089778e-06,0.057666532873685214,1.0317144837551058,1
2021-10-29,0.00019962180611814801,0.00019523425578811228,0.008775100660071478,4.387550330035739e-06,0.05767398980617667,1.0296414971063963,1
2021-11-01,5.188673911094249e-05,5.0542048145107724e-05,0.0026893819316695378,1.344690965834769e-06,0.05769623608751349,1.0301218838412494,1
2021-11-02,0.0026556399972114462,0.0026540383581802936,0.003203278062305137,1.6016390311525685e-06,0.05757108011202466,1.0311886828283896,1
2021-11-03,0.0008189501719470832,0.0008177928121642354,0.0023147195656955666,1.1573597828477834e-06,0.05775529879573958,1.0314985913322163,1
2021-11-04,0.006447196453435807,0.006444815623822216,0.004761659227181705,2.380829613590853e-06,0.05748466323818847,1.0286397973653407,1
2021-11-05,0.005535592904610021,0.005529436972584057,0.012311864051927787,6.155932025963893e-06,0.05775334600813782,1.0353783782905692,1
2021-11-08,-0.0003500267154082714,-0.0003545069230636765,0.00896041531081014,4.48020765540507e-06,0.058103295893490316,1.0341753888883274,1
2021-11-09,0.001052591427450193,0.0010513860268054679,0.002410801289449954,1.2054006447249771e-06,0.058033444335176446,1.0349371216389427,1
2021-11-10,-0.006831450771987549,-0.006834916115160992,0.006930686346885928,3.4653431734429642e-06,0.057757974028579136,1.0331141788947045,1
2021-11-11,0.0004228061298380589,0.000416207016062297,0.013198227551523833,6.599113775761917e-06,0.05851024235941544,1.020147330780366,1
2021-11-12,0.0029707459726579363,0.0029674254618410997,0.006641021633673014,3.320510816836507e-06,0.05804406509781399,1.0262139506911634,1
2021-11-15,-0.0022143973505942076,-0.002217916029641818,0.0070373580952210885,3.518679047610544e-06,0.05793498016498192,1.0235003558249394,1
2021-11-16,0.0007436073156060141,0.000741629399587236,0.003955832037556159,1.9779160187780794e-06,0.05783734350448131,1.0244510874805763,1
2021-11-17,0.0016038456108115099,0.00160116623995373,0.005358741715559487,2.6793708577797436e-06,0.05778193702473201,1.0297936854395118,1
2021-11-18,0.002214710184260846,0.0022125435242661695,0.0043333199893534485,2.166659994676724e-06,0.05769970221834035,1.0284751161908228,1
2021-11-19,0.0007821373461620039,0.000779926732178251,0.004421227967505784,2.2106139837528917e-06,0.05750272688828948,1.0296172403931834,1
2021-11-22,-0.007632878753386606,-0.0076379367062029795,0.010115905632747516,5.057952816373758e-06,0.05675252574286455,1.033601851427139,1
2021-11-23,-0.003607691752947895,-0.003613325734098764,0.011267962301737974,5.633981150868987e-06,0.05821032077124901,1.0225976101773318,1
2021-11-24,0.003080115664271592,0.0030785470366594754,0.003137255224233526,1.568627612116763e-06,0.05845797196669301,1.020005928156813,1
2021-11-26,-0.005676566295135891,-0.005681201115209742,0.00926964014770372,4.63482007385186e-06,0.058547335041319676,1.019130262980074,1
2021-11-29,0.005779784533386858,0.00576463673298157,0.030295600810575862,1.514780040528793e-05,0.05597137730625092,0.9945562716902472,1
2021-11-30,-0.005902354899728117,-0.005909858886300906,0.015007973145579764,7.5039865727898824e-06,0.05600561614085556,0.9861120266666867,1
2021-12-01,-0.003170950254784825,-0.0031788943168756566,0.015888124181663216,7.944062090831609e-06,0.05571921349322506,0.9701488871791075,1
2021-12-02,0.004675163764030503,0.004671653061517181,0.007021405026644556,3.510702513322278e-06,0.05529811240592769,0.9630402553970179,1
2021-12-03,-0.00131465410720906,-0.0013203023931572236,0.01129657189632717,5.648285948163585e-06,0.05544894525210177,0.9571695592955425,1
2021-12-06,0.001965150936491247,0.0019628817766580878,0.004538319666318721,2.269159833159361e-06,0.054940044187186766,0.9525802714884515,1
2021-12-07,0.007823492556753254,0.007816796592326404,0.013391928853700469,6.695964426850234e-06,0.054158419406924944,0.9534682214976355,1
2021-12-08,-0.001048128848286236,-0.0010606182880533235,0.024978879534175394,1.2489439767087697e-05,0.054344649920438116,0.9374722726173939,1
2021-12-09,-0.003938829737153074,-0.003939775974412062,0.00189247451797446,9.4623725898723e-07,0.05436760843136779,0.9366840920118042,1
2021-12-10,0.0037043959965208663,0.0037031147287383327,0.002562535565067345,1.2812677825336724e-06,0.054093049897148186,0.9359608959378709,1
2021-12-13,-0.0010011786626010133,-0.0010041725751440036,0.005987825085980628,2.993912542990314e-06,0.054176467655903435,0.9340757187945117,1
2021-12-14,-0.004256670710290041,-0.004258535349593862,0.0037292786076406625,1.8646393038203314e-06,0.053864696248187106,0.9313259868564692,1
2021-12-15,0.005494065752541194,0.00549296270946161,0.002206086159168258,1.103043079584129e-06,0.05441089684726113,0.9300489841388657,1
2021-12-16,-0.0027243272722375835,-0.0027352466243165353,0.02183870415790365,1.0919352078951824e-05,0.05435202257083005,0.9306295093223627,1
2021-12-17,-0.0015449885558288026,-0.0015489124414395656,0.007847771221525829,3.923885610762914e-06,0.053399501269948656,0.9253574858888995,1
2021-12-20,-0.00467044231965828,-0.004675496298180386,0.010107957044211663,5.053978522105832e-06,0.05380299117320046,0.9319968228539164,1
2021-12-21,0.005935585047631037,0.005933850094896007,0.0034699054700614296,1.7349527350307148e-06,0.05432111462342333,0.9288890309639386,1
2021-12-22,0.005243230438207745,0.005236488847081722,0.013483182252047268,6.741591126023634e-06,0.05445337310127864,0.9235376140097096,1
2021-12-23,0.0016024205911836296,0.0015983627685596062,0.008115645248046685,4.057822624023343e-06,0.055538306053765814,0.9297421714418066,1
2021-12-27,0.0048921472230655395,0.004890006583600522,0.004281278930035118,2.1406394650175588e-06,0.05539881989412834,0.929273535993244,1
2021-12-28,-0.0017589280849209328,-0.0017632356192026353,0.008615068563405173,4.307534281702587e-06,0.055526388613963584,0.9260935523114413,1
2021-12-29,-0.001580959820381356,-0.0015901360838384284,0.01835252691414463,9.176263457072315e-06,0.0528976027092059,0.9430904686482064,1
2021-12-30,0.001210669303177188,0.0012099584770363556,0.0014216522816644095,7.108261408322048e-07,0.053073934213935345,0.9422743001024685,1
2021-12-31,-3.135967468130557e-05,-3.687014645453281e-05,0.011020943546454484,5.510471773227242e-06,0.05363585353640012,0.9502280524115172,1
2022-01-03,-0.003639887326800209,-0.003642225702330944,0.004676751061470169,2.3383755307350847e-06,0.053118135036230335,0.9514672511212499,1
2022-01-04,-0.0014478303719090528,-0.001453876231751768,0.012091719685430158,6.0458598427150786e-06,0.052952137416692135,0.946987166449603,1
2022-01-05,-0.00984579296488209,-0.009848381618626379,0.005177307488577185,2.5886537442885924e-06,0.05314008427276942,0.9481062667964886,1
2022-01-06,-0.0016431210107658775,-0.0016502851729860188,0.014328324440282578,7.164162220141289e-06,0.05501240805011337,0.9332644042020288,1
2022-01-07,-0.0027092535312208685,-0.0027107859255125688,0.0030647885834002853,1.5323942917001427e-06,0.05522316720560681,0.9331620371457461,1
2022-01-10,0.000575483152287575,0.0005741620482347229,0.002642208105704383,1.3211040528521914e-06,0.05515740395893158,0.9318932786948553,1
2022-01-11,0.0065529666340447155,0.006551567611133886,0.002798045821659448,1.399022910829724e-06,0.05482721695587114,0.933534448109125,1
2022-01-12,0.0010000956170749197,0.0009951349972740979,0.00992123960164358,4.96061980082179e-06,0.05577731663348983,0.9319358947643634,1
2022-01-13,-0.005022622056112756,-0.005026301689562093,0.0073592668986736665,3.6796334493368332e-06,0.05523274775996439,0.9384419970915845,1
2022-01-14,-0.001995092508536815,-0.001998249053961915,0.006313090850199404,3.1565454250997022e-06,0.054391423549341206,0.9360619211658434,1
2022-01-18,-0.008977162320739447,-0.008980756238420066,0.007187835361237668,3.593917680618834e-06,0.05481180299536611,0.9403120468260486,1
2022-01-19,-2.2188306031682876e-05,-2.703352211380576e-05,0.009690432164245769,4.8452160821228845e-06,0.05650357900748449,0.9300843404933177,1
2022-01-20,-0.0031973274911951694,-0.003201877806668316,0.009100630946293223,4.550315473146611e-06,0.05610102214685762,0.9252348619499282,1
2022-01-21,-0.004876302892365359,-0.004878139271743612,0.0036727587565061753,1.8363793782530876e-06,0.05614348887964425,0.9238629923656394,1
2022-01-24,0.0007675677184359997,0.0007625565914322797,0.010022254007439974,5.0111270037199865e-06,0.05567007616805762,0.9134693561565006,1
2022-01-25,-0.004690628345340958,-0.004692419503392964,0.003582316104012495,1.7911580520062475e-06,0.0556806566826331,0.9138662590550157,1
2022-01-26,-0.005193393988984107,-0.005194588038052166,0.002388098136115527,1.1940490680577634e-06,0.05561786550724033,0.9115257470621883,1
2022-01-27,-0.002206110646182359,-0.002208448290549475,0.004675288734231439,2.3376443671157195e-06,0.05622864763509428,0.9068346625282322,1
2022-01-28,0.00732504545990696,0.007322186890644311,0.005717138525296844,2.858569262648422e-06,0.05596034983286148,0.9035478320712838,1
2022-01-31,0.0058581304808157115,0.005847976689318201,0.02030758299502039,1.0153791497510195e-05,0.056123451274721486,0.8925716838775737,1
2022-02-01,0.0020997331021201607,0.0020916909089963636,0.01608438624759405,8.042193123797025e-06,0.05626713241047805,0.8854771326458593,1
2022-02-02,0.003401989795449491,0.0033999018238566638,0.004175943185654285,2.0879715928271425e-06,0.0563986952428049,0.8856203834557566,1
2022-02-03,-0.010130894893960973,-0.010132737814592107,0.0036858412622672587,1.8429206311336293e-06,0.056538307522368846,0.8844991724869034,1
2022-02-04,-0.0010436630381102244,-0.0010509541980386829,0.01458231985691695,7.291159928458475e-06,0.058089262252492994,0.8693042807541616,1
2022-02-07,-0.00018531400978396797,-0.00018790314725393645,0.005178274939936972,2.5891374699684862e-06,0.0571136215771375,0.8704672382963834,1
2022-02-08,0.0012728289455753744,0.0012690826061642216,0.007492678822305809,3.7463394111529046e-06,0.05637457004504316,0.8777685481843562,1
2022-02-09,0.005531312262447642,0.0055288887346469735,0.004847055601336928,2.423527800668464e-06,0.05627997916813341,0.8763638325272429,1
2022-02-10,-0.01040753522101373,-0.010414771000271236,0.014471558515011113,7.2357792575055566e-06,0.056718433051242675,0.8705439813754785,1
2022-02-11,-0.0008691997885819655,-0.0008799118433033182,0.021424109442705258,1.0712054721352629e-05,0.05841718074995478,0.853942845039132,1
2022-02-14,-0.0019334227348618916,-0.0019413125204168927,0.015779571110002305,7.889785555001153e-06,0.056986372873927334,0.8385895008462003,1
2022-02-15,0.0019288115303760264,0.0019275733812111626,0.002476298329727636,1.2381491648638178e-06,0.05695144637058905,0.8378625436181089,1
2022-02-16,0.0033668587931796044,0.003361598623796836,0.010520338765536638,5.260169382768319e-06,0.056306556949089946,0.8320186825593148,1
2022-02-17,-0.0031554428361389984,-0.0031593696705276707,0.00785366877734496,3.92683438867248e-06,0.056637371008496515,0.8273264614600571,1
2022-02-18,-0.00024230282461479681,-0.00024634161860463515,0.008077587979676656,4.038793989838328e-06,0.05572229274967077,0.8194306174888928,1
2022-02-22,-0.0021734103701724263,-0.0021759268748404795,0.005033009336106731,2.5165046680533656e-06,0.05560538582007164,0.81832393498695,1
2022-02-23,-0.005801686732547768,-0.005802986938557084,0.0026004120186329666,1.3002060093164832e-06,0.05564672687954326,0.8195089699260549,1
2022-02-24,0.005013801558856196,0.00500812287052451,0.011357376663370014,5.678688331685007e-06,0.05537117443773432,0.8269933353802608,1
2022-02-25,0.004495524178948998,0.004486168734097746,0.01871088970250452,9.355444851252261e-06,0.05513729581782008,0.8199564420478223,1
2022-02-28,0.0045220462748255695,0.004514475581422483,0.015141386806173648,7.570693403086824e-06,0.054975873015963905,0.8154532622650579,1
2022-03-01,0.0008541301928104281,0.0008477878713418497,0.012684642937156876,6.342321468578438e-06,0.05654329195370227,0.823042687969189,1
2022-03-02,-0.0023733594906531026,-0.0023823707960900615,0.018022610873917586,9.011305436958793e-06,0.05621485212532993,0.8201502249215897,1
2022-03-03,-0.00019432290149339792,-0.00019872821692705814,0.008810630867320465,4.405315433660233e-06,0.055524951226655926,0.8112888079811549,1
2022-03-04,0.0010937315860831487,0.0010909297995898412,0.005603572986615221,2.8017864933076106e-06,0.05552981113678105,0.8104258367481145,1
2022-03-07,-0.007247846040949477,-0.007255941436743158,0.016190791587363265,8.095395793681632e-06,0.055252386652588616,0.8083356366435817,1
2022-03-08,1.2480119829188716e-05,4.6750356881644785e-06,0.015610168282048476,7.805084141024237e-06,0.055454520884497246,0.7944436181838643,1
2022-03-09,0.002654852359183745,0.002645581870743582,0.018540976880325938,9.270488440162969e-06,0.05541394460005401,0.7889362426459967,1
2022-03-10,-0.00420966402701748,-0.004220669285917285,0.022010517799610316,1.1005258899805158e-05,0.05384470449753943,0.7712805798426641,1
2022-03-11,-0.0045141648773622985,-0.004518080380941074,0.007831007157550987,3.9155035787754935e-06,0.05412527180862964,0.7673098430127032,1
2022-03-14,-0.008845643335336396,-0.008847921384552936,0.004556098433080066,2.2780492165400333e-06,0.05429386635608463,0.7644165087400645,1
2022-03-15,0.00399794768914544,0.003991458260676314,0.012978856938253708,6.489428469126854e-06,0.05571307613185618,0.7512841004673774,1
2022-03-16,0.008696109100939165,0.008687016156891983,0.018185888094365,9.0929440471825e-06,0.05543717259458774,0.7412453881011636,1
2022-03-17,0.002687524225823008,0.002675244995227973,0.024558461190069256,1.2279230595034628e-05,0.05648762942875915,0.724576317790343,1
2022-03-18,0.003582755478743608,0.003580202577790123,0.005105801906970464,2.5529009534852323e-06,0.056497261097596334,0.7242196441235693,1
2022-03-21,-0.004279113265907672,-0.004282816715269387,0.0074068987234298805,3.70344936171494e-06,0.05684897930740439,0.7219596497127474,1
2022-03-22,0.0010332837204473442,0.0010304296803895388,0.005708080115611039,2.8540400578055195e-06,0.0569766540491961,0.715493140308751,1
2022-03-23,0.0010732898117658278,0.0010699388137856822,0.006701995960291293,3.3509979801456465e-06,0.05645317891158178,0.712614746775114,1
2022-03-24,0.0032996137444511577,0.0032924349625777036,0.014357563746908414,7.178781873454207e-06,0.05597008198159241,0.7102171617280861,1
2022-03-25,-0.0028016481947975083,-0.0028047882191986184,0.006280048802220495,3.1400244011102476e-06,0.055634770725574156,0.709395455383862,1
2022-03-28,0.0016327746119307535,0.001631788834618015,0.0019715546254770178,9.857773127385088e-07,0.0557028789730853,0.707800448817623,1
2022-03-29,0.005034249548195935,0.00503122770527554,0.006043685840789834,3.0218429203949167e-06,0.05528719938598386,0.7036906719047187,1
2022-03-30,-8.42511509693059e-05,-9.02371864273519e-05,0.011972070916092023,5.986035458046011e-06,0.05562762670648867,0.696233390286773,1
2022-03-31,-0.002745450477201525,-0.0027471695853677597,0.003438216332469504,1.7191081662347522e-06,0.055524897443396504,0.6954351832665109,1
2022-04-01,-0.0003935005042725483,-0.0003943017563232885,0.0016025041014804259,8.01252050740213e-07,0.05544535187223256,0.6946459746978357,1
2022-04-04,0.0030213316800603756,0.0030203783218338714,0.0019067164530080366,9.533582265040183e-07,0.05542584866861677,0.6943958031294202,1
2022-04-05,-0.007796964356369421,-0.007802963621360274,0.011998529981706488,5.999264990853244e-06,0.055548498860192294,0.6972309321725678,1
2022-04-06,-0.0039029209378649843,-0.003906340625279242,0.006839374828514488,3.4196874142572443e-06,0.05673102139741869,0.6890756852901216,1
2022-04-07,0.0002584077696621627,0.00025548504318474117,0.005845452954843108,2.922726477421554e-06,0.05633655872032224,0.6908819754341078,1
2022-04-08,-0.002680096366091235,-0.002681538362098614,0.002883992014757794,1.441996007378897e-06,0.05630959709326474,0.6919038384849865,1
2022-04-11,-0.005437322210272791,-0.00543868842277332,0.0027324250010591494,1.3662125005295747e-06,0.05632833994148799,0.6907848497541516,1
2022-04-12,0.001206840957171103,0.001205099160619395,0.003483593103416116,1.741796551708058e-06,0.056642621697761755,0.6868130396487884,1
2022-04-13,0.004031006277860214,0.004028741559464175,0.0045294367920770545,2.2647183960385272e-06,0.05600082808962225,0.687631390138544,1
2022-04-14,-0.006392179062899812,-0.006394857804317097,0.005357482834569813,2.6787414172849064e-06,0.05634590206501047,0.6851694492939419,1
2022-04-18,-0.0003020850274917661,-0.0003041907473669359,0.0042114397503396,2.1057198751698003e-06,0.05729902226131837,0.6837635409411567,1
2022-04-19,0.0005087599048606982,0.0005078213610423626,0.0018770876366713263,9.385438183356632e-07,0.05734638838529861,0.6848411463343633,1
2022-04-20,0.002041697823621266,0.0020386179058456168,0.006159835551298454,3.0799177756492268e-06,0.05632590347390198,0.6840186989578133,1
2022-04-21,-0.0052117911228865745,-0.005215910393640091,0.008238541507033223,4.119270753516611e-06,0.056332177977772464,0.6830945170414098,1
2022-04-22,-0.007079655662591197,-0.007081335478425621,0.003359631668848506,1.679815834424253e-06,0.05687162702175035,0.6816723685955635,1
2022-04-25,0.0020304017516305267,0.002027664502724988,0.005474497811077311,2.7372489055386554e-06,0.05798297397666294,0.6798499924922924,1
2022-04-26,-0.004714745956355815,-0.0047177971021145106,0.006102291517391431,3.0511457586957157e-06,0.0578474356144173,0.6745814933388843,1
2022-04-27,-0.002379066823693384,-0.002382061596532347,0.005989545677925971,2.9947728389629855e-06,0.05728515144770302,0.6691127221775313,1
2022-04-28,0.006069197166831295,0.006067144160651568,0.004106012359454063,2.0530061797270314e-06,0.05700077943605522,0.6703070380180771,1
2022-04-29,-0.00972684723524334,-0.009733909947083131,0.014125423679582909,7.062711839791455e-06,0.057793569845873825,0.6692988527504442,1
2022-05-02,-0.0019640235376551917,-0.0019670681907151353,0.006089306119887443,3.0446530599437213e-06,0.05880327713550191,0.6627894543356236,1
2022-05-03,0.0019177875738354273,0.0019165111614870992,0.002552824696656089,1.2764123483280445e-06,0.05846832871405647,0.6611526113539363,1
2022-05-04,0.008291761686048657,0.008290514634610266,0.002494102876780764,1.2470514383903821e-06,0.05853579700606218,0.6605170123438651,1
2022-05-05,-0.011880153269524353,-0.011886477203533592,0.01264786801847747,6.323934009238735e-06,0.0597151407660557,0.653121813171209,1
2022-05-06,-0.0031762591288089846,-0.003180758879933063,0.008999502248156988,4.4997511240784935e-06,0.061232636624940814,0.6429578620723877,1
2022-05-09,-0.006414096216774329,-0.006415691286978796,0.0031901404089347135,1.5950702044673567e-06,0.061462945294233816,0.6428978824686129,1
2022-05-10,0.0014646453731755548,0.0014614260524807765,0.006438641389556556,3.2193206947782777e-06,0.061295424968059925,0.6354181930621492,1
2022-05-11,-0.001114631016772308,-0.0011166996280386463,0.004137222532676878,2.0686112663384388e-06,0.06127570872143305,0.6338890454730647,1
2022-05-12,-0.0015322461596265888,-0.0015370353939583592,0.009578468663540625,4.789234331770313e-06,0.06043748228527597,0.6317410680808604,1
2022-05-13,0.0023723330619715437,0.002369870322904545,0.004925478133997116,2.462739066998558e-06,0.059602777695333745,0.6345818744165357,1
2022-05-16,-0.0003133193410547685,-0.0003191803225991296,0.011721963088722198,5.860981544361099e-06,0.05963060974957675,0.635556955061188,1
2022-05-17,0.001210541048415091,0.0012090084266188938,0.0030652435923945245,1.5326217961972624e-06,0.05962255375618253,0.6355259648060658,1
2022-05-18,-0.005214216743414194,-0.00521776729920055,0.007101111572711254,3.5505557863556266e-06,0.05950438772186153,0.6352984943313946,1
2022-05-19,0.0016001855333100216,0.0015961987590456077,0.007973548528827902,3.986774264413951e-06,0.05817311092804592,0.627442835767559,1
2022-05-20,0.0011212828644067835,0.0011184585183734472,0.005648692066672768,2.824346033336384e-06,0.05864738683935577,0.6283665744485836,1
2022-05-23,0.0017725938927295396,0.001771653395266429,0.0018809949262213813,9.404974631106906e-07,0.05878023852178486,0.6284744447410203,1
2022-05-24,0.0016944146523279972,0.0016914751039879244,0.005879096680145725,2.939548340072862e-06,0.05858794735147248,0.6261128657721065,1
2022-05-25,0.002951063798114632,0.00294694586843798,0.008235859353304148,4.117929676652074e-06,0.05823865406320808,0.6243798669225109,1
2022-05-26,0.004119349163280834,0.004116494515564371,0.005709295432925518,2.854647716462759e-06,0.05813696827361368,0.622893562001678,1
2022-05-27,0.005236151137345728,0.005231976558528651,0.00834915763415589,4.174578817077945e-06,0.05807308429133553,0.6204359840293501,1
2022-05-31,-0.0046574964978414925,-0.004663710051216351,0.01242710674971674,6.21355337485837e-06,0.05817201171952485,0.6198971933486219,1
2022-06-01,-0.0013666980989988572,-0.0013691792593538345,0.004962320709954698,2.4811603549773494e-06,0.05877940097957745,0.6210604989551713,1
2022-06-02,0.004900882852324323,0.004897075513089919,0.007614678468806278,3.807339234403139e-06,0.05944322023487607,0.6273319344237283,1
2022-06-03,-0.0047988238074488515,-0.004802826525238781,0.008005435579858042,4.0027177899290205e-06,0.06007237518755261,0.6255064402483919,1
2022-06-06,-0.0027612658149858663,-0.002764345178477855,0.0061587269839775555,3.079363491988778e-06,0.06056907752463212,0.628076321428557,1
2022-06-07,0.003342222577817199,0.0033393461990617315,0.005752757510935368,2.876378755467684e-06,0.060813312798664906,0.6322230586149489,1
2022-06-08,-0.0032939133488992384,-0.00329868794284323,0.009549187887983333,4.774593943991667e-06,0.061466278855791937,0.6379013398440682,1
2022-06-09,-0.004638397138683612,-0.004645399196545521,0.014004115723817934,7.002057861908967e-06,0.0627577586919785,0.649678164294248,1
2022-06-10,-0.006165121365321949,-0.006166366504020351,0.0024902773968034503,1.2451386984017252e-06,0.06267988491830516,0.6484868583039995,1
2022-06-13,-0.015953598959151202,-0.01595744905611353,0.007700193924656547,3.850096962328273e-06,0.06245028239348458,0.6415612525466272,1
2022-06-14,-0.002192617841849146,-0.002200152229050668,0.015068774403044702,7.534387201522351e-06,0.06554589172107875,0.6213351763842776,1
2022-06-15,0.008128889868883785,0.008125581465751344,0.006616806264882008,3.308403132441004e-06,0.06604144865797631,0.6259891707867167,1
2022-06-16,-0.004194482245350966,-0.004198586187069417,0.008207883436901556,4.103941718450778e-06,0.0667741012749095,0.6229901362324866,1
2022-06-17,0.0004913025940308731,0.00048748549196205477,0.0076342041376366715,3.817102068818336e-06,0.06589946492328468,0.617592238671832,1
2022-06-21,0.0014792113988095833,0.0014779269214819277,0.0025689546553108664,1.2844773276554332e-06,0.06585812730565888,0.6192787819977879,1
2022-06-22,0.003507037000275092,0.0035013785368298114,0.011316926890562011,5.658463445281005e-06,0.06549324937589539,0.6192296565925535,1
2022-06-23,0.0025247367699384937,0.0025204177521081297,0.008638035660727836,4.319017830363918e-06,0.0659113103429322,0.6168660447733252,1
2022-06-24,0.0036867495030198836,0.0036831110006180588,0.007277004803649657,3.6385024018248285e-06,0.06629952850055139,0.6202675623383477,1
2022-06-27,-0.002337655207789626,-0.0023429715024856205,0.01063258939198957,5.316294695994785e-06,0.06584341245377306,0.617553787728073,1
2022-06-28,-0.0039653810682782715,-0.003966485410280117,0.002208684003690786,1.104342001845393e-06,0.06591679632682404,0.6183025741019541,1
2022-06-29,0.0015823242281597107,0.0015789220990593427,0.00680425820073597,3.402129100367985e-06,0.06615942559706126,0.6210508852760364,1
2022-06-30,-0.0008404429924653913,-0.0008431880507008937,0.005490116471004766,2.7450582355023833e-06,0.06596126840451803,0.6221914618705714,1
2022-07-01,0.0034831251837127027,0.0034810834800356647,0.004083407354076009,2.0417036770380042e-06,0.06592264257906585,0.6227250319567855,1
2022-07-05,-0.0006082050297558118,-0.0006102123264014797,0.004014593291335869,2.0072966456679344e-06,0.066276082772368,0.621219697991485,1
2022-07-06,-0.003516223561476327,-0.0035186431074916724,0.00483909203069071,2.419546015345355e-06,0.0658902557128376,0.6162209677236203,1
2022-07-07,0.0026906061080506864,0.0026895258463933763,0.002160523314620237,1.0802616573101187e-06,0.06581286829658987,0.6146394656886174,1
2022-07-08,-0.0012334852820575389,-0.0012379377435319074,0.008904922948737216,4.452461474368608e-06,0.06509917283430942,0.614724730406935,1
2022-07-11,-0.0013466853492499946,-0.0013472841982199325,0.0011976979398758622,5.988489699379311e-07,0.06508496707148859,0.6153248623499243,1
2022-07-12,-0.0007343824174711356,-0.0007374036765908519,0.006042518239432686,3.0212591197163428e-06,0.06481077099337366,0.6135202036751293,1
2022-07-13,0.0007550222071491086,0.0007534363826392619,0.0031716490196934954,1.5858245098467477e-06,0.06481342040023569,0.6143339530440302,1
2022-07-14,-0.002514015916553459,-0.0025156974611564623,0.0033630892060060175,1.6815446030030087e-06,0.06477202544847914,0.6157380082516299,1
2022-07-15,0.004038400714118209,0.004037275152687744,0.002251122860930023,1.1255614304650115e-06,0.06476676400261745,0.6154454047563211,1
2022-07-18,-0.0028806659159755096,-0.0028838295314899303,0.006327231028841689,3.1636155144208443e-06,0.06473874064748196,0.6143412581135033,1
2022-07-19,0.004463344059085448,0.004461136073922798,0.004415970325299903,2.2079851626499517e-06,0.06438772282218633,0.6157063049496848,1
2022-07-20,0.0009214694650693249,0.0009163578033339858,0.010223323470678052,5.111661735339026e-06,0.06435489306904946,0.6118810386517073,1
2022-07-21,0.006226933333361811,0.0062251202384710005,0.003626189781620187,1.8130948908100936e-06,0.06468741876252394,0.6139102096950806,1
2022-07-22,0.0006045465550798066,0.0006011478628057841,0.006797384548045071,3.3986922740225356e-06,0.06560503336558655,0.6108686145871405,1
2022-07-25,-0.0016278218622318209,-0.0016308596174665418,0.006075510469441867,3.0377552347209334e-06,0.06517838669120939,0.610114456499912,1
2022-07-26,-0.0027244470664092657,-0.002726193789820041,0.003493446821550887,1.7467234107754436e-06,0.06481755591132841,0.6126592263877504,1
2022-07-27,0.006177795454267087,0.006175119200708152,0.0053525071178698175,2.676253558934909e-06,0.06511311906478252,0.6160548294922628,1
2022-07-28,0.004838416044073219,0.004833829971488458,0.009172145169521986,4.5860725847609936e-06,0.06590731870879381,0.6141596985178677,1
2022-07-29,0.002454102705410539,0.002451505620233341,0.005194170354396822,2.597085177198411e-06,0.06630822371652434,0.6120863193381789,1
2022-08-01,0.00269336561943169,0.002692582947721287,0.001565343420806345,7.826717104031725e-07,0.06616157918508665,0.6141978628533689,1
2022-08-02,-0.00445401760896549,-0.004460068767461595,0.012102316992209566,6.051158496104783e-06,0.06548557809794872,0.6176588065405184,1
2022-08-03,0.005405180714446523,0.00540272275935302,0.004915910187005171,2.4579550935025854e-06,0.06615846021384827,0.6202160498939713,1
2022-08-04,0.0024131145848371744,0.0024095765259269067,0.007076117820535584,3.538058910267792e-06,0.06653458201101527,0.6178635088519644,1
2022-08-05,-0.005250417918962329,-0.005254599666854764,0.008363495784868828,4.181747892434414e-06,0.06572630130108752,0.6198304036103304,1
2022-08-08,0.0023961559452856914,0.002390654707963121,0.011002474645140314,5.501237322570157e-06,0.06460826439887206,0.6274956014846611,1
2022-08-09,-0.0018214812896999205,-0.0018236831587504674,0.004403738101093825,2.2018690505469124e-06,0.06452698792287799,0.627119126313101,1
2022-08-10,0.0041581018980000675,0.004153910018713,0.008383758574134627,4.191879287067313e-06,0.06459001878314914,0.6344812085799314,1
2022-08-11,-0.0033345272716004863,-0.003339651329269595,0.010248115338217137,5.124057669108569e-06,0.06450380644165207,0.6320207092534837,1
2022-08-12,0.005513968752000657,0.005511753081583276,0.004431340834762196,2.215670417381098e-06,0.06529576557915284,0.6340296252315014,1
2022-08-15,-0.0005461188473858348,-0.0005495455432451457,0.0068533917186217735,3.4266958593108866e-06,0.06579441106064456,0.6335721714556892,1
2022-08-16,-0.00023194068863483148,-0.00023372355509748423,0.00356573292530548,1.7828664626527401e-06,0.06637828661201997,0.6363804138383549,1
2022-08-17,-0.004016643701803514,-0.004017895607706342,0.0025038118056571537,1.2519059028285768e-06,0.06650640134836204,0.6375714246659678,1
2022-08-18,0.0006992829476636732,0.0006971137577254791,0.004338379876388139,2.1691899381940697e-06,0.06727440689884323,0.6385475613230385,1
2022-08-19,-0.005976641593625914,-0.005982971653384334,0.012660119516839444,6.3300597584197214e-06,0.06867617233732541,0.6511588848659516,1
2022-08-22,-0.006083829748881872,-0.0060859951499560696,0.004330802148394722,2.1654010741973607e-06,0.06945446932762288,0.6506007642819487,1
2022-08-23,0.00019774592083029758,0.00019639062624948305,0.002710589161629043,1.3552945808145215e-06,0.06979415450996798,0.6469835093426919,1
2022-08-24,-1.607157161383991e-06,-4.01617867412592e-06,0.004818043025483859,2.4090215127419295e-06,0.07008083832462379,0.6492509843761876,1
2022-08-25,0.005180470509420136,0.005178504089743141,0.003932839353989845,1.9664196769949225e-06,0.0705493403575812,0.6530352078384549,1
2022-08-26,-0.008096871271501296,-0.008099929647932907,0.006116752863224717,3.0583764316123586e-06,0.07099046958348869,0.6524735049816152,1
2022-08-29,-0.0024774957702034892,-0.002480344148818199,0.005696757229419036,2.848378614709518e-06,0.07103154047247416,0.6456748147674334,1
2022-08-30,-0.0031905418958094274,-0.003193525147335513,0.005966503052171959,2.9832515260859798e-06,0.07100407120003993,0.6493670356397601,1
2022-08-31,-0.003405716465162795,-0.003407834505201757,0.0042360800779236985,2.118040038961849e-06,0.07079517578543547,0.6513961596066733,1
2022-09-01,-0.002423505447946925,-0.002424597518554471,0.0021841412150925,1.09207060754625e-06,0.07100646855667865,0.6510713959626584,1
2022-09-02,-0.00012432230367393743,-0.00012671565220052317,0.0047866970531714875,2.3933485265857437e-06,0.07066259170043754,0.653803297412759,1
2022-09-06,-0.004617069041398568,-0.004620208006322909,0.0062779298486812934,3.1389649243406468e-06,0.07022275801621536,0.6548799583992513,1
2022-09-07,0.007265725736687057,0.007264937001211189,0.0015774709517349106,7.887354758674553e-07,0.0704830177630851,0.6537155089412419,1
2022-09-08,-0.0005649054218785482,-0.0005695176409457802,0.009224438134463928,4.612219067231964e-06,0.07104028908461356,0.6492941827346677,1
2022-09-09,0.004019762353242255,0.004018669147234418,0.002186412015674391,1.0932060078371956e-06,0.07084081650248689,0.6494732113769122,1
2022-09-12,0.0019073840250160884,0.0019058885040946268,0.002991041842923356,1.495520921461678e-06,0.0710498168932416,0.6510717436137329,1
2022-09-13,-0.012158797710447374,-0.01216311415243166,0.008632883968573105,4.316441984286553e-06,0.07146178118479105,0.6603698735711454,1
2022-09-14,0.0007821945754805981,0.0007718259233888685,0.02073730418345919,1.0368652091729596e-05,0.06825702186217703,0.6733860179808384,1
2022-09-15,-0.005377849065840098,-0.0053794141664850435,0.0031302012898906384,1.5651006449453191e-06,0.06823644131038833,0.6750756372915263,1
2022-09-16,-0.0011009798810602182,-0.0011047155592177988,0.007471356315161021,3.73567815758051e-06,0.06720382770639007,0.6790706088567,1
2022-09-19,0.0018621630942113265,0.0018556283811806686,0.013069426061315531,6.5347130306577655e-06,0.06846456387811102,0.6911504019848465,1
2022-09-20,-0.004534629661521611,-0.0045359985664008805,0.0027378097585392253,1.3689048792696127e-06,0.06859826325877687,0.6916934950431475,1
2022-09-21,-0.001406573845309418,-0.0014102780724235355,0.007408454228234912,3.704227114117456e-06,0.06960215990638456,0.6945908485401973,1
2022-09-22,-0.005526813847628988,-0.005528281423638491,0.0029351520190060987,1.4675760095030493e-06,0.06899260310936871,0.6951679679974947,1
2022-09-23,-0.006017518819630953,-0.0060191698431696986,0.0033020470774916544,1.6510235387458271e-06,0.06928989730498068,0.69261565401875,1
2022-09-26,-0.006245197476237918,-0.006251183928352347,0.011972904228856829,5.986452114428415e-06,0.07012820533203691,0.6944940045613919,1
2022-09-27,-0.002948342606046749,-0.0029495646727906557,0.0024441334878131937,1.2220667439065968e-06,0.07049252040183394,0.6901999728641321,1
2022-09-28,0.011937003036324702,0.011933546537037704,0.006912998573996229,3.4564992869981144e-06,0.07063183532419463,0.691793552831139,1
2022-09-29,-0.006123040555768676,-0.006134919346125672,0.023757580713993198,1.18787903569966e-05,0.07270458607494816,0.6746840887230228,1
2022-09-30,-0.004805224778399856,-0.004806569981863389,0.0026904069270664577,1.3452034635332289e-06,0.07288096726794045,0.6713034767155708,1
2022-10-03,0.01040960285072696,0.01040755419417539,0.004097313103138919,2.04865655156946e-06,0.07274780062352171,0.671116757426945,1
2022-10-04,0.008693872560578105,0.008685947822915199,0.0158494753258126,7.9247376629063e-06,0.07457536014592402,0.6619081009665213,1
2022-10-05,-0.002288136035785596,-0.002297462573140816,0.018653074710440337,9.326537355220169e-06,0.07486634764546107,0.6537640804415332,1
2022-10-06,-0.00281344022515925,-0.00281573197517485,0.004583500031199575,2.2917500155997873e-06,0.07523379150380144,0.6570330189200384,1
2022-10-07,-0.008992164531132734,-0.008993087592870748,0.0018461234760278472,9.230617380139236e-07,0.07530521699376506,0.6568171017972873,1
2022-10-10,-0.005598942644880107,-0.00560158885649195,0.005292423223686102,2.646211611843051e-06,0.07618073626772374,0.6521147417600163,1
2022-10-11,-0.0010870621261117224,-0.0010888547363353469,0.0035852204472489463,1.792610223624473e-06,0.07645483653936157,0.6485417124231427,1
2022-10-12,0.0009820069988207274,0.0009808344893792122,0.002345018883030389,1.1725094415151945e-06,0.07645232953014448,0.6491027054352834,1
2022-10-13,0.002321510526242136,0.0023204055619152324,0.002209928653807064,1.104964326903532e-06,0.07657596654684923,0.6506137383965607,1
2022-10-14,-0.006914884660665204,-0.006919764251433414,0.00975918153642065,4.8795907682103244e-06,0.07581339318887247,0.6497333168170605,1
2022-10-17,0.005818143923611064,0.005816537914045998,0.003212019130131444,1.606009565065722e-06,0.07596835316039398,0.6461833284407972,1
2022-10-18,0.0028185416509078,0.0028153479708505342,0.0063873601145309905,3.1936800572654953e-06,0.07614719377899706,0.6463898310311462,1
2022-10-19,-0.005247442052834278,-0.005249052660438622,0.0032212152086873724,1.6106076043436863e-06,0.07641331347180073,0.6468225971630392,1
2022-10-20,-0.003715354730112287,-0.003718250811855093,0.005792163485611249,2.896081742805624e-06,0.07597385578469265,0.6493869810805468,1
2022-10-21,0.005403236251003149,0.005401212831079046,0.004046839848207015,2.0234199241035077e-06,0.076402144419707,0.6507754067811933,1
2022-10-24,0.0008298272302861426,0.0008227278002833689,0.014198860005547556,7.099430002773778e-06,0.07601890233647349,0.6424912904484867,1
2022-10-25,0.007052846299030533,0.007051146123192701,0.0034003516756627578,1.7001758378313789e-06,0.07599240027026206,0.6429160509793942,1
2022-10-26,7.330893274652727e-05,6.738628331821512e-05,0.011845298856624317,5.922649428312159e-06,0.07644328423165864,0.6430599566391862,1
2022-10-27,-3.022282314059919e-05,-3.308570835822327e-05,0.005725770435248148,2.862885217624074e-06,0.07566779722087268,0.6442021171552771,1
2022-10-28,0.0031733606783505863,0.00317023850462494,0.006244347451292209,3.1221737256461047e-06,0.07541730061568633,0.6442216977885231,1
2022-10-31,-0.0044432463498033205,-0.0044506332664106035,0.014773833214566184,7.386916607283092e-06,0.07487114347651852,0.6425209636202622,1
2022-11-01,0.0010631854569878403,0.0010613435432829674,0.0036838274097456825,1.8419137048728412e-06,0.07474636894749163,0.6420844752217356,1
2022-11-02,-0.006839340504581813,-0.0068424282767253364,0.006175544287045781,3.0877721435228906e-06,0.07415369799448057,0.6444385388905303,1
2022-11-03,-0.0041681236833549145,-0.00417066092419897,0.0050744816881098526,2.5372408440549262e-06,0.07427331817899845,0.6434065665082032,1
2022-11-04,0.00479668987090045,0.004794308124323715,0.004763493153469883,2.3817465767349417e-06,0.07416028399421537,0.6457501807270356,1
2022-11-07,0.00010027017582768907,9.077548353013241e-05,0.018989384595113304,9.494692297556653e-06,0.07345281622743385,0.6362578134991206,1
2022-11-08,0.00451513568460618,0.004513152171466149,0.003967026280062735,1.9835131400313677e-06,0.0733487372101867,0.6358925351951168,1
2022-11-09,-0.004322271979838562,-0.004328949680053175,0.013355400429225256,6.677700214612628e-06,0.07366337064470553,0.6350283898174258,1
2022-11-10,0.020539274694510664,0.020537398908158765,0.0037515727037972235,1.8757863518986118e-06,0.07346274877897284,0.6343530061944911,1
2022-11-11,0.0024021999563042665,0.002378402080224183,0.04759575216016658,2.379787608008329e-05,0.07745110494526047,0.6000331082880302,1
2022-11-14,-0.002000254641821154,-0.00200214799844128,0.003786713240252128,1.8933566201260638e-06,0.07759945417472303,0.6000636893825698,1
2022-11-15,0.004232633449336027,0.004231697947891807,0.0018710028884395408,9.355014442197704e-07,0.07760762968921127,0.5999164066455849,1
2022-11-16,0.00023635427782934507,0.00023397916043931832,0.0047502347800535,2.37511739002675e-06,0.07771076973263681,0.598654281706193,1
2022-11-17,-0.002549150166146417,-0.0025521906105566445,0.006080888820454766,3.040444410227383e-06,0.07734256668844534,0.5961858935308956,1
2022-11-18,-0.0009041175555151958,-0.000905742537880743,0.0032499647310942903,1.6249823655471452e-06,0.07715060066129906,0.5978757069074176,1
2022-11-21,-0.0011357326738918238,-0.0011370186352220898,0.0025719226605321124,1.2859613302660562e-06,0.07700450843803774,0.600084704756106,1
2022-11-22,0.004162440156958439,0.004161474200892043,0.00193191213279241,9.65956066396205e-07,0.07699628967440168,0.6000409974311902,1
2022-11-23,0.0038745956392574905,0.003871870414022427,0.00545045047012719,2.7252252350635947e-06,0.07718556562499775,0.5982284656612815,1
2022-11-25,-0.000758434775562344,-0.0007600512500675,0.0032329490103118266,1.6164745051559134e-06,0.07714415582266325,0.5986161890764048,1
2022-11-28,-0.0035534328057975654,-0.0035576460813643335,0.008426551133536214,4.213275566768107e-06,0.07752424762501328,0.6063854453678857,1
2022-11-29,-0.0010497586685502742,-0.0010510265330749098,0.0025357290492711015,1.2678645246355509e-06,0.07739400714890449,0.6047569231564544,1
2022-11-30,0.009250445431038312,0.009249477984380198,0.0019348933162272042,9.67446658113602e-07,0.07735509394541028,0.6053768112320927,1
2022-12-01,0.005216687433355318,0.005210214219843077,0.012946427024481802,6.473213512240901e-06,0.07782584737641494,0.5988374491767863,1
2022-12-02,0.0003637248004806031,0.0003591467502543257,0.009156100452554806,4.578050226277403e-06,0.07782149276124005,0.594706718146668,1
2022-12-05,-0.006611783826428423,-0.0066134019839747685,0.0032363150926917952,1.6181575463458975e-06,0.07793136834841285,0.595030306060294,1
2022-12-06,-0.0011990506888580076,-0.0012012931925064227,0.004485007296830122,2.242503648415061e-06,0.07825963173852728,0.5932347536280502,1
2022-12-07,0.0032786196252057366,0.003275867857420518,0.0055035355704372915,2.751767785218646e-06,0.077574520748205,0.5954245080878682,1
2022-12-08,0.0011207599243898759,0.0011180082460084057,0.005503356762940205,2.7516783814701025e-06,0.07763871007134746,0.5937718956049752,1
2022-12-09,-0.0031638588400806117,-0.003164552004646731,0.001386329132238573,6.931645661192865e-07,0.07761151672865876,0.5948223773946276,1
2022-12-12,0.0018042712941295075,0.0018031706886664353,0.0022012109261443508,1.1006054630721754e-06,0.07762102157709194,0.593225894052878,1
2022-12-13,0.005063036255010648,0.005057178022003816,0.011716466013662746,5.858233006831373e-06,0.0773039638907281,0.6054059293311129,1
2022-12-14,-0.0013113833312808972,-0.0013140492700935901,0.0053318776253857,2.66593881269285e-06,0.07756011555527537,0.602902695606888,1
2022-12-15,-0.005882317168476212,-0.005884805417189794,0.004976497427164273,2.4882487135821363e-06,0.07748506788960718,0.605724199741917,1
2022-12-16,-0.002125894806019036,-0.0021276080799339735,0.00342654782987533,1.713273914937665e-06,0.07741612024139624,0.6011075127693181,1
2022-12-19,-0.003973448931876778,-0.003975183340715327,0.0034688176770969817,1.7344088385484908e-06,0.07731278508326327,0.5999499559897077,1
2022-12-20,-0.00018109981297008177,-0.00018255011845691576,0.0029006109736679775,1.4503054868339888e-06,0.07737231099019286,0.600152305707824,1
2022-12-21,0.0032378990190399803,0.0032351488332605927,0.0055003715587752175,2.7501857793876088e-06,0.07745784076246762,0.6001384697196201,1
2022-12-22,-0.004508299924704645,-0.004511188395882999,0.005776942356708552,2.888471178354276e-06,0.07724623451120427,0.6015176724911602,1
2022-12-23,-0.00023283358312306936,-0.0002357353361536939,0.005803506061249082,2.901753030624541e-06,0.07734487767517313,0.6033106078913403,1
2022-12-27,-0.0032849155951401297,-0.0032868992651334797,0.00396733998669975,1.983669993349875e-06,0.07698588256408664,0.6062902400055002,1
2022-12-28,-0.0039050587689034317,-0.00390757011208881,0.0050226863707571665,2.5113431853785833e-06,0.07703880577105028,0.6059048038635961,1
2022-12-29,0.005913976557087831,0.005908528595013002,0.010895924149657975,5.447962074828987e-06,0.07600107342305834,0.6136880938656988,1
2022-12-30,-0.0010983383602084962,-0.001100608753838291,0.004540787259589285,2.2703936297946427e-06,0.07613483236546606,0.613477671126115,1
2023-01-03,0.0019650785811447012,0.0019635411910197817,0.0030747802498390306,1.5373901249195153e-06,0.0759610729287014,0.6150098595072859,1
2023-01-04,0.004247462032232338,0.004242551097742488,0.009821868979699874,4.910934489849937e-06,0.07502521031917105,0.6215369007057763,1
2023-01-05,-0.0033938443324327498,-0.0033982108971379187,0.00873312941033813,4.366564705169065e-06,0.0752272003379643,0.6287349691209383,1
2023-01-06,0.00940178108018484,0.009400885858194215,0.0017904439812493345,8.952219906246673e-07,0.07517448994222287,0.6274151441535345,1
2023-01-09,0.00149609165977519,0.0014897862495812102,0.012610820387959645,6.305410193979823e-06,0.07602968585132075,0.6204879486862055,1
2023-01-10,-0.00013752598024844556,-0.000141133716314527,0.007215472132162892,3.607736066081446e-06,0.07551480441220862,0.6282656248572434,1
2023-01-11,0.004569617434964328,0.004566700186934087,0.005834496060481767,2.9172480302408836e-06,0.07507444124531967,0.6319182984088534,1
2023-01-12,0.004447647453405152,0.004444872672041294,0.0055495627277163395,2.7747813638581697e-06,0.07522132540791582,0.6306075013032992,1
2023-01-13,0.0007828010422767475,0.0007804376885029731,0.004726707547548781,2.3633537737743906e-06,0.07536894340373843,0.6287588241913662,1
2023-01-17,-0.001375678471390356,-0.0013781574984370818,0.004958054093451764,2.4790270467258818e-06,0.07597206753514356,0.6317743247241774,1
2023-01-18,-0.00021191492486466446,-0.00021509735676882293,0.006364863808316953,3.182431904158477e-06,0.07563888191897099,0.6368361659500866,1
2023-01-19,-0.0010903088853896118,-0.0010956126554897447,0.010607540200265705,5.303770100132852e-06,0.07539856091565893,0.638817704643974,1
2023-01-20,0.002245714091691959,0.002243267811681862,0.004892560020193518,2.446280010096759e-06,0.07518059738428917,0.637373082828727,1
2023-01-23,0.002393948466544509,0.0023882403781903968,0.011416176708224895,5.708088354112447e-06,0.07419060125531743,0.638074495330873,1
2023-01-24,0.001473148141388254,0.0014700107203764175,0.006274842023672983,3.1374210118364915e-06,0.07375262821399961,0.6390442626934647,1
2023-01-25,0.0006538857413719782,0.0006506757334565242,0.006420015830907969,3.2100079154539845e-06,0.07418088374482518,0.6455639034628464,1
2023-01-26,0.0013863729122267554,0.0013856564641894001,0.0014328960747106434,7.164480373553217e-07,0.07441195365197918,0.6469419444443529,1
2023-01-27,0.0003301898233684816,0.00032726444446749603,0.00585075780197121,2.925378900985605e-06,0.07376502651915624,0.6499587354363057,1
2023-01-30,-0.00405645210090221,-0.004057145051296088,0.0013859007877563695,6.929503938781847e-07,0.07406327480584543,0.6514620792280317,1
2023-01-31,0.004795764072479452,0.004794561201244845,0.002405742469215308,1.202871234607654e-06,0.07451200421340212,0.650801377135134,1
2023-02-01,0.006234835738458812,0.00623320109278291,0.003269291351803552,1.634645675901776e-06,0.0755126784307224,0.6549102272598363,1
2023-02-02,0.002830838833010693,0.0028280997660242203,0.00547813397294572,2.73906698647286e-06,0.07562118085741525,0.6562551115212671,1
2023-02-03,-0.007700301101131777,-0.0077045114574762884,0.008420712689023543,4.210356344511772e-06,0.07479944579836414,0.6505991460903859,1
2023-02-06,-0.0029063846793998976,-0.002911023811620829,0.009278264441863485,4.639132220931742e-06,0.07535900163859763,0.6495249951324883,1
2023-02-07,0.0027323234311994607,0.0027309336270211564,0.0027796083566088703,1.3898041783044352e-06,0.07527071527720897,0.6508046356633923,1
2023-02-08,-0.0021405275038497776,-0.0021459221459177056,0.010789284135856225,5.394642067928113e-06,0.07567933159509256,0.6574484564457379,1
2023-02-09,-0.003941027839905683,-0.003942012190039585,0.0019687002678036303,9.843501339018151e-07,0.07574031918450945,0.656887541774168,1
2023-02-10,-0.001771726676502496,-0.0017741222308943108,0.004791108783629802,2.395554391814901e-06,0.07604654821930039,0.6582917698140376,1
2023-02-13,0.003087162525647905,0.0030844167469074478,0.005491557480914358,2.745778740457179e-06,0.0761740922140385,0.6626077003683953,1
2023-02-14,-1.5741445975074792e-05,-4.3957161185503414e-05,0.05643143042085724,2.821571521042862e-05,0.07091617459976728,0.7200793266297838,1
2023-02-15,-0.0010045719433244152,-0.0010055430437737062,0.0019422008985818667,9.711004492909333e-07,0.07097079673169576,0.7220374394248594,1
2023-02-16,-0.005717916646610276,-0.005719210885996027,0.002588478771502853,1.2942393857514265e-06,0.07082695464332923,0.7224804589980707,1
2023-02-17,0.0007110162671194586,0.0007093023331895013,0.0034278678599146545,1.7139339299573272e-06,0.07085594915104995,0.7206571080435891,1
2023-02-21,-0.008994386752444381,-0.008996396342749258,0.00401918060975294,2.00959030487647e-06,0.07122977278737237,0.7234579594920503,1
2023-02-22,0.0009149595415757624,0.0009111132076310648,0.0076926678893953215,3.846333944697661e-06,0.07188875956685854,0.7132568524785556,1
2023-02-23,0.0033873826876344264,0.0033856359773853655,0.0034934204981218325,1.7467102490609162e-06,0.07183261191688932,0.7128045848702664,1
2023-02-24,-0.005799033543578154,-0.0058015636175275335,0.005060147898759235,2.5300739493796173e-06,0.07186870802535668,0.7113851031977769,1
2023-02-27,0.002510086630394817,0.0025081194675525957,0.003934325684442699,1.9671628422213497e-06,0.07214596572442178,0.7112052272413156,1
2023-02-28,8.557798995116584e-05,8.417335617012861e-05,0.0028092675620744467,1.4046337810372234e-06,0.07194618564289056,0.7130196869065053,1
2023-03-01,-0.0022754454474442623,-0.002276445141361809,0.001999387835093888,9.99693917546944e-07,0.07190327963782425,0.7128308187431456,1
2023-03-02,0.000999636001759613,0.000996763650761575,0.0057447019960760876,2.8723509980380438e-06,0.07192993749173993,0.717079735550116,1
2023-03-03,0.008510806870036296,0.008508837827024784,0.003938086023022966,1.969043011511483e-06,0.07190073160277258,0.7173257936843007,1
2023-03-06,-0.0011784094396735578,-0.0011871031648334018,0.01738745031968808,8.693725159844041e-06,0.07165198947996537,0.7288368431208812,1
2023-03-07,-0.005639123447964513,-0.005643959771135342,0.009672646341657251,4.836323170828626e-06,0.07160671878809677,0.736976567292545,1
2023-03-08,0.00015357557248965408,0.00015110381254606942,0.004943519887169304,2.4717599435846516e-06,0.07179524311024069,0.7308173461921823,1
2023-03-09,-0.0027823010418968007,-0.0027870676089402735,0.009533134086945755,4.7665670434728775e-06,0.07073451663902264,0.7403936200457502,1
2023-03-10,0.0036881055435825224,0.003684836251438803,0.0065385842874395445,3.2692921437197723e-06,0.07068946988934736,0.7391577833336265,1
2023-03-13,0.004459900461121042,0.004452318335165808,0.015164251910468121,7.582125955234061e-06,0.06960382506162904,0.7297750213850784,1
2023-03-14,0.0020632926757622487,0.002058536029154886,0.009513293214725466,4.756646607362733e-06,0.06982174860090563,0.7257370644035153,1
2023-03-15,0.0031578195976325746,0.003150573483226797,0.014492228811555014,7.246114405777506e-06,0.06896262021256025,0.7230873147089532,1
2023-03-16,0.003974039321311483,0.003969949996683563,0.008178649255838749,4.089324627919374e-06,0.0691278312235243,0.723587496968658,1
2023-03-17,0.002808967601629781,0.002801874373567153,0.014186456125256028,7.093228062628014e-06,0.068093848414059,0.7231828658756767,1
2023-03-20,0.0002966556237455732,0.0002894654679926979,0.014380311505750545,7.190155752875273e-06,0.0674344318737934,0.7149621091472245,1
2023-03-21,0.0007787119127198977,0.0007732884651134422,0.010846895212910837,5.423447606455419e-06,0.06700995117728621,0.7258986771851732,1
2023-03-22,0.00028780794009544583,0.00028340922841865886,0.008797423353573974,4.398711676786987e-06,0.06628322265478685,0.7215189877459054,1
2023-03-23,0.002765759845106544,0.0027624210977490703,0.006677494714946691,3.3387473574733458e-06,0.06500582529932294,0.7186924306833309,1
2023-03-24,0.000552977578082769,0.0005510887842384632,0.0037775876886116805,1.8887938443058402e-06,0.06531501871187943,0.720748854308155,1
2023-03-27,-0.004659655434350566,-0.004661140666899627,0.0029704650981217523,1.485232549060876e-06,0.06514926039251008,0.7230165677694567,1
2023-03-28,-0.0001367346076811488,-0.00013976055719064215,0.006051899018986701,3.02594950949335e-06,0.06505387955873915,0.7254795019609102,1
2023-03-29,0.004251912744601451,0.0042503588028953,0.0031078834123026144,1.5539417061513071e-06,0.06516553007281958,0.7264183208147053,1
2023-03-30,0.0035930537875293596,0.0035877434779588557,0.010620619141008092,5.310309570504046e-06,0.0648023768321931,0.7262585596491253,1
2023-03-31,0.005960763587601147,0.0059577616134849675,0.006003948232360001,3.0019741161800008e-06,0.0645257727576307,0.7319260598261914,1
2023-04-03,0.0016588894256500705,0.0016570098280560893,0.0037591951879624164,1.8795975939812083e-06,0.06408584922590663,0.7344492409943679,1
2023-04-04,0.0012515278271064926,0.0012505507310523842,0.0019541921082167485,9.770960541083743e-07,0.0640332822852655,0.7350430397947414,1
2023-04-05,-0.0005486905400670585,-0.000551938147569008,0.0064952150038991435,3.247607501949572e-06,0.06407649573620416,0.7349625133645632,1
2023-04-06,0.0011987825956046583,0.0011963844128325242,0.004796365544268058,2.398182772134029e-06,0.06365647208259133,0.737396352748193,1
2023-04-10,-0.003071820837014189,-0.0030741070355300424,0.0045723970317064905,2.286198515853245e-06,0.06330651127399149,0.7408965498065394,1
2023-04-11,0.000454181923837632,0.00044662902361111397,0.015105800453036028,7.552900226518014e-06,0.06117551554214904,0.7552056756559171,1
2023-04-12,-0.0009244106277426534,-0.0009250670151300242,0.0013127747747416346,6.563873873708173e-07,0.061095619434144634,0.7550972441712342,1
2023-04-13,0.005144565668623611,0.005142640477992004,0.0038503812632130485,1.925190631606524e-06,0.061304333041191976,0.7566649655227842,1
2023-04-14,-0.0038288247437221704,-0.003833116250546129,0.008583013647917581,4.291506823958791e-06,0.060936248983192685,0.7562629244325085,1
2023-04-17,-0.0016575922529436233,-0.0016597179459910912,0.004251386094935916,2.125693047467958e-06,0.0609025406894809,0.7573170233384037,1
2023-04-18,0.0008752305988881147,0.0008738645173426213,0.002732163090986797,1.3660815454933986e-06,0.0610406356206448,0.7575294842991438,1
2023-04-19,-0.0012115644021968906,-0.001211981690595759,0.0008345767977366025,4.1728839886830127e-07,0.06097278415027488,0.7583344294652279,1
2023-04-20,0.00014456684076314508,0.00014008102855467874,0.008971624416932694,4.485812208466347e-06,0.061968869044731284,0.7667490428883699,1
2023-04-21,-0.0011187666911791263,-0.00112181354476361,0.006093707168967538,3.046853584483769e-06,0.061973216908504054,0.769324287024691,1
2023-04-24,0.001901921532278988,0.001897012185343976,0.009818693870023792,4.909346935011896e-06,0.06280882486513154,0.7774779827431575,1
2023-04-25,-0.001719375142818871,-0.0017225572653814046,0.006364245125067086,3.182122562533543e-06,0.06299950137592476,0.7804655858201883,1
2023-04-26,-0.002504113967281282,-0.002506888286256429,0.005548637950293325,2.7743189751466627e-06,0.06231747765172737,0.7745413223558526,1
2023-04-27,0.004684427315891974,0.0046836200617986065,0.0016145081867352529,8.072540933676264e-07,0.06240148508610914,0.7728546085273043,1
2023-04-28,0.004562172211679735,0.004555559753682611,0.013224915994248077,6.6124579971240384e-06,0.062197894388355913,0.7676205973648929,1
2023-05-01,-0.004857525705116787,-0.004860516505470598,0.005981600707622506,2.9908003538112527e-06,0.06251996102857835,0.7649084910012585,1
2023-05-02,0.0023448950232006368,0.002341379365181291,0.007031316038691768,3.5156580193458837e-06,0.0623564431934907,0.763883533537675,1
2023-05-03,2.085896146361174e-05,1.2799519177506224e-05,0.01611888457221103,8.059442286105515e-06,0.06109950432687771,0.7610398841728352,1
2023-05-04,-0.0019157792860446388,-0.0019198899907567851,0.00822140942429292,4.110704712146459e-06,0.059897687378995465,0.7678387519391725,1
2023-05-05,0.00361511578149831,0.0036080703941788125,0.014090774638994927,7.045387319497463e-06,0.06070203739946019,0.780084363356389,1
2023-05-08,-0.001694889813740475,-0.0017039686435337893,0.018157659586628877,9.078829793314439e-06,0.05795994642583046,0.7827272863344286,1
2023-05-09,-0.0014171848248193688,-0.0014183119645038678,0.0022542793689980384,1.1271396844990192e-06,0.05764204177932983,0.78401859293286,1
2023-05-10,0.0040067287644109046,0.0040030459896649,0.00736554949200964,3.6827747460048203e-06,0.05777289787136152,0.7884526470909625,1
2023-05-11,0.00028214548250726063,0.0002797038686834754,0.004883227647570473,2.4416138237852367e-06,0.05807746917931197,0.7903966374852498,1
2023-05-12,-0.002410168355759315,-0.0024128065791470255,0.005276446775420968,2.638223387710484e-06,0.05731508223778429,0.7932623192965642,1
2023-05-15,0.00028445346804378087,0.0002827031269416796,0.003500682204202521,1.7503411021012605e-06,0.057504130009881756,0.7953980984592965,1
2023-05-16,-0.003588470747206534,-0.0035901954214925956,0.0034493485721236866,1.7246742860618432e-06,0.057295357050791265,0.7989070221278001,1
2023-05-17,0.0028570846159601676,0.0028556489253394814,0.002871381241372359,1.4356906206861794e-06,0.05761303798898645,0.7953128073586406,1
2023-05-18,0.0013463796929508627,0.0013421166313643386,0.008526123173048308,4.263061586524154e-06,0.05759147361857926,0.7938184157137198,1
2023-05-19,-0.00033345383374661607,-0.0003366057713623375,0.006303875231442921,3.1519376157214603e-06,0.05616217851956199,0.7979921693420828,1
2023-05-22,0.00031193643957116464,0.00031016773506479996,0.003537409012729309,1.7687045063646544e-06,0.056259337765685695,0.7984714167202471,1
2023-05-23,-0.0037252309468662273,-0.0037369691473416,0.023476400950745324,1.1738200475372661e-05,0.0534925369122714,0.8220120741094514,1
2023-05-24,-0.0042837194980794215,-0.004285370887276761,0.0033027783946786154,1.6513891973393077e-06,0.0538083983686567,0.8189759166366026,1
2023-05-25,0.0025987022869963404,0.002596757627879742,0.0038893182331962983,1.944659116598149e-06,0.054171978993551265,0.8200664034923364,1
2023-05-26,0.007179121964839817,0.007174570275889838,0.009103377899957327,4.551688949978663e-06,0.05227406680569665,0.8226023926383015,1
2023-05-30,0.0032021020230312072,0.0031962227092049624,0.01175862765248957,5.879313826244785e-06,0.05296861330241686,0.8166775142223197,1
2023-05-31,-0.0007015533674954784,-0.0007033216725546546,0.0035366101183523374,1.7683050591761688e-06,0.053153241546988535,0.8158836184559195,1
2023-06-01,0.00517285319873855,0.005171515394957424,0.002675607562251603,1.3378037811258015e-06,0.05276159208797996,0.8163208353261153,1
2023-06-02,0.0008393222282976144,0.0008364506178460911,0.005743220903046575,2.8716104515232877e-06,0.053343167701307405,0.8143017585384869,1
2023-06-05,3.039324286175304e-05,2.46436469888222e-05,0.011499191745861684,5.749595872930842e-06,0.05051631276003118,0.8227726885487425,1
2023-06-06,0.0012399488792042303,0.0012391861033207415,0.0015255517669775925,7.627758834887962e-07,0.05040811921570098,0.823078694615258,1
2023-06-07,-0.006256416810363694,-0.006262487653538953,0.012141686350519099,6.0708431752595495e-06,0.04921809754415828,0.834427198262836,1
2023-06-08,0.0061587869336172,0.006156052850425098,0.005468166384205372,2.734083192102686e-06,0.05060564082796764,0.8279217088726472,1
2023-06-09,3.1227397982226104e-05,2.5215966368864882e-05,0.012022863226722441,6.0114316133612205e-06,0.0515745967371632,0.8356783420393912,1
2023-06-12,0.003955480239890334,0.003945491762071297,0.01997695563807389,9.988477819036944e-06,0.05302454471852863,0.8556071521038038,1
2023-06-13,-5.623359981960294e-06,-1.178439148733876e-05,0.012322063010756931,6.1610315053784656e-06,0.05295465994054592,0.8592945066263251,1
2023-06-14,0.002043738212521642,0.002038273997023501,0.01092843099628217,5.4642154981410854e-06,0.0536800509616181,0.8702274405785588,1
2023-06-15,0.0067817493470843804,0.0067783144908342904,0.006869712500179315,3.4348562500896574e-06,0.053915674185439987,0.8759386121341857,1
2023-06-16,-0.0026980976741871297,-0.002702566656970518,0.008937965566776548,4.468982783388274e-06,0.05507482950024265,0.8834015938687572,1
2023-06-20,-0.0017566079238228976,-0.0017651223168670082,0.01702878608822124,8.51439304411062e-06,0.05638695764247629,0.8995773752890255,1
2023-06-21,-0.002890609363073712,-0.002892033243572265,0.0028477609971059026,1.4238804985529514e-06,0.05657968844921616,0.8987606494448765,1
2023-06-22,-0.0011540679951374153,-0.0011610389256412432,0.013941861007655626,6.970930503827813e-06,0.05760246005400699,0.9112501331447824,1
2023-06-23,-0.001314429696551125,-0.0013218585379629795,0.014857682823709126,7.4288414118545625e-06,0.058840045273365935,0.9250717011834839,1
2023-06-26,-0.0019110938660964944,-0.0019147385432167856,0.007289354240582441,3.6446771202912205e-06,0.058445467616187526,0.9237838422167395,1
2023-06-27,0.0036861111095231455,0.0036846561695074633,0.002909880031363943,1.4549400156819715e-06,0.05846744577257332,0.9235387239893196,1
2023-06-28,0.001733792264187521,0.0017255933377013468,0.016397852972348387,8.198926486174194e-06,0.057507179362056925,0.9266673946825434,1
2023-06-29,-0.002836886875161456,-0.0028397965706053133,0.005819390887714229,2.9096954438571147e-06,0.05754811458175484,0.9265590461916546,1
2023-06-30,0.007510595016823824,0.007501819666699249,0.017550700249150356,8.775350124575178e-06,0.05781992655635421,0.9405633077508946,1
2023-07-03,-0.0005564284574985404,-0.0005618506536641355,0.01084439233119018,5.4221961655950905e-06,0.058424512031811315,0.9371898719223035,1
2023-07-05,-0.0025600746018414433,-0.002569949471237959,0.019749738793031033,9.874869396515516e-06,0.05767705148528787,0.9569097262093538,1
2023-07-06,-0.006155649909267038,-0.006157146814983944,0.0029938114338110555,1.4969057169055278e-06,0.057852690128231486,0.956229287473888,1
2023-07-07,-0.0003749698805983375,-0.00038143756693797144,0.012935372679267892,6.467686339633946e-06,0.05905740075957428,0.9547686925099863,1
2023-07-10,0.0019975094102849095,0.0019929271228627276,0.00916457484436388,4.58228742218194e-06,0.05931912176538462,0.9588321322519553,1
2023-07-11,0.003982744512130318,0.003981456174756185,0.0025766747482659363,1.2883373741329681e-06,0.05938772686686853,0.9593831050514066,1
2023-07-12,0.00830813514614491,0.008304373918452955,0.007522455383910803,3.7612276919554018e-06,0.05925952260413704,0.9586365524808069,1
2023-07-13,0.0067247466972686284,0.00671825150291273,0.012990388711796641,6.495194355898321e-06,0.060668371722127315,0.9481080552927088,1
2023-07-14,-0.0029872619384021136,-0.002991616237201085,0.008708597597942944,4.3542987989714715e-06,0.0614707694505741,0.9436854751384118,1
2023-07-17,0.002421607486485358,0.002416364264314937,0.01048644434084238,5.2432221704211895e-06,0.06126738184809532,0.9528344727589211,1
2023-07-18,0.005164524933795199,0.005160054500810967,0.00894086596846394,4.47043298423197e-06,0.06070950830227084,0.9598343461861445,1
2023-07-19,0.0021433762698729627,0.002139230721071573,0.008291097602779657,4.145548801389828e-06,0.06104575593637518,0.9575765032775612,1
2023-07-20,-0.0074297217105365,-0.0074316776774698045,0.003911933866610082,1.955966933305041e-06,0.06100481040260937,0.9566019986365701,1
2023-07-21,-0.00028989247162449313,-0.0002945844923853997,0.009384041521813116,4.692020760906558e-06,0.06190330686099475,0.9468949929581978,1
2023-07-24,-0.00040952091485919,-0.0004117324300881623,0.0044230304579445795,2.2115152289722897e-06,0.06218953810803292,0.9497286346798397,1
2023-07-25,0.0017494090155429087,0.0017469821338736,0.004853763338617534,2.426881669308767e-06,0.062181174456881844,0.9515594585233709,1
2023-07-26,0.0012495188052980264,0.0012472680737172634,0.004501463161526165,2.2507315807630823e-06,0.06224247362254574,0.9526738827671386,1
2023-07-27,-0.007988454593770252,-0.007998201584621745,0.019493981702986107,9.746990851493054e-06,0.06348461908463543,0.9688115186819721,1
2023-07-28,0.007238188807772717,0.007232042707158421,0.01229220122859169,6.146100614295845e-06,0.06452099372697556,0.9562776800186186,1
2023-07-31,0.001578069614076095,0.0015699677193284547,0.016203789495280535,8.101894747640268e-06,0.06592260383299303,0.9674701925773661,1
2023-08-01,-0.005390814485436217,-0.0053940390741832435,0.006449177494053049,3.2245887470265244e-06,0.06563657744668655,0.9733901119014621,1
2023-08-02,-0.008649076289200607,-0.00865525091113805,0.01234924387488845,6.174621937444224e-06,0.06593274430258558,0.9780205555924761,1
2023-08-03,-0.004756474104658676,-0.004768637596163548,0.024326983009745284,1.2163491504872641e-05,0.06862176622398337,0.9850993790469651,1
2023-08-04,0.0026865223455887124,0.0026820155603468265,0.009013570483771355,4.506785241885677e-06,0.06904233758254344,0.9821811572830776,1
2023-08-07,0.0017528966428989037,0.0017462667549286211,0.013259775940565308,6.629887970282654e-06,0.06858161452193161,0.9788521032932476,1
2023-08-08,-0.0009890849043979973,-0.0009987534544533888,0.019337100110782754,9.668550055391376e-06,0.06967645641382822,0.9982326872266025,1
2023-08-09,-0.0030323055451720498,-0.003033779550693042,0.0029480110419840555,1.4740055209920277e-06,0.06925953764153457,0.9953962492068513,1
2023-08-10,-0.002236652540386851,-0.0022387394855702585,0.00417389036681437,2.0869451834071852e-06,0.06929445265426447,0.9944012794805144,1
2023-08-11,-0.0016586106439095923,-0.0016602636234334192,0.0033059590476536838,1.6529795238268418e-06,0.06896516267034758,0.996355116892526,1
2023-08-14,0.0017755765823303962,0.0017738945135247887,0.0033641376112149846,1.6820688056074922e-06,0.06928705800627107,0.9993369902288203,1
2023-08-15,-0.005753227965454632,-0.005756603033843026,0.00675013677678897,3.375068388394485e-06,0.06903799015910247,1.0000928071064477,1
2023-08-16,-0.0054817303835025056,-0.005486825090785134,0.010189414565255739,5.09470728262787e-06,0.06934021698495302,0.991603662068959,1
2023-08-17,-0.004334206797013539,-0.004338158544754786,0.007903495482496137,3.951747741248068e-06,0.06960405573200035,0.9955873998353912,1
2023-08-18,0.0006586726122968221,0.0006557559435229931,0.005833337547657982,2.9166687738289912e-06,0.06991970288496739,0.9962736780406254,1
2023-08-21,0.001810415456293978,0.0018049055678954987,0.011019776796958466,5.5098883984792335e-06,0.07083618794579347,1.0069028521430008,1
2023-08-22,0.00047320095801715623,0.00046795858909051425,0.010484737853283937,5.242368926641969e-06,0.07062203769610535,1.0055003084526604,1
2023-08-23,0.011113691556417895,0.011111581447395762,0.004220218044265589,2.1101090221327947e-06,0.07055876682587298,1.0053780181248246,1
2023-08-24,-0.00773322641698959,-0.0077428266083164245,0.019200382653668968,9.600191326834483e-06,0.07223314330918083,0.9938205823449411,1
2023-08-25,0.003296260904364204,0.0032906889400990177,0.011143928530372063,5.571964265186032e-06,0.07212823525605225,0.9864865494079882,1
2023-08-28,0.003673376540556544,0.0036688495217210293,0.009054037671028983,4.527018835514492e-06,0.0730014309261564,0.993023126855604,1
2023-08-29,0.01046157065092951,0.010455175441831334,0.012790418196351266,6.395209098175633e-06,0.07267589500817312,1.0058435590516415,1
2023-08-30,0.0018108820238910777,0.0018017445304152762,0.018274986951602845,9.137493475801423e-06,0.07366134201070397,0.9907733707765074,1
2023-08-31,0.0004381436122971546,0.0004359181428061364,0.004450938982036384,2.2254694910181922e-06,0.07400123707462124,0.9943806607776,1
2023-09-01,-0.001438776752872328,-0.0014434626315293073,0.00937175731395877,4.685878656979385e-06,0.07355709822433368,1.0023669889133053,1
2023-09-05,-0.005333100683349126,-0.0053415272781752975,0.016853189652343947,8.426594826171974e-06,0.0748712169155569,1.0188675331911865,1
2023-09-06,-0.0037312535868783,-0.0037350332062192665,0.00755923868193302,3.77961934096651e-06,0.07514794849810039,1.0114180890176538,1
2023-09-07,-0.00017581775136124675,-0.00017783844841587923,0.004041394109264976,2.020697054632488e-06,0.0751300918053201,1.0074232955242097,1
2023-09-08,0.0009214610937477537,0.0009152255105212864,0.012471166452934737,6.235583226467368e-06,0.07442973976888818,1.0190839290241462,1
2023-09-11,0.0027739756898687656,0.002766351354412395,0.015248670912740736,7.624335456370368e-06,0.07386119813589771,1.0343213796904849,1
2023-09-12,-0.003196927132801214,-0.0032000324130953862,0.006210560588344238,3.1052802941721192e-06,0.07372182633671494,1.031172523159658,1
2023-09-13,0.0009379516764124339,0.0009342503923355993,0.0074025681536692145,3.7012840768346073e-06,0.07366089489763221,1.0322564683562112,1
2023-09-14,0.0024148830787010626,0.0024117859780514142,0.006194201299297153,3.0971006496485766e-06,0.07409506670647675,1.0369866427911523,1
2023-09-15,-0.005382326534686667,-0.005386396356447292,0.008139643521248838,4.069821760624419e-06,0.07386505095234884,1.0342682651061799,1
2023-09-18,0.0021422771459864475,0.0021394652078870115,0.0056238761988719466,2.8119380994359733e-06,0.07268002529655698,1.0341270048926177,1
2023-09-19,-0.002551343133030985,-0.0025544204166040047,0.006154567146040041,3.0772835730200202e-06,0.07256295695132457,1.033470323915969,1
2023-09-20,-0.003716510372732682,-0.0037202603323945984,0.007499919323832913,3.7499596619164564e-06,0.07297682085916485,1.039901085023066,1
2023-09-21,-0.011970089515745996,-0.011972556316788223,0.00493360208445541,2.466801042227705e-06,0.0728133590181761,1.0375460144938513,1
2023-09-22,0.0015858555849645839,0.0015744626050735418,0.02278595978208399,1.1392979891041994e-05,0.07460096679476061,1.0183796480631513,1
2023-09-25,-0.0028086543175646554,-0.0028111236172832415,0.004938599437172481,2.4692997185862402e-06,0.0750168266910816,1.0216501204547914,1
2023-09-26,-0.00777750284706769,-0.007780567581789114,0.006129469442848701,3.0647347214243505e-06,0.07466826863089214,1.016719720434542,1
2023-09-27,-0.002817697689093048,-0.0028222801731718,0.009164968157504838,4.582484078752419e-06,0.07531750221405634,1.010984100817955,1
2023-09-28,0.002993163388550587,0.0029881439215245593,0.010038934052055803,5.019467026027902e-06,0.07508617360919041,1.0070288568767647,1
2023-09-29,-0.0024081685826993714,-0.002411741043667745,0.007144921936747456,3.572460968373728e-06,0.07519646455603689,1.0054853044670287,1
2023-10-02,-0.0041102051344932755,-0.004116234218897796,0.012058168809040912,6.029084404520456e-06,0.07437788144202447,1.0152615848503066,1
2023-10-03,-0.010232754591512055,-0.010237429390319063,0.009349597614015853,4.674798807007927e-06,0.07400811365260566,1.0059811211498715,1
2023-10-04,0.006239299565645337,0.006229759614264889,0.019079902760897105,9.539951380448553e-06,0.07462369432303985,0.9869678061810478,1
2023-10-05,-0.0009987946708638644,-0.0010032198237380735,0.00885030574841808,4.4251528742090405e-06,0.0748035004585413,0.9859737778576525,1
2023-10-06,0.004151548797459746,0.004149312761182661,0.004472072554170842,2.2360362770854208e-06,0.07501067721325247,0.9890255644599781,1
2023-10-09,0.009635855889075312,0.009627445193328431,0.016821391493762744,8.410695746881373e-06,0.07448662956819056,0.9810629125603301,1
2023-10-10,0.001223218764809489,0.0012107840153283511,0.024869498962276068,1.2434749481138033e-05,0.07503605526145894,0.9614353666895834,1
2023-10-11,0.005294134031014012,0.005286286273686579,0.015695514654867473,7.847757327433737e-06,0.07416217501588625,0.9771899380306097,1
2023-10-12,-0.006456030449326486,-0.006464250723847204,0.016440549041435354,8.220274520717677e-06,0.07381777492252316,0.9792144200859765,1
2023-10-13,0.004386661956040797,0.004383142609046181,0.007038693989231182,3.519346994615591e-06,0.0740545420081123,0.9758029857300881,1
2023-10-16,0.0011949489692981198,0.001173896928290982,0.04210408201427546,2.105204100713773e-05,0.07197499143381443,0.9448818409429074,1
2023-10-17,-0.002544491486417058,-0.0025502991795027167,0.011615386171317285,5.807693085658642e-06,0.0709886577420069,0.9446393433006519,1
2023-10-18,-0.004336125297640456,-0.004338073630295958,0.0038966653110038135,1.948332655501907e-06,0.07094265305021685,0.9439420397078835,1
2023-10-19,-0.003988812731033019,-0.003996258770471118,0.014892078876198325,7.446039438099163e-06,0.06986146335311871,0.939058290248802,1
2023-10-20,-0.0028709220617792034,-0.002874424234260449,0.00700434496249161,3.502172481245805e-06,0.06949159295920229,0.9318169052101846,1
2023-10-23,0.0016128121400362497,0.0016101285218472906,0.005367236377918291,2.6836181889591457e-06,0.06901264175183053,0.9262566289863055,1
2023-10-24,0.004906484664182974,0.004903001135778903,0.0069670568081440926,3.4835284040720464e-06,0.06885176962282763,0.9244484760743412,1
2023-10-25,-0.008790215096405016,-0.008794983509881308,0.009536826952584482,4.768413476292241e-06,0.06910390142492426,0.9194531491076381,1
2023-10-26,-0.0019520856282976573,-0.0019587496686170056,0.013328080638696324,6.664040319348162e-06,0.06899051262385048,0.9173552799745637,1
2023-10-27,0.0006661804808201386,0.000660818825010401,0.010723311619475345,5.3616558097376725e-06,0.06741617959446695,0.9201309328473153,1
2023-10-30,0.0025582131519568353,0.0025544708512747027,0.007484601364265278,3.742300682132639e-06,0.06721245810536107,0.9181732993138612,1
2023-10-31,0.0009649697498146166,0.000956792250783479,0.01635499806227525,8.177499031137626e-06,0.06663031765560312,0.9165087511184344,1
2023-11-01,0.00806648212153162,0.008063073262539255,0.006817717984729882,3.4088589923649407e-06,0.06595292084386635,0.9234144462063232,1
2023-11-02,0.010507803100322635,0.010497821393132961,0.01996341437934665,9.981707189673325e-06,0.06659395648156835,0.9088150833650306,1
2023-11-03,0.006270668788989817,0.006257176380021415,0.026984817936804253,1.3492408968402125e-05,0.06789998761412995,0.8888328662935263,1
2023-11-06,-0.002056003739208163,-0.002060798955460194,0.009590432504061996,4.795216252030998e-06,0.06855945818725055,0.8819089206098658,1
2023-11-07,0.002721212981558265,0.0027196449756381655,0.0031360118401990017,1.568005920099501e-06,0.06871990943578425,0.8816745607809808,1
2023-11-08,0.0006299415989373522,0.0006273121559923579,0.005258885889988546,2.629442944994273e-06,0.06870979099938491,0.8816644232010487,1
2023-11-09,-0.005332208326837775,-0.005333706902829665,0.0029971519837795058,1.4985759918897528e-06,0.06849422067266757,0.8791382497639344,1
2023-11-10,0.005409729794187146,0.005406799500664321,0.0058605870456496095,2.930293522824805e-06,0.06859612050397125,0.8728840202264474,1
2023-11-13,-9.806470105876321e-05,-0.00010498540857881875,0.01384141504011109,6.920707520055546e-06,0.06825322503501047,0.8617817250397481,1
2023-11-14,0.011608605500088897,0.01160547543175091,0.006260136675974845,3.1300683379874224e-06,0.06808037803282761,0.8657223950266772,1
2023-11-15,-0.002000359283617627,-0.0020107293574928276,0.020740147750401505,1.0370073875200752e-05,0.06944389858847848,0.8495530943821001,1
2023-11-16,0.0034283153608659364,0.003427190361498272,0.002249998735328884,1.124999367664442e-06,0.06937185800911318,0.8513903244241092,1
2023-11-17,0.0008443338063593464,0.0008414834203964709,0.005700771925751177,2.8503859628755885e-06,0.06946911879543233,0.8487982301884129,1
2023-11-20,0.0033224398440584056,0.0033207612715267297,0.0033571450633519823,1.678572531675991e-06,0.06981775415495364,0.8515427309309223,1
2023-11-21,0.0005542205877834544,0.0005517043643650948,0.0050324468367191205,2.51622341835956e-06,0.06985865248309052,0.8499202521932305,1
2023-11-22,0.0012612542405599908,0.0012552231026652498,0.012062275789481963,6.031137894740981e-06,0.06877612161591702,0.8590931407632796,1
2023-11-24,-0.0008458743700853555,-0.0008507157192655215,0.009682698360332032,4.841349180166016e-06,0.06851829778824359,0.868703576759756,1
2023-11-27,0.0024434898581836917,0.0024418136386005103,0.0033524391663630054,1.6762195831815028e-06,0.06848294195927578,0.8698582753643902,1
2023-11-28,0.0033154249486626155,0.0033119953796000284,0.006859138125174247,3.4295690625871234e-06,0.06830095150195337,0.8696113116513646,1
2023-11-29,0.0023084705506813187,0.002301840556801696,0.013259987759244488,6.6299938796222435e-06,0.06748879394301972,0.878391610420046,1
2023-11-30,-0.0015175068413342612,-0.0015202553410485428,0.005496999428563354,2.748499714281677e-06,0.06740905652416683,0.8766162394036772,1
2023-12-01,0.007133505052786437,0.007132334277244153,0.0023415510845687104,1.1707755422843552e-06,0.06738209263005819,0.8753809730023563,1
2023-12-04,-0.005680516075158239,-0.005686711405183906,0.01239066005133331,6.195330025666655e-06,0.06817040652432185,0.8665286115568651,1
2023-12-05,0.0022461703225072015,0.002242248972729231,0.007842699555940968,3.921349777970484e-06,0.06854393152548557,0.8629138335233077,1
2023-12-06,0.00012298875267323573,0.00011913470371044135,0.007708097925588769,3.854048962794385e-06,0.06823391065221929,0.8636272376389929,1
2023-12-07,0.0032314349807814518,0.003229233511447793,0.004402938667317072,2.201469333658536e-06,0.06815032619490753,0.863357790176219,1
2023-12-08,-0.001587494598798268,-0.0015907257891035862,0.006462380610636531,3.2311903053182654e-06,0.06801554150316172,0.8604687419021813,1
2023-12-11,0.00034733696741708,0.0003459451529612496,0.0027836289116608542,1.391814455830427e-06,0.06806772442991507,0.8592348609451783,1
2023-12-12,0.0024180651230693295,0.00241754228623408,0.0010456736704994446,5.228368352497222e-07,0.06790896993613005,0.8597166374620999,1
2023-12-13,0.012008469406234177,0.012007033310459757,0.0028721915488388455,1.4360957744194228e-06,0.06793228266225489,0.8591524777581017,1
2023-12-14,0.004382638954607579,0.004369637780487594,0.02600234823997069,1.3001174119985345e-05,0.06994754373237319,0.837580330158624,1
2023-12-15,-0.0010853104127132361,-0.0010916554935530103,0.01269016167954816,6.34508083977408e-06,0.0699450834264942,0.8428862514438245,1
2023-12-18,0.001701889965027849,0.0017011770735533987,0.0014257829489005835,7.128914744502918e-07,0.06994133966817545,0.84152802438344,1
2023-12-19,0.003440533539936247,0.003438465150200228,0.004136779472038055,2.0683897360190273e-06,0.06974595356346748,0.8417501552480704,1
2023-12-20,-0.004276255288139725,-0.004278935035178692,0.005359494077932861,2.6797470389664304e-06,0.06991109065430677,0.8458585019978351,1
2023-12-21,0.004332746329660816,0.004326475718635972,0.012541222049688314,6.270611024844157e-06,0.06858114198748781,0.8554804805005312,1
2023-12-22,0.0005420824145648129,0.000538640475651074,0.0068838778274776385,3.4419389137388195e-06,0.0685843065671157,0.8523033269192513,1
2023-12-26,0.0028145924391256277,0.0028127752645380096,0.003634349175236168,1.817174587618084e-06,0.0688240380316401,0.8553940856914575,1
2023-12-27,0.0035566188208581468,0.003550694494899721,0.01184865191685111,5.924325958425555e-06,0.06837438758509601,0.8675310207742,1
2023-12-28,-0.001723114445374637,-0.001725627414475737,0.005025938202199959,2.5129691010999795e-06,0.0682284744091758,0.8685421717417698,1
2023-12-29,-0.0025796042175370683,-0.002580165406204886,0.0011223773356354438,5.611886678177219e-07,0.06840420366782514,0.8684090641486526,1
2024-01-02,-0.00480574407742493,-0.004807257347454504,0.003026540059147667,1.5132700295738335e-06,0.0684569806346926,0.867809270523062,1
2024-01-03,-0.003829517507154407,-0.0038333017057044193,0.007568397100023827,3.7841985500119137e-06,0.06887033992938543,0.8673630155281695,1
2024-01-04,-0.0033504366055889237,-0.003358913051821114,0.016952892464380545,8.476446232190272e-06,0.06798439809832198,0.8813809197257532,1
2024-01-05,-0.00038178266903556794,-0.00038344008365641055,0.003314829241685191,1.6574146208425954e-06,0.06800137078441602,0.8812379993285713,1
2024-01-08,0.006724144188043419,0.00672362737575689,0.0010336245730582505,5.168122865291252e-07,0.06795044573619347,0.8813273594529047,1
2024-01-09,-0.00036247247294473017,-0.0003672671250197505,0.009589304150040681,4.7946520750203406e-06,0.06825174986386658,0.8768967139353518,1
2024-01-10,0.0016081119082059707,0.001603973460570068,0.008276895271805307,4.1384476359026535e-06,0.06757283542532064,0.8845294000468913,1
2024-01-11,0.0018567114126920694,0.0018552497840903534,0.0029232572034317283,1.4616286017158642e-06,0.06753602926657469,0.8842060138326784,1
2024-01-12,0.0016422304766984504,0.0016407584734276892,0.0029440065415225203,1.4720032707612601e-06,0.06749262073567547,0.8864525049980905,1
2024-01-16,-0.004843862520461005,-0.004849452436295573,0.011179831669137066,5.589915834568533e-06,0.06699444264755876,0.8947153149378855,1
2024-01-17,-0.004377793877399748,-0.004386723445102449,0.017859135405401877,8.929567702700938e-06,0.0684856908978927,0.9045608129541876,1
2024-01-18,0.004134877519569716,0.004131833078651596,0.006088881836239249,3.0444409181196244e-06,0.06955154745166743,0.9043369456223147,1
2024-01-19,0.0059475777616194245,0.005941951117136985,0.011253288964878747,5.626644482439374e-06,0.06924047177446752,0.9027355052104125,1
2024-01-22,0.0009962133771970515,0.0009897670660648295,0.012892622264443904,6.446311132221952e-06,0.06959008405185493,0.9109640802448469,1
2024-01-23,0.0006009376041846128,0.0005951412523370507,0.011592703695124287,5.796351847562144e-06,0.06990453901364894,0.9226512615613358,1
2024-01-24,-0.0008086290664856511,-0.0008141580851071612,0.011058037243020055,5.529018621510028e-06,0.0703842792611848,0.9324729085810857,1
2024-01-25,0.004056604266571234,0.00405552288595232,0.0021627612378285616,1.0813806189142807e-06,0.07056421397112313,0.9324919409346986,1
2024-01-26,-0.0016055973726252638,-0.0016078370856625827,0.004479426074637846,2.2397130373189232e-06,0.07047312059523851,0.9324505882118126,1
2024-01-29,0.005974082514883992,0.005960664026777183,0.026836976213617164,1.3418488106808582e-05,0.06985520666225346,0.9587806790742726,1
2024-01-30,-0.00032756936252165874,-0.00033619624964795235,0.017253774252587187,8.626887126293593e-06,0.07140625645981495,0.9746691569358419,1
2024-01-31,-0.005983374154604429,-0.005986344153520911,0.005939997832964006,2.969998916482003e-06,0.07159535140825267,0.9769091761974347,1
2024-02-01,0.009328369189966445,0.009318445062045369,0.01984825584215376,9.924127921076879e-06,0.07116974356859851,0.9569248461490985,1
2024-02-02,-6.671601292562051e-05,-7.287752941573685e-05,0.01232303298023267,6.161516490116335e-06,0.07199768274837656,0.9481130095619565,1
2024-02-05,-0.004949886671627799,-0.004954502173379293,0.00923100350298825,4.6155017514941245e-06,0.07052035630886168,0.9478135217116463,1
2024-02-06,0.0029679008633625307,0.0029578194624133003,0.02016280189846055,1.0081400949230276e-05,0.07020296167365432,0.9658399748794171,1
2024-02-07,0.003158384331124172,0.0031527802722277325,0.011208117792879335,5.604058896439668e-06,0.06986473256030516,0.9742461950200545,1
2024-02-08,-0.0004967032999175652,-0.0005020374749389048,0.010668350042679131,5.334175021339566e-06,0.06967447442618557,0.975160302263697,1
2024-02-09,0.0023906470923897925,0.0023893254893838406,0.002643206011903959,1.3216030059519795e-06,0.0698265198818186,0.9767568176368453,1
2024-02-12,-0.001187839107997895,-0.0011918656008841123,0.008052985772434615,4.026492886217307e-06,0.07002328518630901,0.9785045050003807,1
2024-02-13,-0.011239760896574181,-0.011246691979623144,0.013862166097925344,6.9310830489626715e-06,0.06961349588673252,0.9918188152447192,1
2024-02-14,0.00520668108167021,0.005199219399054968,0.014923365230485264,7.461682615242632e-06,0.07220001222979663,0.9806514995270266,1
2024-02-15,0.00423715460804208,0.004233840315441837,0.0066285852004865226,3.314292600243261e-06,0.07235009101240679,0.9778159280545751,1
2024-02-16,-0.003599682106768382,-0.003615038492369868,0.030712771202972097,1.535638560148605e-05,0.07048548760322484,1.0086255274133609,1
2024-02-20,-0.0011999448630811598,-0.0012031480331908416,0.0064063402193635655,3.2031701096817827e-06,0.07054795017636983,1.0057456833002971,1
2024-02-21,-0.0016747859951047519,-0.0016770189407942651,0.0044658913790264765,2.2329456895132383e-06,0.07031154593288488,1.0041027280422892,1
2024-02-22,0.010854101943878522,0.010853197763910418,0.0018083599362095082,9.041799681047541e-07,0.07039773198327717,1.002846402852704,1
2024-02-23,0.00223416655563305,0.002217087134544855,0.0341588421763904,1.70794210881952e-05,0.0703655197824386,0.9772649940859277,1
2024-02-26,-0.0022357025513598605,-0.0022389023617815614,0.0063996208434019125,3.1998104217009565e-06,0.07048360679989943,0.978472244321132,1
2024-02-27,2.331530200641192e-05,2.195261086114853e-05,0.0027253822905267816,1.3626911452633909e-06,0.07061106960009526,0.9762833061228819,1
2024-02-28,0.00010109935382137043,9.97393343155462e-05,0.0027200390116484674,1.3600195058242336e-06,0.07066160768150932,0.9778900938581223,1
2024-02-29,0.003928298336973477,0.003927053911965783,0.0024888500153876086,1.2444250076938043e-06,0.07078547855304262,0.9800302875080609,1
2024-03-01,0.008437244340437008,0.008433881964878823,0.006724751116368513,3.3623755581842566e-06,0.07101901548873281,0.9829311107826997,1
2024-03-04,0.0005263841130852614,0.0005177755361113013,0.017217153947920102,8.608576973960052e-06,0.0717242088050375,0.9748911882847964,1
2024-03-05,-0.002276930828422798,-0.0022812473583414417,0.00863305983728721,4.316529918643605e-06,0.07131295718708984,0.9726047809126022,1
2024-03-06,0.004165460432439039,0.004157807688781545,0.015305487314986738,7.652743657493369e-06,0.06990100036396364,0.9741880434889045,1
2024-03-07,0.0053321454189609995,0.00532630469961258,0.011681438696839533,5.840719348419767e-06,0.06958131907552445,0.9854753078613625,1
2024-03-08,-0.0022007543039234516,-0.0022072724597969667,0.013036311747029919,6.51815587351496e-06,0.06997916113833899,0.9855541146683287,1
2024-03-11,-0.0006880041286605283,-0.0006909338818670795,0.0058595064131023444,2.929753206551172e-06,0.07000079888181256,0.9830328762015343,1
2024-03-12,0.001731047926737332,0.0017294238808877103,0.0032480916992433384,1.6240458496216693e-06,0.07017852611044252,0.9855975330581856,1
2024-03-13,-0.001060159735243548,-0.0010668647566382183,0.013410042789340382,6.705021394670191e-06,0.06961256678360696,0.9832974737018145,1
2024-03-14,-0.004291181968256887,-0.0042924138939734,0.002463851433025105,1.2319257165125525e-06,0.06979573679894639,0.9849939428329151,1
2024-03-15,-0.0037308249881260296,-0.003733627996698386,0.005606017144712816,2.803008572356408e-06,0.07008113596382422,0.9793244730406148,1
2024-03-18,0.0028635245430618213,0.002839243429509011,0.04856222710562111,2.4281113552810553e-05,0.06782278264553321,1.0265591660795161,1
2024-03-19,0.00276478154884363,0.0027575764749890874,0.014410147709084664,7.205073854542332e-06,0.06770118441404951,1.0353011150909386,1
2024-03-20,0.00625535188425478,0.006252809559283781,0.005084649941996283,2.5423249709981414e-06,0.06784363825996839,1.0377839671439195,1
2024-03-21,0.0013798058796862683,0.0013746346095740451,0.010342540224446278,5.171270112223139e-06,0.06833027045710122,1.0323676641190105,1
2024-03-22,-0.00013887386158219466,-0.00014062895340131236,0.003510183638235409,1.7550918191177046e-06,0.06811571260430162,1.035053693157466,1
2024-03-25,-0.0017597333047228352,-0.001766789654736249,0.014112700026827962,7.056350013413981e-06,0.06834247623400617,1.0445476684132928,1
2024-03-26,-0.0001687673539608331,-0.00017085125097958086,0.004167794037495537,2.0838970187477684e-06,0.06831436653163633,1.0482894081766065,1
2024-03-27,0.006128724230941215,0.0061281238146008695,0.0012008326806921543,6.004163403460772e-07,0.06827614178101978,1.0478177033170977,1
2024-03-28,0.0009127736954353774,0.000909322621032647,0.006902148805460806,3.451074402730403e-06,0.06861043168112003,1.0437126565100645,1
2024-04-01,-0.002631246535019135,-0.0026378052463423315,0.013117422646392568,6.558711323196284e-06,0.06833060088344996,1.0464986974580455,1
2024-04-02,-0.0015162014051664262,-0.001519327670123904,0.006252529914955812,3.126264957477906e-06,0.0678874771965325,1.0403757225032695,1
2024-04-03,0.002008479125742252,0.0020036810644274436,0.009596122629617093,4.798061314808546e-06,0.06717932415173422,1.0354400888767328,1
2024-04-04,-0.00454798829035827,-0.004552347412957389,0.008718245198238272,4.359122599119136e-06,0.06667444062228473,1.0406882239934672,1
2024-04-05,0.003773590795562223,0.003769895943421151,0.007389704282143833,3.6948521410719164e-06,0.06622254218862943,1.0359085033233952,1
2024-04-08,0.0012414520062985544,0.001232900846944188,0.017102318708732633,8.551159354366316e-06,0.06518787198132371,1.0286955334203385,1
2024-04-09,0.0034076483106517067,0.0034060745941904822,0.003147432922448734,1.5737164612243671e-06,0.06517631089436456,1.0295131133652449,1
2024-04-10,-0.010448523632209909,-0.010455454059889192,0.013860855358567375,6.930427679283688e-06,0.06512117436438725,1.041936398404449,1
2024-04-11,0.005797579131182997,0.0057888879430547545,0.017382376256485782,8.691188128242892e-06,0.067516680673799,1.025004122667906,1
2024-04-12,-0.00609838595201216,-0.006106092131555899,0.015412359087477817,7.70617954373891e-06,0.06762510231950071,1.0173920504858163,1
2024-04-15,-0.005907216543304805,-0.005914616219083168,0.014799351556726736,7.399675778363368e-06,0.06748230300863486,1.0036647994856625,1
2024-04-16,-0.0018924148824035268,-0.0019023805082540512,0.01993125170104891,9.965625850524456e-06,0.06701244654568453,0.9837627963368307,1
2024-04-17,-0.001707127025981888,-0.0017127322177327964,0.011210383501816926,5.605191750908463e-06,0.06658692237116597,0.9939489455561048,1
2024-04-18,-0.0013481514885550431,-0.0013518151326573297,0.007327288204573262,3.6636441022866313e-06,0.0657227033775084,0.9930025014734929,1
2024-04-19,-0.0031358373266162226,-0.0031386786043346975,0.005682555436949829,2.8412777184749145e-06,0.06590743167732084,0.9973174599450487,1
2024-04-22,0.0011850227291561302,0.0011810148541565567,0.00801574999914717,4.007874999573585e-06,0.06537850744980511,0.9984877192824155,1
2024-04-23,0.005105324029852746,0.005096564272052825,0.01751951559984115,8.759757799920574e-06,0.06439572942933804,0.9831826191874176,1
2024-04-24,-0.0013853171833187897,-0.0013917676739306874,0.012900981223795363,6.4504906118976815e-06,0.06444214267971796,0.9759226828051468,1
2024-04-25,-0.0022297370619070167,-0.00223138962130827,0.003305118802506779,1.6525594012533896e-06,0.06450962641223194,0.9762755710428619,1
2024-04-26,0.005616829630274514,0.005612758082016146,0.008143096516735282,4.071548258367641e-06,0.06436938690013157,0.9816351928429878,1
2024-04-29,0.0028437429520096554,0.0028396269732044728,0.00823195761036527,4.115978805182635e-06,0.06465665617131194,0.9773772568680861,1
2024-04-30,-0.010707042430403659,-0.010708529705842337,0.0029745508773586504,1.4872754386793253e-06,0.06418487145009094,0.9803553943568297,1
2024-05-01,0.0019164151124394517,0.0019049669712469153,0.02289628238507295,1.1448141192536474e-05,0.06606509236388328,0.9578181401127004,1
2024-05-02,0.005222003240966186,0.005213370120920169,0.01726624009203398,8.63312004601699e-06,0.06655360026381874,0.9656516946572329,1
2024-05-03,0.007525684676696107,0.007519805179033937,0.011758995324338412,5.879497662169205e-06,0.06539149638411364,0.9737212665548929,1
2024-05-06,0.0053984371818562756,0.00539119343317538,0.014487497361791737,7.243748680895869e-06,0.06718272219981834,0.9789112829330051,1
2024-05-07,0.0007629763037278837,0.0007540968568799535,0.017758893695860534,8.879446847930266e-06,0.06703824057135187,0.9858408289091156,1
2024-05-08,-0.0018375676316680196,-0.0018389036821531233,0.002672100970207633,1.3360504851038167e-06,0.0669213977553907,0.9885324719759534,1
2024-05-09,0.004168183696973927,0.004166488568072071,0.003390257803713631,1.6951289018568155e-06,0.06718411290712159,0.9898842512298214,1
2024-05-10,3.726772060276529e-05,3.4206410224694245e-05,0.006122620756142089,3.0613103780710444e-06,0.06737803438132704,0.9872474944795375,1
2024-05-13,-0.00048072144299217797,-0.00048207268330657024,0.0027024806287845177,1.3512403143922588e-06,0.06746252879348101,0.9883787113832452,1
2024-05-14,0.004009327184067108,0.004008129775113988,0.002394817906241159,1.1974089531205795e-06,0.06737479261770567,0.9875441717899767,1
2024-05-15,0.00971524494201866,0.009705067280133317,0.020355323770688327,1.0177661885344164e-05,0.0651124040271552,1.0079504134599921,1
2024-05-16,-0.001865119035258346,-0.0018711911323481222,0.0121441941795523,6.0720970897761505e-06,0.0663425473850023,1.0003838966330865,1
2024-05-17,0.0008094478018663104,0.000808599663154051,0.0016962774245186663,8.481387122593331e-07,0.06625263433823918,1.0014157003822026,1
2024-05-20,0.001089516178061366,0.001086038116875785,0.006956122371162082,3.4780611855810412e-06,0.06582042291360583,1.0012371109458822,1
2024-05-21,0.001389239938427468,0.0013877966561253315,0.0028865646042725984,1.4432823021362992e-06,0.06593905332531007,1.0029195427869815,1
2024-05-22,-0.0029462317192236282,-0.0029469091078577264,0.001354777268195953,6.773886340979765e-07,0.06577754091296312,1.0034814827159981,1
2024-05-23,-0.006091012766775745,-0.006103423118293096,0.024820703034701727,1.2410351517350863e-05,0.06570279372713152,1.0216316225324487,1
2024-05-24,0.004090449450678379,0.004085382474198948,0.01013395295886238,5.06697647943119e-06,0.06657149324820434,1.018033164434073,1
2024-05-28,-0.001684865188993421,-0.0016869190241209954,0.004107670255148868,2.0538351275744342e-06,0.06655178300083774,1.0166909512610387,1
2024-05-29,-0.00601080244497508,-0.0060131801046566635,0.0047553193631665325,2.3776596815832663e-06,0.06641920065383843,1.0129010464478887,1
2024-05-30,-0.0001259786592749815,-0.00012865473316823122,0.005352147786499423,2.6760738932497114e-06,0.06724240051832736,1.0076293363230473,1
2024-05-31,0.00330311455424032,0.0033008631912914616,0.004502725897717136,2.251362948858568e-06,0.06653526103007873,1.0044166883295131,1
2024-06-03,0.00513937656054613,0.005135481087733179,0.007790945625901435,3.895472812950718e-06,0.06540487449145262,1.0084536941720024,1
2024-06-04,0.0016171993223749238,0.0016122936930144582,0.00981125872093111,4.905629360465555e-06,0.06581075258541112,1.0044571362404724,1
2024-06-05,0.008536882571655519,0.008532202039735532,0.0093610638399753,4.68053191998765e-06,0.06666166258755103,1.013237095767648,1
2024-06-06,0.00011741513982504645,0.00011082858039769691,0.013173118854699087,6.5865594273495435e-06,0.06719955900320417,1.0037128861258695,1
2024-06-07,-0.007664329740643553,-0.00766768706872351,0.006714656159914054,3.357328079957027e-06,0.06712715599355631,1.0086276933686285,1
2024-06-10,0.0012652526228633548,0.0012575479050321754,0.015409435662358875,7.704717831179437e-06,0.06808095524679451,0.9972805496926649,1
2024-06-11,0.0037326232296237723,0.0037313112483949445,0.002623962457655421,1.3119812288277104e-06,0.06799096721907898,0.9962426780485301,1
2024-06-12,0.0061106549507905054,0.006106003143842646,0.009303613895719681,4.651806947859841e-06,0.06881275626691015,1.0018417734985137,1
2024-06-13,0.0029348146154707442,0.0029305827546136733,0.00846372171414142,4.23186085707071e-06,0.06919810643994928,0.9962456990452035,1
2024-06-14,0.002460592975872823,0.0024568242443737277,0.007537462998190483,3.7687314990952417e-06,0.06879330399907511,1.0004825360526939,1
2024-06-17,0.0015932972685924146,0.0015882919502230024,0.010010636738824505,5.005318369412253e-06,0.06855947453093358,1.0008837248390077,1
2024-06-18,0.003186741628481852,0.0031834820167849333,0.006519223393837259,3.2596116969186294e-06,0.0681481432371325,0.9981710746978925,1
2024-06-20,-0.001775270189545562,-0.0017775815962590325,0.004622813426941125,2.3114067134705625e-06,0.06820282408480847,0.998780544371402,1
2024-06-21,-0.0017127519046483389,-0.0017160712815614456,0.006638753826213387,3.3193769131066935e-06,0.067852145965453,1.0021799264054247,1
2024-06-24,-0.001607668966796511,-0.001608525863517612,0.001713793442202266,8.568967211011331e-07,0.06786852371908854,1.0006402358277713,1
2024-06-25,0.002565354639822456,0.002564624260827203,0.0014607579905061147,7.303789952530573e-07,0.06784371613251958,0.9997078378627802,1
2024-06-26,-0.0028992935065222055,-0.002901503581260979,0.004420149477547181,2.2100747387735904e-06,0.06768941593964321,0.9992896145717745,1
2024-06-27,0.0026141978832995255,0.0026123915395731027,0.0036126874528452785,1.8063437264226391e-06,0.0677465890084314,0.9956770764410627,1
2024-06-28,-0.004743977982172989,-0.004747179863168931,0.006403761991884624,3.201880995942312e-06,0.0674060230106894,0.9998961717307313,1
2024-07-01,-0.0010826520576472255,-0.0010856562319406474,0.006008348586843737,3.0041742934218684e-06,0.06770058594169427,0.9946308911476265,1
2024-07-02,0.004803819163669524,0.004801317337673395,0.005003651992259439,2.5018259961297195e-06,0.06748543772566666,0.995700891385181,1
2024-07-03,0.005964111048686544,0.005961884855358435,0.004452386656217153,2.2261933281085764e-06,0.06794021982910987,0.9974436559776847,1
2024-07-05,0.006016422741548671,0.0060132577045494085,0.006330073998524879,3.16503699926244e-06,0.06842260017499434,0.993890123008716,1
2024-07-08,-0.00023193380258892742,-0.00023837934805598913,0.012891090934123411,6.445545467061706e-06,0.06939472632393051,1.0030879074112742,1
2024-07-09,-0.00038218146587657,-0.00038651734997782137,0.008671768202502761,4.335884101251381e-06,0.0700782960011091,1.011720483884135,1
2024-07-10,0.005200247124261903,0.005199785236807632,0.0009237749085421743,4.618874542710871e-07,0.07010390056454786,1.0116476244003838,1
2024-07-11,-0.001073145022173575,-0.0010779025700948005,0.009515095842451221,4.757547921225611e-06,0.07015992342218504,1.0080879533620446,1
2024-07-12,0.003707537385106559,0.0037000838977645136,0.014906974684090676,7.453487342045338e-06,0.0666084810694897,1.0086820057496593,1
2024-07-15,-0.00031260651899267034,-0.0003152158020595307,0.0052185661337207645,2.609283066860382e-06,0.06682358680004838,1.0138759921680562,1
2024-07-16,0.006210558930988874,0.0062023021076547825,0.016513646668183363,8.256823334091682e-06,0.06682457808235363,1.0294217890985853,1
2024-07-17,-0.008585572019281423,-0.008595802979094777,0.020461919626707473,1.0230959813353737e-05,0.06698306561313194,1.0467497314980336,1
2024-07-18,-0.004772193897886924,-0.0047854721168518665,0.026556437929885574,1.3278218964942787e-05,0.06681624294657572,1.020608948900589,1
2024-07-19,-0.005550869411446358,-0.005553417332291722,0.0050958416907268544,2.547920845363427e-06,0.06772238942955806,1.0211853863870468,1
2024-07-22,0.004938763183177263,0.004935856054521903,0.005814257310719648,2.9071286553598238e-06,0.06826880198544227,1.015491999533216,1
2024-07-23,-0.000655969700979728,-0.0006591002175834263,0.006261033207396696,3.1305166036983483e-06,0.06870771382443738,1.0216798348836609,1
2024-07-24,-0.01313201949626955,-0.013135650092680506,0.007261192821913454,3.630596410956727e-06,0.06934144032655366,1.0281843542148281,1
2024-07-25,-0.002750878996647359,-0.0027702849116330837,0.038811829971449704,1.9405914985724853e-05,0.0700499052292126,0.9897513507877767,1
2024-07-26,0.006805597396301388,0.006803386314505743,0.004422163591288511,2.2110817956442554e-06,0.06979082875826421,0.9853201764709194,1
2024-07-29,0.0008708058896070539,0.0008670376891423317,0.00753640092944452,3.76820046472226e-06,0.07015170320248859,0.9817337845916394,1
2024-07-30,-0.0012565253933243723,-0.0012594430986105063,0.00583541057226819,2.917705286134095e-06,0.06994776205525909,0.9862621290404454,1
2024-07-31,0.011507412517434576,0.011505893352144457,0.0030383305802356153,1.5191652901178078e-06,0.06954463454074804,0.9832093959595964,1
2024-08-01,-0.005305887637356423,-0.00531153072396047,0.01128617320809229,5.643086604046145e-06,0.06886906185285672,0.9837763809011011,1
2024-08-02,-0.0021018067069182925,-0.0021085207676740953,0.013428121511605773,6.714060755802886e-06,0.06849999526445401,0.9704882068890686,1
2024-08-05,-0.011206191791095896,-0.011219508655476872,0.026633728761950762,1.331686438097538e-05,0.06554543291987915,0.9443550076688334,1
2024-08-06,-0.0003657955499293655,-0.00037764651219771104,0.02370192453669112,1.185096226834556e-05,0.0655841571822634,0.9200351577037373,1
2024-08-07,-0.0031336358653188947,-0.003137335374023317,0.007399017408844674,3.699508704422337e-06,0.0646206610385447,0.9145696167881039,1
2024-08-08,0.009012199197997527,0.009011114766186877,0.002168863621298478,1.084431810649239e-06,0.0647554297926685,0.9124658478761409,1
2024-08-09,0.0028071291220804545,0.0027932266411016178,0.027804961957673846,1.3902480978836923e-05,0.06461131642092875,0.8949184458151982,1
2024-08-12,0.0025180087753671728,0.002515828139049208,0.004361272635929878,2.180636317964939e-06,0.06461200043717161,0.8957530142135355,1
2024-08-13,0.007464470329183709,0.007462468468126616,0.004003722114184455,2.0018610570922274e-06,0.06462015855191519,0.8949124743042347,1
2024-08-14,0.0010046780896819387,0.0009974195483668819,0.014517082630113587,7.258541315056794e-06,0.06506606196031735,0.8878164829561865,1
2024-08-15,0.004460814796122,0.004459710210069254,0.002209172105492971,1.1045860527464855e-06,0.06485915278379883,0.8879530127533799,1
2024-08-16,0.003778919982543133,0.0037720638345217763,0.013712296042713859,6.8561480213569294e-06,0.0631043349444473,0.8853916451145405,1
2024-08-19,0.0036616992130711857,0.0036589140144675423,0.005570397207287095,2.7851986036435474e-06,0.06300513094898907,0.882896345548374,1
2024-08-20,0.0009601194441098802,0.000956471875550197,0.007295137119366496,3.647568559683248e-06,0.06321328355520865,0.8828738242528116,1
2024-08-21,0.0016782082695108616,0.001676923485058609,0.0025695689045051595,1.2847844522525798e-06,0.06320264795884709,0.8826296422985316,1
2024-08-22,-0.005688858727333747,-0.005689601572703018,0.001485690738541573,7.428453692707865e-07,0.0632214951799349,0.8826466556025621,1
2024-08-23,0.006216952525973832,0.006214361829807279,0.005181392333105828,2.5906961665529138e-06,0.06387799726486404,0.8803120571097165,1
2024-08-26,-0.0018534403560360973,-0.0018557970697566637,0.004713427441132706,2.356713720566353e-06,0.06391146259475818,0.8820103611207628,1
2024-08-27,0.0007887735727476622,0.0007878662458880791,0.001814653719166115,9.073268595830575e-07,0.06393603301874827,0.8820123456597531,1
2024-08-28,-0.0029817016989990503,-0.002983475662579528,0.0035479271609555885,1.7739635804777942e-06,0.06403439614305846,0.8850750660011586,1
2024-08-29,0.00010029419203716518,9.794493822339581e-05,0.004698507627538734,2.349253813769367e-06,0.06358334360120009,0.8872882424646489,1
2024-08-30,0.0007659813755721475,0.000764301809505112,0.003359132134070894,1.679566067035447e-06,0.06382659819305997,0.8891682129391716,1
2024-09-03,-0.005182509840365128,-0.005184627801061028,0.00423592139179893,2.1179606958994653e-06,0.06350439980659278,0.8871519077540311,1
2024-09-04,0.00232192108029271,0.0023165933996030074,0.010655361379405884,5.327680689702942e-06,0.0625690568809142,0.8761833800936112,1
2024-09-05,0.0019254031676903707,0.0019234887252243733,0.0038288849319949303,1.914442465997465e-06,0.0626875743405392,0.8764425477191731,1
2024-09-06,-0.005852853959338346,-0.005855418138346134,0.005128358015577261,2.5641790077886306e-06,0.0620888635102615,0.8803446787569496,1
2024-09-09,0.004420046758510281,0.004416821251913508,0.006451013193545491,3.2255065967727453e-06,0.062333450434130945,0.873191486250571,1
2024-09-10,0.002817529225903544,0.002807107676353974,0.020843099099140408,1.0421549549570203e-05,0.06189612138696582,0.8864582853614362,1
2024-09-11,0.0034291072240306983,0.0034277290705277174,0.002756307005961675,1.3781535029808376e-06,0.06205403496110886,0.8871216176354095,1
2024-09-12,0.003681710883645998,0.0036774890606708823,0.008443645950231171,4.221822975115585e-06,0.061704635871749264,0.8852414572721343,1
2024-09-13,0.0034347804983049695,0.003431167654254934,0.00722568810007157,3.612844050035785e-06,0.061241633718240006,0.8829388750746245,1
2024-09-16,0.0017279234592298817,0.0017259858500869357,0.0038752182858917544,1.9376091429458773e-06,0.06152460068867895,0.8852427614992808,1
2024-09-17,-0.001210338191883032,-0.0012120719229377073,0.0034674621093503943,1.733731054675197e-06,0.0615868213590444,0.8862619724597351,1
2024-09-18,-0.0032530288675414578,-0.0032546739368683898,0.003290138653863961,1.6450693269319804e-06,0.06195226701782084,0.888633371340052,1
2024-09-19,0.0068374564630701625,0.006836341150632026,0.002230624876272305,1.1153124381361527e-06,0.06207460490974986,0.886121867230254,1
2024-09-20,0.0006386127168413712,0.0006316233692523898,0.0139786951779627,6.98934758898135e-06,0.062360315911355456,0.8806340082354738,1
2024-09-23,0.00015317495892471183,0.00015242039173083346,0.0015091343877567664,7.545671938783833e-07,0.062324138347631675,0.8819792885405291,1
2024-09-24,0.0024810266776376776,0.002480384007555805,0.0012853401637456657,6.426700818728328e-07,0.06237524635417426,0.8826089009743618,1
2024-09-25,-0.0019405837509506108,-0.0019422387356299775,0.003309969358733622,1.654984679366811e-06,0.06242996584130364,0.8821150992697031,1
2024-09-26,0.0022510326039525334,0.0022487329958748143,0.004599216155438582,2.299608077719291e-06,0.06236560388894868,0.8850935110534319,1
2024-09-27,1.143752297406834e-05,1.0301244523070756e-05,0.002272556901995168,1.136278450997584e-06,0.06236557302088309,0.8856488434415066,1
2024-09-30,-0.0010784129584299196,-0.0010816827985838952,0.006539680307951129,3.2698401539755646e-06,0.061761020903783784,0.8902984080107237,1
2024-10-01,-0.00043962205458370884,-0.00044316287366158013,0.007081638155742601,3.5408190778713e-06,0.061803997137257774,0.8943212672246283,1
2024-10-02,-0.001076088951853251,-0.001078313283727669,0.004448663748836082,2.224331874418041e-06,0.06134123041232641,0.8927677781737606,1
2024-10-03,-0.002578790497485014,-0.0025802630838266754,0.0029451726833225333,1.4725863416612668e-06,0.06087158147479074,0.8946822147077769,1
2024-10-04,-0.00048823416084948113,-0.0004891192549496401,0.0017701882003177682,8.850941001588841e-07,0.06065446498439567,0.895597841593563,1
2024-10-07,-0.004912273826624578,-0.004916126120631168,0.007704588013181357,3.8522940065906784e-06,0.0605037098062472,0.8933244714347515,1
2024-10-08,0.0028709496399180333,0.0028698506612201695,0.0021979573957271875,1.0989786978635938e-06,0.061181229262562406,0.8909210695644931,1
2024-10-09,3.298006340638831e-05,3.1312688839425504e-05,0.0033347491339256047,1.6673745669628024e-06,0.060872521273730794,0.8899408930296175,1
2024-10-10,-0.00010095703400352454,-0.00010392187868719838,0.005929689367347696,2.9648446836738477e-06,0.061439666102480715,0.8948046281399413,1
2024-10-11,0.0023284897752480103,0.0023271305648217395,0.0027184208525421055,1.3592104262710528e-06,0.061287074281839216,0.8948704360816881,1
2024-10-14,0.001946543139920453,0.0019435350872104124,0.006016105420081158,3.008052710040579e-06,0.061316354861868906,0.8956416187168903,1
2024-10-15,-9.211951113897087e-05,-9.731888754142733e-05,0.010398752804912925,5.199376402456463e-06,0.06073903627534445,0.9020290190513229,1
2024-10-16,0.0023418629774146276,0.002336350714599965,0.011024525629324641,5.512262814662321e-06,0.06021979219646104,0.9040325146842425,1
2024-10-17,-0.002125443190073777,-0.0021264668083611406,0.0020472365747273708,1.0236182873636854e-06,0.05983814724556937,0.9063089417553005,1
2024-10-18,0.003156212347916086,0.0031531286586579583,0.006167378516255137,3.0836892581275687e-06,0.05945722957400777,0.9081736465234076,1
2024-10-21,-0.003771222305462927,-0.0037733073786729455,0.0041701464200369215,2.085073210018461e-06,0.05959908151265932,0.9090470434442706,1
2024-10-22,0.0010638166576982747,0.001061563189585802,0.004506936224945343,2.2534681124726715e-06,0.06004631841501899,0.9042927295015661,1
2024-10-23,-0.005456067628697934,-0.00546502866295162,0.017922068507371824,8.961034253685913e-06,0.058512836543494956,0.9189851262418114,1
2024-10-24,0.0036046039155277062,0.003602132972352558,0.004941886350296701,2.4709431751483506e-06,0.05942794496717287,0.919762265217279,1
2024-10-25,-0.0003364900213268456,-0.0003379822072019585,0.002984371750225784,1.492185875112892e-06,0.05899729426693229,0.9222766349767009,1
2024-10-28,0.0005561991980413481,0.0005553590060511953,0.0016803839803055803,8.401919901527902e-07,0.059025122560570964,0.9222662489790974,1
2024-10-29,0.0027858873466916224,0.002784310712662318,0.0031532680586086326,1.5766340293043162e-06,0.059301372832562614,0.924676871304565,1
2024-10-30,-0.0007148270166804987,-0.0007204147393479921,0.011175445334986836,5.587722667493418e-06,0.05746786160997842,0.9360630295774288,1
2024-10-31,-0.008122802494354774,-0.00812730812170689,0.009011254704234833,4.505627352117416e-06,0.0577093047952228,0.9441055828159355,1
2024-11-01,-0.0013914845393781855,-0.0014050162941274544,0.027063509498537974,1.3531754749268988e-05,0.060372012604021474,0.9587875732144395,1
2024-11-04,0.002694534009749386,0.0026810914834907436,0.026885052517284375,1.3442526258642188e-05,0.05956149672997255,0.9827076690229841,1
2024-11-05,0.005411118598265586,0.005407417968439571,0.007401259652029701,3.7006298260148508e-06,0.060009936449648915,0.9901237585924729,1
2024-11-06,-0.000339068302444211,-0.000341681600567281,0.005226596246139997,2.6132981230699985e-06,0.06004813861394829,0.9897684175870796,1
2024-11-07,0.008055657080109786,0.008042295005214526,0.026724149790518903,1.3362074895259452e-05,0.05609388471338151,0.9633941059886895,1
2024-11-08,0.0023820090363259896,0.0023772616215326386,0.0094948295867016,4.7474147933508e-06,0.0573081804448149,0.9582087921434281,1
2024-11-11,-0.0034832858359880974,-0.0034875805028900192,0.008589333803843482,4.294666901921741e-06,0.057235267620526865,0.9571323916115206,1
2024-11-12,-0.004949356476869183,-0.004955944297582665,0.013175641426964438,6.587820713482219e-06,0.056483567857339725,0.9603830754513756,1
2024-11-13,-0.002126185739656366,-0.002127985329551087,0.003599179789441756,1.799589894720878e-06,0.05737590030459024,0.9571721707100789,1
2024-11-14,-0.0022282678487177384,-0.002234288560037155,0.012041422638833732,6.020711319416866e-06,0.05794829860401837,0.9662570706876987,1
2024-11-15,-0.0056905466444259235,-0.005694040049983152,0.006986811114457744,3.493405557228872e-06,0.05779724136574016,0.9681517005686733,1
2024-11-18,0.004348369247397361,0.004345470714596432,0.0057970656018578315,2.898532800928916e-06,0.05772266258209892,0.9622585643757837,1
2024-11-19,0.0034546294386933957,0.003450557981108054,0.00814291517068319,4.071457585341595e-06,0.05802796080111873,0.9599787179210109,1
2024-11-20,-5.722826814190233e-05,-5.9063169954338926e-05,0.0036698036248731802,1.8349018124365902e-06,0.058195082745411957,0.9585988755573631,1
2024-11-21,0.002239409100096484,0.0022361371844859183,0.00654383122113171,3.271915610565855e-06,0.057200954100557935,0.965142096362605,1
2024-11-22,0.002133389661287654,0.0021312538368553303,0.00427164886464694,2.13582443232347e-06,0.05607744463619752,0.9693452904195736,1
2024-11-25,0.002969286601679522,0.0029670801657708562,0.00441287181733134,2.20643590866567e-06,0.0560061705841876,0.9690954524923543,1
2024-11-26,0.0009325676453298527,0.0009226975160984654,0.0197402584627748,9.8701292313874e-06,0.05513926938724448,0.9502196270020695,1
2024-11-27,0.0003796438239034804,0.0003785595550556469,0.002168537695667022,1.084268847833511e-06,0.05486484536536597,0.9524439156122531,1
2024-11-29,0.00515797754643835,0.005156562366387576,0.00283036010154733,1.4151800507736651e-06,0.05471335849260035,0.9508344266542452,1
2024-12-02,0.0010449361814369924,0.0010431365940845152,0.003599174704954619,1.7995873524773096e-06,0.05567992791009853,0.9524178003836219,1
2024-12-03,-0.0005447883052165312,-0.0005578058395821963,0.026035068731330074,1.3017534365665036e-05,0.05645399349732272,0.9785042498388379,1
2024-12-04,0.005418885268779153,0.00541694172027263,0.0038870970130441135,1.9435485065220566e-06,0.05655975309196568,0.9808593054302517,1
2024-12-05,-0.0012769539990692357,-0.001280146850571491,0.006385703004510565,3.1928515022552826e-06,0.057116209840768144,0.978688457013402,1
2024-12-06,0.0023721388347359195,0.0023608242655606647,0.022629138350509947,1.1314569175254974e-05,0.056860703668610374,0.9994619139446657,1
2024-12-09,-0.002952932487675254,-0.0029554389341527464,0.005012892954984971,2.5064464774924855e-06,0.05647679694184038,1.004267519697218,1
2024-12-10,-0.0005460934626902464,-0.0005483734524952996,0.0045599796101065265,2.279989805053263e-06,0.056412984402342686,1.001353459607077,1
2024-12-11,0.003762011563328376,0.0037567294578200604,0.010564211016631408,5.282105508315704e-06,0.05636359558573617,1.0067536088536817,1
2024-12-12,-0.005825870677803959,-0.005829980854045096,0.00822035248227379,4.1101762411368955e-06,0.055953864894669754,1.0054171410365191,1
2024-12-13,-0.0022736976480209636,-0.0022759519673548937,0.004508638667860429,2.2543193339302144e-06,0.05660726144456121,1.000944403677369,1
2024-12-16,0.003946237304683706,0.003944147468668652,0.004179672030107814,2.089836015053907e-06,0.056752216451025086,1.0003401263994631,1
2024-12-17,-0.0019528926293937068,-0.001955430808701133,0.005076358614852866,2.538179307426433e-06,0.05688517383468744,0.998333013870587,1
2024-12-18,-0.017660367694120285,-0.017661486549577676,0.002237710914777452,1.118855457388726e-06,0.056567503083621754,0.9997374239437706,1
2024-12-19,-0.002595858582482788,-0.002613727088442909,0.03573701192024212,1.786850596012106e-05,0.06095788296509831,0.9639968301340069,1
2024-12-20,0.0066192686721076865,0.006617812275330348,0.0029127935546777034,1.4563967773388517e-06,0.06107871780813074,0.9625362574960274,1
2024-12-23,6.268330062770752e-05,5.8348103902996834e-05,0.008670393449421387,4.335196724710694e-06,0.06195595711989691,0.9568308844996396,1
2024-12-24,0.005421963722004153,0.005418721114814053,0.006485214380199708,3.242607190099854e-06,0.061642054641837925,0.9561386662584845,1
2024-12-26,0.0010367482559913792,0.0010326582067068102,0.008180098569137928,4.090049284568964e-06,0.06198924983811562,0.9522782101223324,1
2024-12-27,-0.006126750574482639,-0.006127978029974136,0.0024549109829948706,1.2274554914974352e-06,0.06187531066054979,0.9528357007208277,1
2024-12-30,-0.0024698323111373524,-0.0024724705737591067,0.005276525243508953,2.6382626217544764e-06,0.06259273703017872,0.9482659180704289,1
2024-12-31,-0.0017575051966742356,-0.0017607648285578943,0.0065192637673173875,3.2596318836586937e-06,0.062138545088008805,0.9425054435097227,1
2025-01-02,0.0013611944892601728,0.0013579967424087911,0.006395493702763183,3.1977468513815914e-06,0.06261722647619998,0.946765598479852,1
2025-01-03,0.003541211444443566,0.003539197679751688,0.00402752938375589,2.013764691877945e-06,0.0625353127415972,0.9454898708813075,1
2025-01-06,0.0021205112796091083,0.002114557802911107,0.011906953396002423,5.953476698001212e-06,0.06211263072703593,0.9406893150224618,1
2025-01-07,-0.0061196267752023446,-0.006121915498547326,0.0045774466899624194,2.2887233449812095e-06,0.06247314617063941,0.9433768414856778,1
2025-01-08,0.001345474781588708,0.0013437226724607868,0.003504218255842406,1.752109127921203e-06,0.06227172922725135,0.9395261486735387,1
2025-01-10,-0.00626699843250719,-0.006268917207277031,0.00383754953968328,1.91877476984164e-06,0.062315510002953135,0.9431455480347786,1
2025-01-13,-0.0010244282474257008,-0.0010277268848637806,0.006597274876159728,3.2986374380798643e-06,0.0627778634894171,0.9361915397489433,1
2025-01-14,0.0007106382425400291,0.0007099080457964933,0.001460393487071568,7.30196743535784e-07,0.06277751858569613,0.9358349192115472,1
2025-01-15,0.011401234553870118,0.01140041511320984,0.0016388813205563818,8.194406602781909e-07,0.06272368534758832,0.9372945895635503,1
2025-01-16,0.00028275926675839407,0.0002732247534231745,0.01906902667043915,9.534513335219576e-06,0.06509894682629505,0.9236388248277116,1
2025-01-17,0.0036502256624261127,0.0036471459548502003,0.006159415151824971,3.0797075759124853e-06,0.06550788070074395,0.9276832577242877,1
2025-01-21,0.005590577472328998,0.005586248742495023,0.008657459667950076,4.328729833975038e-06,0.06530678619983259,0.924513478130073,1
2025-01-22,0.0018480442369389822,0.001844350406056142,0.007387661765680162,3.693830882840081e-06,0.06590005231919648,0.9231126639758547,1
2025-01-23,0.0002900596517654757,0.00028758568174412896,0.004947940042693444,2.473970021346722e-06,0.06560192734071076,0.9224417937042066,1
2025-01-24,0.0003918477865539182,0.00038874357908943086,0.006208414928974698,3.104207464487349e-06,0.06534947299534963,0.9252746339668041,1
2025-01-27,-0.004591377232417433,-0.004592308983373757,0.0018635019126481689,9.317509563240844e-07,0.06527571315274291,0.9248839056588081,1
2025-01-28,0.0037716496564517317,0.0037669322295589003,0.009434853785662653,4.717426892831327e-06,0.06391470776139864,0.9166674340976633,1
2025-01-29,-0.0018874024952441914,-0.0018910712596325835,0.007337528776783966,3.668764388391983e-06,0.06374891034301008,0.9152628220760035,1
2025-01-30,0.003807757996692236,0.0038072149121297608,0.001086169124950409,5.430845624752045e-07,0.06386085460242978,0.9151077083536494,1
2025-01-31,-0.0022301060915149063,-0.0022322904090154748,0.004368635001136947,2.184317500568474e-06,0.06407939835596571,0.9131038725515319,1
2025-02-03,-0.0008145785340460379,-0.0008152949409242038,0.0014328137563318494,7.164068781659246e-07,0.06410683356402437,0.9130896744340458,1
2025-02-04,0.004611083541290834,0.004609195705330044,0.0037756719215798346,1.8878359607899173e-06,0.06393598117764396,0.9114343578267257,1
2025-02-05,0.004747078631547571,0.004741331232514569,0.011494798066004064,5.747399033002032e-06,0.06384347140800412,0.9233373785282171,1
2025-02-06,0.000532032987001717,0.0005297662101166699,0.004533553770094109,2.2667768850470547e-06,0.06430128993811582,0.9223261091652233,1
2025-02-07,-0.0046567263909019,-0.004659329304196106,0.005205826588412121,2.6029132942060605e-06,0.06447675017748646,0.9256954299563671,1
2025-02-10,0.004180405623872171,0.004178607522287181,0.00359620316997937,1.798101584989685e-06,0.06459324500570122,0.9257443309076152,1
2025-02-11,-0.001563559179779388,-0.0015802924281241905,0.033466496689605024,1.673324834480251e-05,0.06842678979431753,0.9595216123487464,1
2025-02-12,-0.0032756932728627733,-0.0032796220763063664,0.007857606887186439,3.928803443593219e-06,0.06746979587242508,0.9663144422971728,1
2025-02-13,0.0084628690173184,0.00846139726881172,0.0029434970133588034,1.4717485066794018e-06,0.06773878624673407,0.9670510277870283,1
2025-02-14,0.0002018464186958678,0.00019256021078007274,0.018572415831590097,9.286207915795048e-06,0.06880026329193652,0.9632117482117484,1
2025-02-18,0.0003763695809494965,0.00037442371748670826,0.0038917269255765025,1.945863462788251e-06,0.06812384998286254,0.9651467751820437,1
2025-02-19,0.0010426297853598095,0.0010402952472981948,0.0046690761232294625,2.3345380616147314e-06,0.0677856076860755,0.9634546202915999,1
2025-02-20,-0.0005312351996219678,-0.0005324082133708699,0.0023460274978040624,1.1730137489020312e-06,0.06784239370570698,0.9658409583773739,1
2025-02-21,-0.004181881613257823,-0.004187386158671371,0.011009090827094586,5.504545413547293e-06,0.06785125034817323,0.9744945230148079,1
2025-02-24,-0.000821321902634449,-0.0008291757844601885,0.015707763651478968,7.853881825739483e-06,0.06665631850862677,0.9635398680298755,1
2025-02-25,-0.0003995049993396273,-0.0004005313411782613,0.002052683677268019,1.0263418386340094e-06,0.06630313004373312,0.9630556583213634,1
2025-02-26,0.001731663345826183,0.0017270004146126212,0.009325862427123605,4.6629312135618025e-06,0.0655940256808052,0.9545464110333302,1
2025-02-27,-0.009100750972124167,-0.009102160214369751,0.00281848449116677,1.409242245583385e-06,0.06562700343884928,0.9552708062319957,1
2025-02-28,0.006687223235664095,0.006681000331431898,0.012445808464394192,6.222904232197096e-06,0.06657283997331466,0.9424155478430984,1
2025-03-03,-0.0036278615098471138,-0.0036426691413831624,0.029615263072097123,1.480763153604856e-05,0.06811684501050198,0.9541380789458571,1
2025-03-04,-0.003368418908341513,-0.00337313693381543,0.009436050947834396,4.718025473917198e-06,0.06735787221428742,0.9445492191930518,1
2025-03-05,0.0021407750444331817,0.002138346168288771,0.004857752288821238,2.4288761444106187e-06,0.06729542881291506,0.9399751494081638,1
2025-03-06,-0.007609531715367709,-0.0076138078040602205,0.008552177385023507,4.276088692511753e-06,0.06648918025973953,0.9394575017913491,1
2025-03-07,0.0015568516381088532,0.0015529835316990185,0.007736212819669408,3.868106409834704e-06,0.06711879661425221,0.9322051270916927,1
2025-03-10,-0.008109497615596022,-0.008111695307981703,0.00439538477136267,2.197692385681335e-06,0.06713192461858218,0.9324128013391759,1
2025-03-11,-0.002204760267995351,-0.0022123028557755886,0.015085175560475603,7.542587780237802e-06,0.06597459687698858,0.9167771111015053,1
2025-03-12,0.001544724567575185,0.0015433406886582305,0.00276775783390866,1.38387891695433e-06,0.06590713385904465,0.9150860372783307,1
2025-03-13,-0.0014984600706140115,-0.0015003366095200296,0.0037530778120364178,1.876538906018209e-06,0.06572615707365502,0.9138991624186874,1
2025-03-14,0.0055007386058264305,0.005496733192273307,0.008010827106247523,4.005413553123761e-06,0.06509019077186591,0.9089778215253788,1
2025-03-17,0.0035097164826167196,0.0035010806536228153,0.017271657987808678,8.635828993904338e-06,0.06486433934665037,0.9020787871375124,1
2025-03-18,-0.0021219689684880754,-0.002123803556388579,0.0036691758010072156,1.8345879005036078e-06,0.065393313540373,0.9048222690375216,1
2025-03-19,0.005722516058488971,0.005720361428082751,0.004309260812439777,2.1546304062198885e-06,0.06461989308553062,0.9079379443149536,1
2025-03-20,-0.001006665081998659,-0.0010111707477601065,0.009011331522894822,4.505665761447411e-06,0.06525648784105909,0.9100551174986335,1
2025-03-21,-0.0016792772483043136,-0.0016804035974815471,0.002252698354467203,1.1263491772336014e-06,0.06523407227526928,0.9112010126433039,1
2025-03-24,0.0028770292887078277,0.00287633757304438,0.0013834313268956677,6.917156634478339e-07,0.06516204360683328,0.9096784788967949,1
2025-03-25,0.0013787554690495405,0.0013711348180844266,0.01524130193022781,7.620650965113905e-06,0.06013149942350652,0.9251687344229897,1
2025-03-26,-0.00559154302765433,-0.005595029393079737,0.006972730850813402,3.486365425406701e-06,0.060072178914767065,0.9299596555011951,1
2025-03-27,-9.835008423619406e-05,-0.00010008918286115899,0.0034781972499298708,1.7390986249649354e-06,0.060008138033448774,0.9297001163252718,1
2025-03-28,-0.002436177570860772,-0.0024397516474105947,0.0071481530996450465,3.5740765498225234e-06,0.06015204861506927,0.9312613525455744,1
2025-03-31,0.004681832676129495,0.004677107702147238,0.00944994796451444,4.7249739822572205e-06,0.05885770105208722,0.9230681370060181,1
2025-04-01,0.0028454538358392263,0.002841274250718064,0.008359170242325187,4.179585121162593e-06,0.059251451703328,0.9188864526137772,1
2025-04-02,0.002037098196178205,0.002035143733112269,0.003908926131872173,1.9544630659360864e-06,0.05853393596357572,0.9213946665947075,1
2025-04-03,-0.014237515815600382,-0.014238938906873949,0.002846182547133716,1.423091273566858e-06,0.05874378686269175,0.9239787211589812,1
2025-04-04,-0.016836501849787362,-0.01685178400861773,0.030564317660734447,1.5282158830367224e-05,0.059978555738774066,0.8923177490487726,1
2025-04-07,-0.008656797709702072,-0.008686082509083514,0.058569598762885366,2.9284799381442682e-05,0.06130771384185193,0.8319179523091285,1
2025-04-08,-0.006155400566192989,-0.0061682206121597884,0.025640091933597717,1.282004596679886e-05,0.062415389966228946,0.8053675022954845,1
2025-04-09,0.02996888228126584,0.029964650333423225,0.008463895685224224,4.2319478426121115e-06,0.0630557353244988,0.7986746284059989,1
2025-04-10,-0.009506480565605577,-0.009572481543482054,0.13200195575295298,6.60009778764765e-05,0.06705820564748934,0.6938756280095613,1
2025-04-11,0.004805195408899645,0.004792952595734721,0.02448562632984909,1.2242813164924545e-05,0.06680569777936417,0.6674485613560149,1
2025-04-14,0.0025480175873478852,0.002544486217619908,0.0070627394559543005,3.53136972797715e-06,0.06695073612943178,0.6663029467300341,1
2025-04-15,0.0010810144830915884,0.001078746171495475,0.004536623192226946,2.2683115961134733e-06,0.06696318570781216,0.66541646406494,1
2025-04-16,0.0005468691100352432,0.0005460567847000151,0.0016246506704563,8.1232533522815e-07,0.06696388736310964,0.6651983655085432,1
2025-04-17,-0.0006804821975177852,-0.0006884926645067685,0.016020933977966584,8.010466988983292e-06,0.06539631896254952,0.6652738421164672,1
2025-04-21,-0.0036611189607216356,-0.0036623689911458234,0.0025000608483759096,1.2500304241879548e-06,0.06524014031176953,0.663035321881704,1
2025-04-22,0.003493494450742314,0.0034877964484808536,0.011396004522920743,5.698002261460372e-06,0.06482871824546044,0.6545684115284642,1
2025-04-23,0.0021326638423722517,0.0021295208783452925,0.006285928053918054,3.1429640269590268e-06,0.0642261453312506,0.6524522742790623,1
2025-04-24,0.006805139080218627,0.006801549488008483,0.007179184420288025,3.5895922101440124e-06,0.06380725359361196,0.6471541732160047,1
2025-04-25,0.0014964843355754279,0.001491937256499347,0.00909415815216165,4.547079076080825e-06,0.06453942697838334,0.6426688776721705,1
2025-04-28,0.002237321754237757,0.0022360056989402834,0.002632110594947022,1.316055297473511e-06,0.06444201914004867,0.6414300471121434,1
2025-04-29,0.0015701736362273026,0.0015688887640770651,0.0025697443004749285,1.2848721502374642e-06,0.06482928258032214,0.6434307411753509,1
2025-04-30,-0.0018991263730758475,-0.0019005096800202008,0.0027666138887068106,1.3833069443534054e-06,0.06475072636539808,0.6422701411264973,1
2025-05-01,-0.0012554038047865898,-0.0012561939242093792,0.0015802388455787852,7.901194227893926e-07,0.06469710082635259,0.6405466257705861,1
2025-05-02,0.0006123872526840043,0.0006112705683789764,0.00223336861005579,1.116684305027895e-06,0.06441289040559428,0.6387868176536423,1
2025-05-05,0.0006967314079721371,0.0006947410912597011,0.003980633424872031,1.990316712436015e-06,0.06412306750344478,0.6373796269674392,1
2025-05-06,0.001386823913048693,0.0013833317007806271,0.0069844245361318225,3.4922122680659113e-06,0.06398442185286773,0.6352208572221885,1
2025-05-07,0.00018376480467415706,0.00018079434140520477,0.005940926537904567,2.9704632689522835e-06,0.06372683201606223,0.6336863845562772,1
2025-05-08,-0.0021588194666485516,-0.0021602827831496913,0.0029266330022794315,1.4633165011397158e-06,0.06350984604702267,0.6356181369896714,1
2025-05-09,0.0007156398428837623,0.0007147117477111789,0.001856190345166743,9.280951725833715e-07,0.06344778601632485,0.6329745410771621,1
2025-05-12,0.0022782564149192415,0.0022774949256997323,0.0015229784390187531,7.614892195093766e-07,0.06333495112008507,0.63375836967005,1
2025-05-13,0.001173019863620892,0.001167056046079423,0.011927635082938204,5.963817541469102e-06,0.06214986761082961,0.6261001556127958,1
2025-05-14,-0.0023625935656664925,-0.0023639827124072948,0.0027782934816043617,1.3891467408021808e-06,0.06207315970629456,0.6261335135703594,1
2025-05-15,0.0031642988033455553,0.003162704472615662,0.003188661459786392,1.594330729893196e-06,0.062061398756630276,0.6260577363026167,1
2025-05-16,0.0003444832951129223,0.00034262861085631696,0.0037093685132106938,1.854684256605347e-06,0.06181760408079196,0.6286433613710727,1
2025-05-19,0.0005921665720304136,0.000591192447164323,0.0019482497321812661,9.74124866090633e-07,0.061831276647243194,0.6290398077280805,1
2025-05-20,-0.00020797082645430454,-0.00020932155455104636,0.00270145619348363,1.3507280967418148e-06,0.06194983425076703,0.6307626133695591,1
2025-05-21,-0.0045902492460634225,-0.004591615052136094,0.0027316121453439604,1.3658060726719802e-06,0.06185885635236182,0.6295401780737175,1
2025-05-22,0.0005781607822074794,0.000575766225983035,0.00478911244888882,2.39455622444441e-06,0.06211381901164532,0.6249190599297276,1
2025-05-23,0.00071653764277323,0.0007155768437017008,0.001921598143058277,9.607990715291386e-07,0.06239733159226876,0.6267351164913533,1
2025-05-27,0.00423443407465506,0.0042327033617402515,0.003461425829618593,1.7307129148092966e-06,0.06236578752584604,0.6259973165907595,1
2025-05-28,-0.0015723389703534213,-0.0015752272965612842,0.005776652415726044,2.888326207863022e-06,0.06266022036548434,0.625407481977071,1
2025-05-29,0.002360352587836887,0.0023596477795055763,0.0014096166626213213,7.048083313106607e-07,0.06271833340078757,0.625734806402594,1
2025-05-30,-4.0743587394621264e-05,-4.235968242005029e-05,0.0032321900508580567,1.6160950254290283e-06,0.062423297258058605,0.626564420058979,1
2025-06-02,0.0010652149910834016,0.0010636825145413154,0.0030649530841723935,1.5324765420861968e-06,0.062278292840872336,0.6291137248525915,1
2025-06-03,0.00020549527485144692,0.0002033702990571085,0.004249951588676845,2.1249757943384228e-06,0.0624008576152862,0.6284985050595502,1
2025-06-04,0.0032702924670548984,0.003268711370620206,0.0031621928693843226,1.5810964346921614e-06,0.06236730028388748,0.6299360462216523,1
2025-06-05,-0.0014196274478135728,-0.0014224632285041586,0.00567156138117151,2.8357806905857547e-06,0.06252572527021431,0.6272471770032395,1
2025-06-06,-0.0015676404463131383,-0.0015688300033212198,0.0023791140161632876,1.1895570080816437e-06,0.06241746236897582,0.6285535552548299,1
2025-06-09,0.0007698713297622961,0.0007688224040416641,0.0020978514412640856,1.0489257206320428e-06,0.06234072578677207,0.62637850193292,1
2025-06-10,0.0017411840908985307,0.0017391445289360308,0.004079123924999643,2.0395619624998217e-06,0.06281580505295495,0.6307392686113338,1
2025-06-11,0.0006203183397503995,0.0006195034681908816,0.0016297431190358189,8.148715595179094e-07,0.06284668511775512,0.6313928220342031,1
2025-06-12,0.0030586240610216316,0.0030580088228581758,0.0012304763269117003,6.152381634558502e-07,0.06287509554238849,0.6316200440196036,1
2025-06-13,-0.002465258711541982,-0.002467470293361441,0.004423163638917614,2.211581819458807e-06,0.06332468909217798,0.6326906078564006,1
2025-06-16,-0.0005036483502184986,-0.0005055299176465363,0.003763134856075545,1.8815674280377725e-06,0.0635316611071036,0.632443423183602,1
2025-06-17,0.00039562081263037744,0.0003941656871355102,0.0029102509897345197,1.4551254948672599e-06,0.063323518141299,0.6311521645253818,1
2025-06-18,0.00013498223458893694,0.00013238696988674504,0.0051905294043838035,2.5952647021919017e-06,0.06321465247777629,0.6299158661848552,1
2025-06-20,-0.0001721045129927587,-0.00017288834737254092,0.0015676687595644195,7.838343797822097e-07,0.06306417177973714,0.6313940168620649,1
2025-06-23,0.0023974996350569597,0.0023968445118518066,0.0013102464103059985,6.551232051529992e-07,0.0630392357727173,0.6312600761201674,1
2025-06-24,0.0021269144289674416,0.00212607535352676,0.0016781508813637214,8.390754406818607e-07,0.06309518147217408,0.6314757215926805,1
2025-06-25,0.0005255910788321325,0.000524584143464273,0.0020138707357189242,1.006935367859462e-06,0.06332441669366921,0.6318427548281746,1
2025-06-26,0.0022544945902041487,0.0022542272697887614,0.0005346408307747783,2.6732041538738915e-07,0.06332398765442504,0.6318563684395381,1
2025-06-27,-0.0014739054918274323,-0.001474524384159459,0.001237784664053769,6.188923320268846e-07,0.06319368661017492,0.6329175273159202,1
2025-06-30,0.0032858933718005303,0.0032850029859934856,0.0017807716140894533,8.903858070447267e-07,0.06327021338365421,0.6322921653559808,1
2025-07-01,1.3532152471981328e-05,1.2167837259218201e-05,0.002728630425526256,1.364315212763128e-06,0.0639853666944715,0.6344568004737058,1
2025-07-02,0.00042801892471212665,0.0004271545490908599,0.0017287512425334592,8.643756212667296e-07,0.06386331572952535,0.6355678497407349,1
2025-07-03,-0.0003097044132319069,-0.00031102508851961263,0.0026413505754114067,1.3206752877057033e-06,0.06382655672351835,0.636104175181481,1
2025-07-07,-0.0026246629736247718,-0.0026257244470375583,0.0021229468255733394,1.0614734127866698e-06,0.06377338049314685,0.6355151456940089,1
2025-07-08,-0.000941284305496801,-0.0009479987947296022,0.013428978465602495,6.714489232801248e-06,0.06454930338247658,0.6468276359771926,1
2025-07-09,0.0031508411626233945,0.0031389211845419818,0.023839956162825117,1.1919978081412557e-05,0.06493859896108455,0.6699110743900436,1
2025-07-10,0.0002729568749754995,0.00026587041677031306,0.014172916410372847,7.086458205186424e-06,0.06469388259825254,0.6842141656939562,1
2025-07-11,-0.0020970848077136086,-0.0021011471871375986,0.008124758847979793,4.062379423989897e-06,0.06430592984303006,0.6922421692496354,1
2025-07-14,0.00022740358822711317,0.00016439211293108383,0.12602295059205867,6.301147529602934e-05,0.05919649199151675,0.8156842064330312,1
2025-07-15,-0.0027578777244809615,-0.0027963674722638423,0.07697949556576188,3.848974778288094e-05,0.05617740424227417,0.8927569981996806,1
2025-07-16,0.002007702133895386,0.0020049977475265868,0.005408772737598946,2.7043863687994733e-06,0.055782309785089725,0.8971710105562944,1
2025-07-17,0.0018372485211461773,0.0018361614147850377,0.0021742127222792174,1.0871063611396086e-06,0.055549880589327104,0.8990219173301417,1
2025-07-18,0.0006350399868409171,0.0006336268485993987,0.0028262764830367937,1.4131382415183969e-06,0.055607952275798185,0.899434538613642,1
2025-07-21,0.003834193246159434,0.0038232250113693586,0.02193646958015101,1.0968234790075505e-05,0.05707426154103711,0.9210545913978443,1
2025-07-22,0.0015255025686515308,0.0015235239575402588,0.003957222222544091,1.978611111272045e-06,0.05729825179522346,0.9203750910287869,1
2025-07-23,0.0002844048129866054,0.00026987309866166614,0.029063428649878445,1.4531714324939221e-05,0.05622664997792849,0.949474326100064,1
2025-07-24,-0.0008051130440651239,-0.0008135760749550532,0.016926061779858628,8.463030889929314e-06,0.05597931651133864,0.9663376729472661,1
2025-07-25,0.001783413707212808,0.001777250143979191,0.012327126467234148,6.163563233617074e-06,0.05606157020794151,0.9786458601729591,1
2025-07-28,-0.0013050857277862658,-0.0013152247527722627,0.02027804997199395,1.0139024985996976e-05,0.052713015314998835,0.9989679470915989,1
2025-07-29,0.002562481078352004,0.0025609708172103177,0.0030205222833726147,1.5102611416863073e-06,0.05279065695380685,1.001191267832655,1
2025-07-30,-0.0028681814175420643,-0.0028734678841176465,0.010572933151164227,5.286466575582113e-06,0.05230575364425289,0.9953491722985008,1
2025-07-31,-0.0008421511739756737,-0.0008436525523978732,0.003002756844398935,1.5013784221994676e-06,0.05273250710320007,0.9959811127766947,1
2025-08-01,-0.001404567593680789,-0.0014059204989351397,0.0027058105087015283,1.3529052543507642e-06,0.05226337605308833,0.9955081467240892,1
2025-08-04,0.0072277903139393185,0.007218701698133188,0.018177231612261646,9.088615806130823e-06,0.05074432828150109,0.9773259458420849,1
2025-08-05,-0.0015621597499034974,-0.0015672173553430795,0.01011521087916431,5.057605439582155e-06,0.05201234459766775,0.9781070317501723,1
2025-08-06,0.0024223878811195196,0.0024196466054137882,0.00548255141146313,2.7412757057315648e-06,0.05214484223079102,0.9823692061407943,1
2025-08-07,0.00041337141031269153,0.00040971714119854974,0.007308538228283576,3.654269114141788e-06,0.05235813940091387,0.9879267114141832,1
2025-08-08,0.0021178269812556455,0.0021169409910713403,0.0017719803686104263,8.859901843052131e-07,0.05237330177076444,0.9889220152507419,1
2025-08-11,-0.0018502796703614725,-0.0018547838637213358,0.009008386719726563,4.504193359863282e-06,0.05238514362615056,0.9935405949463241,1
2025-08-12,0.00357045531580095,0.0035696590116802655,0.001592608241368365,7.963041206841825e-07,0.052657871718499116,0.9922131933337357,1
2025-08-13,0.0033369679027329575,0.0033074096542821054,0.059116496901704424,2.9558248450852208e-05,0.054511003014683465,1.0513581810815436,1
2025-08-14,-0.0026496759309352987,-0.002653367102704001,0.007382343537404676,3.691171768702338e-06,0.05472976075411273,1.05495505527963,1
2025-08-15,-0.0023246773410373154,-0.0023271194940617254,0.004884306048819967,2.4421530244099834e-06,0.05475129998257268,1.0576900519575752,1
2025-08-18,-0.0008957028394127365,-0.0008978048327528647,0.004203986680256316,2.101993340128158e-06,0.05443763482404062,1.0587889871818323,1
2025-08-19,-0.002985407516759357,-0.002986673216302757,0.002531399086800279,1.2656995434001394e-06,0.054605688156431804,1.0609089069182567,1
2025-08-20,-0.00021779727947523485,-0.00022213699705475563,0.00867943515904153,4.339717579520765e-06,0.0544639983691837,1.0547218403103666,1
2025-08-21,-0.003382020892864663,-0.0033835869051940097,0.0031320246586925837,1.566012329346292e-06,0.05447339810120865,1.057636473255044,1
2025-08-22,0.010706460912340891,0.010693040259080699,0.02684130652038537,1.3420653260192683e-05,0.05278487765102988,1.083047657117749,1
2025-08-25,-0.002738317995517385,-0.0027469241559607304,0.01721232088669017,8.606160443345084e-06,0.055150699416188886,1.0693646356068192,1
2025-08-26,0.0029089891853065334,0.002904420589293727,0.0091371920256125,4.56859601280625e-06,0.05599059213558223,1.0769134670861213,1
2025-08-27,0.0012501635335333116,0.0012317839047750626,0.036759257516498056,1.8379628758249027e-05,0.05523282485876435,1.1134545378473377,1
2025-08-28,0.003986074298946536,0.003983683399486007,0.004781798921058941,2.3908994605294706e-06,0.0548360723617062,1.1180539661792677,1
2025-08-29,-0.004005461521091221,-0.0040074487205551765,0.003974398927911946,1.987199463955973e-06,0.05480622526923062,1.118635603223275,1
2025-09-02,-0.0024907499693517096,-0.0024953351340740683,0.009170329444717504,4.585164722358752e-06,0.05495181730563718,1.1099446079816095,1
2025-09-03,0.006189609650233934,0.0061865769216968005,0.006065457074266145,3.0327285371330725e-06,0.054795479238849025,1.1078414068158777,1
2025-09-04,0.005205294891927467,0.005201950343303762,0.006689097247411097,3.344548623705548e-06,0.055642317207802605,1.105349489308329,1
2025-09-05,0.004103580584091545,0.0040970233329443925,0.013114502294304484,6.557251147152242e-06,0.05582231687806273,1.1074414010257438,1
2025-09-08,0.005108150947783516,0.005099607892337743,0.017086110891546602,8.543055445773301e-06,0.05527040798511686,1.1026570311255741,1
2025-09-09,-0.000569443210774987,-0.0005742264931549407,0.009566564759907387,4.783282379953693e-06,0.05638528545094551,1.1102713225674568,1
2025-09-10,0.0023678763932585547,0.002366857998325028,0.0020367898670534124,1.0183949335267063e-06,0.05639074627685108,1.1089176855077487,1
2025-09-11,0.004722196217233502,0.00472048723313406,0.0034179681988850963,1.7089840994425481e-06,0.05625860298149609,1.1102830174516194,1
2025-09-12,-0.00011587944676040216,-0.00011883384362127306,0.005908793721741815,2.9543968608709075e-06,0.05652883999400539,1.107978427265537,1
2025-09-15,0.0049892454217603625,0.004986261260837059,0.005968321846606228,2.984160923303114e-06,0.05615433897852012,1.1120858499166264,1
2025-09-16,3.5240867533495136e-05,2.6760108586831023e-05,0.016961517893328226,8.480758946664114e-06,0.056031815899061206,1.1284942207751814,1
2025-09-17,-0.0023115914282621644,-0.0023185728321551856,0.013962807786042142,6.981403893021071e-06,0.05697011099586641,1.1422799417756613,1
2025-09-18,0.0008821866193151845,0.0008751518971720652,0.014069444286238617,7.034722143119308e-06,0.05802289072648344,1.154605842308419,1
2025-09-19,0.003538899198024721,0.003535203105149079,0.007392185751284391,3.6960928756421956e-06,0.05758600078137376,1.149066305823841,1
2025-09-22,0.003652129498515203,0.0036499927290767954,0.0042735388768152804,2.13676943840764e-06,0.05761967226828255,1.1489196046796655,1
2025-09-23,-0.001068176874398117,-0.0010739671282267997,0.011580507657365569,5.790253828682784e-06,0.05727338205550476,1.1512942576195337,1
2025-09-24,-0.0036145498646592182,-0.0036210852271322154,0.01307072494599465,6.535362472997325e-06,0.0572056834439632,1.1610776911918337,1
2025-09-25,-0.0023659408738442786,-0.0023683887728901554,0.0048957980917539445,2.4478990458769723e-06,0.05772726107147986,1.1567738480297989,1
2025-09-26,0.003353408001011031,0.0033515610666997515,0.003693868622559368,1.846934311279684e-06,0.057572118823081775,1.1588794668646778,1
2025-09-29,0.005464362381881988,0.005459802052291883,0.009120659180210489,4.560329590105244e-06,0.057844837599626775,1.1647199779907083,1
2025-09-30,0.002013391366642834,0.002009907567853167,0.006967597579334378,3.483798789667189e-06,0.05750596299091703,1.1654380035998637,1
2025-10-01,0.0031187964240397747,0.0031158950633872026,0.005802721305143865,2.9013606525719326e-06,0.05765869529473778,1.1679707975498859,1
2025-10-02,0.0012169302972601106,0.0012153826606509867,0.003095273218247971,1.5476366091239854e-06,0.05791425545160649,1.1705472094672735,1
2025-10-03,-0.0005348209253318308,-0.0005388781882553924,0.008114525847123258,4.057262923561629e-06,0.05843814667737908,1.1784562525699618,1
2025-10-06,0.003076301342206846,0.003069648659801471,0.013305364810749232,6.652682405374616e-06,0.057446110007877194,1.1890677757860073,1
2025-10-07,-0.0005286902967001392,-0.0005321608753777573,0.00694115735523626,3.4705786776181302e-06,0.05695905456038497,1.1840005383651993,1
2025-10-08,0.005577197267101349,0.005575436581229683,0.003521371743331947,1.7606858716659735e-06,0.05620543707214959,1.1858726935535104,1
2025-10-09,-0.0038419923466830037,-0.003848363764055701,0.012742834745394893,6.3714173726974465e-06,0.05641248735394924,1.1790130303831552,1
2025-10-10,-0.010824522303391752,-0.010830469938479689,0.011895270175874079,5.947635087937039e-06,0.05672424928801657,1.1831289383398866,1
2025-10-13,0.011084458888998758,0.011039397841624391,0.09012209474873518,4.506104737436759e-05,0.05407617251907955,1.0950179448596267,1
2025-10-14,0.0001618998177870172,0.00014679537128952416,0.030208892994986095,1.5104446497493046e-05,0.05537588098530817,1.0784339519516613,1
2025-10-15,0.00394740798928684,0.003946274787277799,0.0022664040180814388,1.1332020090407194e-06,0.05522216712294838,1.0771992218392115,1
2025-10-16,0.0011879166011965563,0.001185223957119408,0.005385288154296591,2.6926440771482955e-06,0.055414213411822046,1.076230602138329,1
2025-10-17,0.0006697695399049942,0.0006647554808466455,0.010028118116697127,5.014059058348564e-06,0.054908364900868,1.068848716756377,1
2025-10-20,0.008828586408821695,0.008825059491323492,0.007053834996405897,3.5269174982029485e-06,0.05417200956221075,1.0667555842683782,1
2025-10-21,-0.00490269087825558,-0.004912598621195624,0.0198154858800889,9.90774294004445e-06,0.055379360522280485,1.0557302378751396,1
2025-10-22,-0.002655241057126265,-0.002663662789627019,0.01684346500150742,8.42173250075371e-06,0.055150086403103725,1.0412731195365197,1
2025-10-23,0.001791082382617925,0.0017896482615748677,0.002868242086114456,1.4341210430572278e-06,0.05521242749726821,1.0385944591920284,1
2025-10-24,0.003905903448513026,0.003903748711106184,0.004309474813683184,2.154737406841592e-06,0.05505461480274803,1.0362829472958062,1
2025-10-27,0.004363333649915843,0.004358560440829986,0.009546418171712867,4.7732090858564334e-06,0.05489885524678013,1.0355110782516956,1
2025-10-28,0.0015402976276347154,0.0015287423056261102,0.023110644017210358,1.1555322008605178e-05,0.054433068708910216,1.0359399327107248,1
2025-10-29,-0.002655629066770609,-0.0026581479486903984,0.005037763839578879,2.5188819197894397e-06,0.05389110816448062,1.0381722141515173,1
2025-10-30,-0.004777454725892069,-0.0047799013838439475,0.004893315903756024,2.4466579518780117e-06,0.05427435474940057,1.034013116075554,1
2025-10-31,0.0005085213020432664,0.0004979961514067187,0.02105030127309547,1.0525150636547735e-05,0.05641708722876097,1.0488894232451689,1
2025-11-03,0.0001150822074692401,0.00010948516652744205,0.011194081883596121,5.597040941798061e-06,0.05585857705616284,1.0600696904144558,1
2025-11-04,-0.006402378274219052,-0.0064038610098150345,0.0029654711919637755,1.4827355959818879e-06,0.05590985833620996,1.0628232788754186,1
2025-11-05,0.00023632504295170546,0.0002309572692253115,0.01073554745278793,5.3677737263939655e-06,0.056531746764411195,1.0524941282128852,1
2025-11-06,-0.0030179692142496594,-0.0030212874914437035,0.006636554388088703,3.3182771940443516e-06,0.05630328220500965,1.0462331814759054,1
2025-11-07,4.959850048136586e-05,4.442731886997353e-05,0.010342363222784659,5.17118161139233e-06,0.055805616302413305,1.0360342536226856,1
2025-11-10,0.009002604725350378,0.009001971582537755,0.0012662856252460275,6.331428126230138e-07,0.05570550193372038,1.0367975600066635,1
2025-11-11,0.0017606314913891324,0.00175035621736701,0.020550548044244957,1.0275274022122478e-05,0.05680202208588877,1.0282479940894138,1
2025-11-12,0.0009792288396161918,0.000978114467719421,0.0022287437935420568,1.1143718967710285e-06,0.0566180113989761,1.0301500144538884,1
2025-11-13,-0.009627299248673388,-0.009629865150207369,0.005131803067963028,2.565901533981514e-06,0.056218771268478775,1.0329660578173574,1
2025-11-14,-0.0021851618579470542,-0.002193453448676247,0.016583181458385013,8.291590729192507e-06,0.0579211520064083,1.0167060127113197,1
2025-11-17,-0.0036640015148289625,-0.0036651920643418156,0.0023810990257057546,1.1905495128528774e-06,0.057980072688549496,1.0143699479180308,1
2025-11-18,-0.0027882284075662874,-0.0027903276723576565,0.004198529582738683,2.0992647913693418e-06,0.058350623547788694,1.0142827643571395,1
2025-11-19,0.0013302655379339233,0.001328551246477739,0.003428582912368555,1.7142914561842775e-06,0.058341616804363665,1.0108962516919606,1
2025-11-20,-0.0053739562478099835,-0.005375476226957375,0.003039958294784151,1.5199791473920754e-06,0.057912241821159574,1.0125498136448787,1
2025-11-21,0.004486849863933791,0.004484152781851572,0.005394164164437096,2.697082082218548e-06,0.05581282884261359,1.0097943083535326,1
2025-11-24,0.008999919856163562,0.008996975075273533,0.0058895617800595185,2.9447808900297593e-06,0.05578028843882237,1.0076652864859472,1
2025-11-25,0.003976412809365917,0.003967413448012239,0.0179987227073561,8.999361353678049e-06,0.05676521829310563,0.9956016684215314,1
2025-11-26,0.004044197495370204,0.0040417312926906744,0.004932405359058881,2.4662026795294404e-06,0.05689605013990988,0.993390819157222,1
2025-11-28,0.0019282604799458992,0.0019258685530377983,0.004783853816201625,2.3919269081008123e-06,0.05694779371005423,0.9932729312853164,1
2025-12-01,-0.004197326640232505,-0.004199641718414919,0.004630156364828414,2.315078182414207e-06,0.05653538858846297,0.9963737958332439,1
2025-12-02,0.0014701577604905973,0.001466868799528418,0.006577921924358618,3.288960962179309e-06,0.057100822251276585,0.993938539392009,1
2025-12-03,0.001828909404417647,0.0018253879187424857,0.007042971350322835,3.5214856751614177e-06,0.05648701885161626,0.9993484759714912,1
2025-12-04,-0.00107546391772052,-0.0010775473504626297,0.004166865484219254,2.083432742109627e-06,0.05620729959048444,1.0035200436421616,1
2025-12-05,-0.00035995713079904146,-0.0003659133631501007,0.0119124647021185,5.95623235105925e-06,0.056185890660489846,1.014446750335027,1
2025-12-08,-0.0023341916162538303,-0.0023400906840785156,0.011798135649370323,5.899067824685162e-06,0.055746436157326794,1.024287305985802,1
2025-12-09,0.00022406525754860144,0.0002228415523308909,0.002447410435421113,1.2237052177105565e-06,0.05593178463858429,1.0252472572041422,1
2025-12-10,0.0040563716593059575,0.004054796462921171,0.003150392769572838,1.575196384786419e-06,0.05585412928458905,1.0275005747358172,1
2025-12-11,0.0004678183654162838,0.00046630003732602265,0.0030366561805223458,1.5183280902611728e-06,0.05587032823626146,1.0304277408395333,1
2025-12-12,-0.006796098363354716,-0.006797786893389173,0.0033770600689132096,1.6885300344566049e-06,0.05581190847228616,1.0312996891134822,1
2025-12-15,-0.00044469290664558424,-0.00045050022768755485,0.011614642083941237,5.807321041970618e-06,0.05636921278580286,1.0199009719878496,1
2025-12-16,0.0012099207847944935,0.0012093939656800548,0.0010536382288771073,5.268191144385537e-07,0.05636147734114992,1.0199802971484122,1
2025-12-17,-0.004246571033914408,-0.004248628311341842,0.0041145548548676275,2.0572774274338136e-06,0.05617487552477612,1.0181824354486195,1
2025-12-18,0.00487911866063954,0.00487375948982172,0.010718341635639506,5.359170817819753e-06,0.0564249371230271,1.0201707718014483,1
2025-12-19,0.0023049664575851164,0.0023016053640914375,0.006722186987357839,3.3610934936789197e-06,0.05676113894500734,1.016930117979295,1
2025-12-22,0.00283706161884893,0.0028330918030758617,0.007939631546137013,3.969815773068506e-06,0.056558595626640985,1.015062074410628,1
2025-12-23,0.0027257632971167947,0.002721515311406111,0.00849597142136782,4.24798571068391e-06,0.05679844879213741,1.017540378683017,1
2025-12-24,0.002728680051513077,0.002727022168868594,0.003315765288965891,1.6578826444829456e-06,0.05661402326014972,1.01845316240936,1
2025-12-26,-2.3201910887771606e-05,-2.5658089767387267e-05,0.004912357759231323,2.4561788796156613e-06,0.05659068817560477,1.0163628909884663,1
2025-12-29,-0.002978862575766599,-0.002979815862854271,0.0019065741753439558,9.532870876719779e-07,0.05653808595883393,1.0161268216538062,1
2025-12-30,-0.0007947522707716789,-0.0007975345959646401,0.0055646503859225,2.7823251929612498e-06,0.05599644335013005,1.0153327270955548,1
2025-12-31,-0.00500834245285885,-0.005009123668318413,0.0015624309191243427,7.812154595621713e-07,0.056063968237194804,1.0157561977129197,1
2026-01-02,0.000281925592906994,0.00027894281321585605,0.005965559382275852,2.982779691137926e-06,0.05657096269891814,1.0098707455559883,1
2026-01-05,0.0055705593448399805,0.005569557929061385,0.0020028315571912064,1.0014157785956032e-06,0.05656538813679756,1.0105296986192553,1
2026-01-06,0.0023598871496370256,0.0023563162276871736,0.0071418438997040284,3.5709219498520142e-06,0.057225086875301784,1.0065820282439542,1
2026-01-07,0.00026052641855728087,0.00025640382225829844,0.008245192597964891,4.122596298982446e-06,0.057437550620839696,1.010509040342668,1
2026-01-08,-0.0014715885980272861,-0.001473038625839781,0.002900055624989399,1.4500278124946996e-06,0.05745775192526063,1.0105201426826373,1
2026-01-09,0.004530355683183221,0.004528834860587188,0.0030416451920654633,1.5208225960327316e-06,0.05742117582471991,1.0105025083026558,1
2026-01-12,0.0009235514275523484,0.0009194121319790144,0.008278591146668082,4.139295573334041e-06,0.05755565867138521,1.0068307282934488,1
2026-01-13,-0.0002078362136599003,-0.00023543037839303326,0.055188329466265916,2.7594164733132958e-05,0.060743820812423105,1.059028015805333,1
2026-01-14,-0.0002577544413192151,-0.0002644928064368238,0.013476730235217386,6.738365117608694e-06,0.059659589534861585,1.0705239661208308,1
2026-01-15,0.0004794946381127454,0.00047688631216341864,0.00521665189865346,2.60832594932673e-06,0.05937700019763462,1.066473616777203,1
2026-01-16,-0.0020010213881237085,-0.002001941948734619,0.0018411212218216039,9.205606109108019e-07,0.059280828650104575,1.067860537686914,1
2026-01-20,-0.008803025188974618,-0.008806822146617216,0.007593915285194437,3.7969576425972185e-06,0.05987152917108935,1.0738362375567558,1
2026-01-21,0.007534247736714492,0.0075173545167100285,0.033786440008926985,1.6893220004463495e-05,0.0597416386753017,1.04070966848358,1
2026-01-22,0.004272009700246582,0.004266911276180258,0.010196848132648817,5.0984240663244086e-06,0.05970723666875946,1.038327874839805,1
2026-01-23,0.0021222266128228134,0.0021148226119632927,0.014808001719041813,7.404000859520907e-06,0.06037886856003983,1.0496119000605593,1
2026-01-26,0.004027184549479472,0.004024659630498786,0.0050498379613720945,2.524918980686047e-06,0.0604305287706246,1.0503592157858561,1
2026-01-27,0.0022513029594059602,0.0022493382684570427,0.003929381897834941,1.9646909489174703e-06,0.06096256673397904,1.0515790090252735,1
2026-01-28,0.00231287280989905,0.002309925135954266,0.0058953478895671235,2.947673944783562e-06,0.060744411297482315,1.0495066750499369,1
2026-01-29,-0.0008766917556916479,-0.0008835878252816456,0.013792139179995264,6.896069589997632e-06,0.06129127060364239,1.0568736123626439,1
2026-01-30,-0.010542018107991019,-0.010543088701365317,0.0021411867485970626,1.0705933742985313e-06,0.06139549176696816,1.0582690693654768,1
2026-02-02,-0.000769899287332842,-0.0007832783298957317,0.026758085125779534,1.3379042562889767e-05,0.062016091639523215,1.0396899779880817,1
2026-02-03,-0.0002443449034201489,-0.00024741125155115014,0.0061326962620025585,3.0663481310012794e-06,0.06163232645895331,1.0451906716218187,1
2026-02-04,-0.004022877222017045,-0.004026887103504209,0.008019762974329436,4.009881487164718e-06,0.06070845304640132,1.0373337355995336,1
2026-02-05,-0.002849002281305464,-0.0028506756160358027,0.0033466694606772984,1.6733347303386492e-06,0.060852865381949846,1.0341420388162308,1
2026-02-06,0.008994936216097166,0.008985388494565037,0.0190954430642582,9.5477215321291e-06,0.059956385863502645,1.0260772797523665,1
2026-02-09,0.0032920029052567203,0.003275419162593096,0.03316748532724833,1.6583742663624165e-05,0.061071747983792904,1.0196963171738165,1
2026-02-10,0.001339008272477997,0.0013315655290710752,0.014885486813843642,7.44274340692182e-06,0.06217772870009756,1.0319076449381257,1
2026-02-11,-0.0007551772662040554,-0.0007628572277946595,0.01535992318120808,7.67996159060404e-06,0.06163125296194693,1.0207030858178443,1
2026-02-12,-0.00409559933009412,-0.0041018862167688476,0.01257377334945653,6.286886674728265e-06,0.0611971202218518,1.0308257338607671,1
2026-02-13,0.003222424728147592,0.003210491230644634,0.023866995005916138,1.1933497502958068e-05,0.05976065855313982,1.0076439251106388,1
2026-02-17,-0.0009062464807315078,-0.0009086323298407075,0.004771698218399595,2.3858491091997975e-06,0.05995297374293383,1.005676876246294,1
2026-02-18,0.0022167882761533024,0.002208348250396314,0.016880051513976507,8.440025756988253e-06,0.05844480066785651,1.0221795211449125,1
2026-02-19,-0.0006212957253007539,-0.0006247159881322022,0.006840525662896509,3.420262831448254e-06,0.058279697331555795,1.0222537317702445,1
2026-02-20,0.003154158180906845,0.0031517627279000647,0.0047909060135601506,2.395453006780075e-06,0.05823184526077932,1.026217414039628,1
2026-02-23,-0.0019374045141305602,-0.0019390808410834246,0.003352653905728885,1.6763269528644423e-06,0.058261827789267175,1.027761753108082,1
2026-02-24,0.002623711231748223,0.0026207578130358613,0.005906837424722887,2.9534187123614434e-06,0.05784008141954025,1.0220481423859926,1
2026-02-25,0.003934847210149915,0.003928305906283427,0.013082607732975413,6.541303866487706e-06,0.05818545788025184,1.035076064015293,1
2026-02-26,-0.0015982673970532729,-0.0016012788147468132,0.006022835387080698,3.011417693540349e-06,0.05785510245152165,1.0349561967685486,1
2026-02-27,0.0004029620540681652,0.00039546750353778654,0.0149891010607573,7.494550530378649e-06,0.05666390708053617,1.0477142863657245,1
2026-03-02,-0.0020048445830044225,-0.0020091996273673093,0.008710088725773446,4.355044362886723e-06,0.05625690155042152,1.0482159275820075,1
2026-03-03,-0.006278285298544012,-0.006281547508785672,0.006524420483319311,3.2622102416596558e-06,0.05595476219905948,1.045337228591621,1
2026-03-04,0.003871332904110925,0.0038692317148065654,0.004202378608719054,2.101189304359527e-06,0.056954068386365096,1.0424793496779066,1
2026-03-05,-0.0041053336200887035,-0.00411487879547964,0.01909035078187369,9.545175390936843e-06,0.05639400775588519,1.04875149163223,1
2026-03-06,-0.006180220841366626,-0.006182049437573482,0.00365719241371297,1.8285962068564852e-06,0.05690231973851913,1.0468085719412743,1
2026-03-09,0.007038417275226265,0.007033686739998639,0.009461070455253351,4.7305352276266755e-06,0.0572256142119541,1.037640514408443,1
2026-03-10,-0.002888396609758887,-0.00289405587296908,0.011318526420385215,5.659263210192607e-06,0.05814404312520911,1.029764358557087,1
2026-03-11,-0.004073212984271744,-0.0040762736304111626,0.006121292278838675,3.0606461394193374e-06,0.05825019379537684,1.0237351317006225,1
2026-03-12,-0.008434187846655707,-0.008438829047491252,0.009282401671089846,4.641200835544923e-06,0.05829222092828375,1.0145529500915336,1
2026-03-13,-0.0038358604267189744,-0.003841589641163305,0.011458428888661762,5.729214444330881e-06,0.059513070326645955,1.0035213802684817,1
2026-03-16,0.006168794022236986,0.006167252669542005,0.003082705389961575,1.5413526949807876e-06,0.05947137933535229,1.0036052661602308,1
2026-03-17,0.0025994136425489985,0.0025935723601291055,0.011682564839786046,5.841282419893023e-06,0.060103608466326106,0.9956774315334043,1
2026-03-18,-0.008690880681131002,-0.008696932410529533,0.012103458797063135,6.0517293985315675e-06,0.05965178360749348,1.0070248534544752,1
2026-03-19,-0.000562338147675614,-0.0005676745527171236,0.010672810083019034,5.336405041509517e-06,0.06115750736533912,0.9969880520613015,1
2026-03-20,-0.01299770304958225,-0.01299973557235312,0.0040650455417388445,2.0325227708694224e-06,0.060962374530523986,0.9956749123919459,1
2026-03-23,0.005721154119505194,0.0057100814212581045,0.02214539649417869,1.1072698247089344e-05,0.06434815862954096,0.9753367979452923,1
2026-03-24,-0.0034142548559444753,-0.0034170357415314982,0.005561771174046146,2.780885587023073e-06,0.06445302615816553,0.9734281223557117,1
2026-03-25,0.005935770342880323,0.0059332975107943145,0.004945664172016563,2.4728320860082814e-06,0.0649830445497733,0.9771751101742137,1
2026-03-26,-0.011552148916476147,-0.01155599117697929,0.007684521006288171,3.842260503144085e-06,0.06569795804859822,0.9733127363384759,1
2026-03-27,-0.005726404801439125,-0.0057344420942303095,0.016074585582368545,8.037292791184272e-06,0.06747487277095862,0.9577481052118384,1
2026-03-30,0.0015346745674876196,0.0015299723113974871,0.009404512180264918,4.702256090132459e-06,0.06685475944576576,0.9489102115711883,1
2026-03-31,0.012987940630039399,0.012982640079441832,0.010601101195133633,5.300550597566817e-06,0.06654561416096788,0.9422432979465112,1
2026-04-01,0.0036257117915590095,0.0036053275868443394,0.040768409429340124,2.038420471467006e-05,0.06782909008927619,0.9146328123111642,1
2026-04-02,0.0013388154437273627,0.001335494270572351,0.006642346310023445,3.3211731550117223e-06,0.06789908046309179,0.9122912221053485,1
2026-04-06,0.0011927772151119431,0.001191669606077262,0.002215218069362125,1.1076090346810625e-06,0.06763418487060384,0.9142039739288512,1
2026-04-07,0.0006186744477015849,0.000617136948755885,0.0030749978913999776,1.5374989456999889e-06,0.06758102771286316,0.9135077901149431,1
2026-04-08,0.009994776738145366,0.009993447400379333,0.0026586755320668204,1.3293377660334103e-06,0.06723674295985643,0.9159928297260729,1
2026-04-09,0.0017355700859092052,0.0017234418876423284,0.02425639653375366,1.212819826687683e-05,0.0677867614116689,0.9002890750710377,1
2026-04-10,-0.0013638656034550278,-0.0013660043654626231,0.004277524015190472,2.138762007595236e-06,0.06783121752985102,0.9006206929276326,1
2026-04-13,0.004034992845973924,0.0040342027065407154,0.001580278866416658,7.901394332083291e-07,0.0678723635881999,0.90079334111714,1
2026-04-14,0.006496650550420351,0.006493186977613889,0.0069271456129241515,3.463572806462076e-06,0.06780060807120053,0.899217064941507,1
2026-04-15,0.0013499604490524344,0.0013454954687690476,0.00892996056677365,4.464980283386825e-06,0.068292928068193,0.8932320831971643,1
2026-04-16,-0.0007157432203221282,-0.0007185495099241668,0.005612579204077081,2.8062896020385407e-06,0.06800239149184509,0.890707620286856,1
2026-04-17,0.006683617104868098,0.0066828903101409055,0.0014535894543848057,7.267947271924029e-07,0.06814250839820922,0.8911272792503377,1
2026-04-20,-0.0012644248182197787,-0.0012695705905310423,0.010291544622527175,5.145772311263587e-06,0.06871260672563544,0.8834438848388941,1
2026-04-21,-0.00432022100149613,-0.004321111683711565,0.0017813644308677795,8.906822154338897e-07,0.06873717459998005,0.8843709731389047,1
2026-04-22,0.0047037763732093955,0.004695746473547353,0.016059799324084648,8.029899662042324e-06,0.06930029144765455,0.8980846635040745,1
2026-04-23,-0.00243181278766997,-0.002435539258453456,0.007452941566972765,3.7264707834863826e-06,0.0690303639231233,0.9009930148290402,1
2026-04-24,0.004310620899973729,0.004309429854225113,0.002382091497230489,1.1910457486152443e-06,0.06900943025430785,0.9012853170052655,1
2026-04-27,-0.0009156368798990376,-0.0009188155936938738,0.006357427589672372,3.1787137948361863e-06,0.06906424986243173,0.8988018473719583,1
2026-04-28,-0.002689675758059273,-0.00269056537972565,0.0017792433327546361,8.896216663773181e-07,0.06894395017489331,0.8992421683114278,1
2026-04-29,-0.0022849290064831484,-0.002286452200416193,0.003046387866089295,1.5231939330446475e-06,0.06915828422596476,0.9000493160773717,1
2026-04-30,0.003792239459886689,0.003789850127082222,0.00477866560893403,2.3893328044670147e-06,0.06924958003295449,0.8971445360336272,1
2026-05-01,0.0023668779917241194,0.0023638265759434738,0.006102831561291613,3.051415780645807e-06,0.06935432373574572,0.8943528170004771,1
2026-05-04,-0.004055702949271019,-0.004059482300097059,0.007558701652080203,3.779350826040102e-06,0.06947971928758839,0.9018059193107153,1
2026-05-05,0.00450735427771624,0.004504705818046054,0.005296919340371957,2.6484596701859785e-06,0.0699933831876347,0.8993479369135149,1
2026-05-06,0.008232058654284655,0.008229079552067989,0.0059582044333329545,2.9791022166664773e-06,0.07133322995346071,0.9030352027154678,1
2026-05-07,-0.002397471959519228,-0.002402121105796668,0.009298292554880447,4.6491462774402235e-06,0.07212237911628289,0.8974571197576426,1
2026-05-08,0.005869549332597928,0.005864315934031669,0.010466797132518961,5.233398566259481e-06,0.07295443652715583,0.9039714941693799,1
2026-05-11,-0.000977188503645907,-0.0009819148804592046,0.00945275362659534,4.72637681329767e-06,0.07292221680196112,0.9075983066814819,1
2026-05-12,-0.003048590378962503,-0.003049454325165519,0.001727892406031481,8.639462030157405e-07,0.07285540198355138,0.9069483543899655,1
2026-05-13,0.0014853638826467282,0.0014823317035507126,0.006064358192031188,3.0321790960155942e-06,0.0733707174633327,0.9106283879706931,1
2026-05-14,0.001770023246738996,0.0017676384078372672,0.004769677803457509,2.3848389017287545e-06,0.07336467839137374,0.9109510283480304,1
2026-05-15,-0.00915149602281403,-0.009159658783587413,0.01632552154676644,8.16276077338322e-06,0.07474801791821964,0.927436059161463,1
2026-05-18,-0.000389289348094419,-0.00039731882085226276,0.01605894551568754,8.02947275784377e-06,0.07559795014867335,0.9126104634230388,1
2026-05-19,-0.004545552880272624,-0.0045466327127046706,0.0021596648640917065,1.0798324320458532e-06,0.07571354227233,0.9136387183854227,1
2026-05-20,0.007830133670697468,0.007828235440271773,0.003796460851390078,1.898230425695039e-06,0.07604169386069226,0.9115784263228783,1
2026-05-21,0.0012725769098377241,0.0012647254656726716,0.015702888330104955,7.851444165052477e-06,0.07657618002919923,0.8991390322192494,1
2026-05-22,0.001746717979372692,0.00174526817122788,0.0028996162896238187,1.4498081448119094e-06,0.07659147991767407,0.8998403703346916,1
2026-05-26,0.004806051249124106,0.004802668972013013,0.006764554222186157,3.3822771110930786e-06,0.07727464629415616,0.9038861576431232,1
2026-05-27,-0.0005005918772833217,-0.0005033455544676338,0.005507354368624248,2.7536771843121243e-06,0.07750018518893545,0.9011690160492727,1
2026-05-28,0.0037196610276921706,0.0037181042380387743,0.0031135793067927284,1.5567896533963641e-06,0.07749734448336791,0.9022432160784033,1
2026-05-29,0.001709589409064375,0.001708056183610982,0.0030664509067859433,1.5332254533929717e-06,0.07797250228689179,0.9033637924337641,1
2026-06-01,0.00019917852398949857,0.0001974050150656618,0.003547017847673549,1.7735089238367744e-06,0.0783096421189341,0.9063310945665155,1
2026-06-02,0.0013647078061792954,0.0013619025720666323,0.005610468225326168,2.805234112663084e-06,0.0784947346989082,0.9098133480040802,1
2026-06-03,-0.0034566631276197893,-0.003460057874499854,0.006789493760129307,3.3947468800646537e-06,0.07843304792418151,0.9160631802547603,1
2026-06-04,0.0015450451129570485,0.00154400033932234,0.002089547269417312,1.044773634708656e-06,0.07865149617035405,0.9160316756493319,1
2026-06-05,-0.014113888936403217,-0.014115491672759693,0.0032054727129507063,1.602736356475353e-06,0.07842914220245042,0.918566435577008,1
2026-06-08,0.0013306193095920546,0.0013198593402392314,0.021519938705646613,1.0759969352823306e-05,0.07929327165613259,0.8958821900438945,1
2026-06-09,-0.0010302944311550767,-0.0010354592070494467,0.010329551788739955,5.164775894369977e-06,0.07905898278188012,0.9029489898829857,1
2026-06-10,-0.007765410623076093,-0.007766806038918082,0.002790831683977736,1.395415841988868e-06,0.07897218164801782,0.9048775650790146,1
2026-06-11,0.01175577569345291,0.011749622269630739,0.012306847644339022,6.153423822169511e-06,0.0792480719229875,0.9035366317728182,1
2026-06-12,0.0009032589243244944,0.0008936713835234922,0.01917508160200438,9.587540801002189e-06,0.0800346437602301,0.8946795779582115,1
2026-06-15,0.007313556475993112,0.0073120814357444325,0.0029500804973588285,1.4750402486794142e-06,0.0799131544648735,0.8971413915971518,1
2026-06-16,-0.001335591519371325,-0.00134486799467326,0.01855295060386996,9.27647530193498e-06,0.07965363752259882,0.8945205000742238,1
2026-06-17,-0.005037598724181939,-0.0050402523471315625,0.005307245899245902,2.653622949622951e-06,0.07924298211136194,0.8933389665253075,1
2026-06-18,0.005594123882776987,0.005591029101722197,0.006189562109581909,3.0947810547909544e-06,0.07881810938133084,0.8980262579078004,1
2026-06-22,-0.0030133657461796732,-0.0030178049518582682,0.008878411357189614,4.439205678594807e-06,0.07948635263460706,0.8984821538137533,1
2026-06-23,-0.006032734002686779,-0.006048663521146373,0.031859036919186054,1.592951845959303e-05,0.07825191464986471,0.9292190008642971,1
2026-06-24,0.0011605760127536436,0.0011571000188677978,0.006951987771691509,3.4759938858457543e-06,0.07798637571940459,0.9248621627750031,1
2026-06-25,0.0014808515156545861,0.001474225337277718,0.013252356753736476,6.626178376868239e-06,0.0769096048668818,0.9155042686396095,1
2026-06-26,-0.0015388839296927481,-0.001542401905100036,0.007035950814575941,3.5179754072879703e-06,0.07672640632982511,0.9215052299172288,1
2026-06-29,0.004691182417455502,0.004684386697284796,0.01359144034141141,6.795720170705705e-06,0.07497039945412078,0.9335058244943806,1
2026-06-30,-0.0001982015398601215,-0.00020302340972741916,0.009643739734595314,4.821869867297657e-06,0.07577191616039597,0.94070284463988,1
2026-07-01,-0.0028019075180354,-0.0028053220822759077,0.006829128481015773,3.4145642405078862e-06,0.07583392623324046,0.942109768547833,1
2026-07-02,7.43664676169524e-05,6.433100417970413e-05,0.020070926874496547,1.0035463437248273e-05,0.07511865333033477,0.9563747270252212,1
2026-07-06,0.003809475107089005,0.0038079199512351517,0.003110311707706148,1.555155853853074e-06,0.07462474463686779,0.9553696842706219,1
2026-07-07,-0.0061577837918404,-0.006161429840077183,0.0072920964735659205,3.6460482367829604e-06,0.07490371124440195,0.9567285208288525,1
2026-07-08,-0.0016274062469187485,-0.0016316945490752156,0.008576604312933875,4.288302156466938e-06,0.07531715768185121,0.9481884040444921,1
2026-07-09,0.004272375735386777,0.004271567795368486,0.001615880036582272,8.079400182911361e-07,0.07541178968134293,0.947756231235307,1
2026-07-10,0.0006625671553245548,0.0006558879632521861,0.013358384144737598,6.6791920723687985e-06,0.07518272155625545,0.9602843856716987,1
2026-07-13,-0.006733963607414874,-0.006734975407317126,0.0020235998045038672,1.0117999022519337e-06,0.075222989585196,0.9610626781944718,1
2026-07-14,0.0034805794183555196,0.0034777157706918213,0.0057272953273966795,2.86364766369834e-06,0.07562464100769056,0.955072381454142,1
2026-07-15,0.0014818599023054934,0.0014794467074857988,0.004826389639389389,2.4131948196946945e-06,0.07561143909523547,0.9563507620683775,1
2026-07-16,-0.0037711116908861475,-0.003774084416353558,0.0059454509348208645,2.9727254674104324e-06,0.07516128764106685,0.9623023634041608,1
2026-07-17,-0.0021514030580609164,-0.00215286110986942,0.0029161036170064283,1.4580518085032142e-06,0.07540350196934516,0.9620982262501805,1
2026-07-20,-0.0020312583485094515,-0.00203278750292737,0.0030583088358372354,1.5291544179186176e-06,0.0750337579109495,0.9595725874769689,1
2026-07-21,0.0037475556143219298,0.0037437653121970187,0.0075806042498220705,3.790302124911035e-06,0.07433037035733013,0.9654385254500784,1
2026-07-22,-0.000849921842348382,-0.0008542281067146468,0.008612528732529573,4.306264366264786e-06,0.07413404045361033,0.9622389716103186,1
2026-07-23,-0.007208687366584905,-0.007210617479163707,0.003860225157604348,1.930112578802174e-06,0.07373589934757345,0.965729239229687,1
2026-07-24,-0.00023752514093296618,-0.00023992865062618618,0.004807019386439987,2.4035096932199934e-06,0.07410787454446434,0.9629074812831884,1
2026-07-27,0.0017678804676973863,0.0017671987595493511,0.0013634162960705562,6.817081480352781e-07,0.0739281157405154,0.9632594134069907,1
2026-07-28,0.0006603836511124661,0.0006569765781907092,0.006814145843513822,3.407072921756911e-06,0.07369879355904169,0.963091122931657,1
2026-07-29,-0.008389481220561374,-0.008391470656505157,0.003978871887568944,1.989435943784472e-06,0.07351287281798903,0.9616176975601243,1
2026-07-30,0.007343532085481972,0.007334038144150757,0.018987882662431524,9.493941331215762e-06,0.07357604296724608,0.9425292995231405,1
2026-07-31,-0.0004974262043106566,-0.0005071812252238521,0.019510041826390934,9.755020913195467e-06,0.07363090257290128,0.9366232084927655,1
2026-08-03,0.004670142745466695,0.004668676558384798,0.002932374163793487,1.4661870818967437e-06,0.07322910937257983,0.935910400441271,1
2026-08-04,0.008774317912732857,0.008769695307439523,0.009245210586667725,4.622605293333862e-06,0.07314020202264075,0.9320586327400178,1
2026-08-05,0.0020232963966080523,0.0020160237409495812,0.014545311316942464,7.272655658471232e-06,0.07343848656837183,0.9248156878751366,1
2026-08-06,-0.0021815718319863303,-0.0021867563410880664,0.01036901820347181,5.184509101735905e-06,0.07259182790261656,0.9233591502583591,1
2026-08-07,0.004665394310268992,0.004661119661645759,0.008549297246465935,4.2746486232329675e-06,0.0718327017203125,0.9307843656077985,1
2026-08-10,-0.0019592471076109877,-0.001962034451897641,0.005574688573306452,2.787344286653226e-06,0.07198576143017817,0.9296756243735624,1
2026-08-11,-0.0006295702019378647,-0.0006313043396684426,0.0034682754611557176,1.7341377305778587e-06,0.0715276225121188,0.9299372376608914,1
2026-08-12,0.0017695153400759144,0.0017686162305565734,0.0017982190386822486,8.991095193411243e-07,0.07154423860287713,0.9309875947299171,1
2026-08-13,0.003253102911833892,0.0032510759132671615,0.004053997133461627,2.0269985667308136e-06,0.0714601039400531,0.9328752276312646,1
2026-08-14,-0.0017899248593009644,-0.0017925505053219988,0.005251292042068881,2.6256460210344402e-06,0.07150486752208668,0.9305019065933018,1
