date,gross_return,net_return,turnover,transaction_cost,forecast_volatility,gross_exposure,rebalanced
2020-04-03,-0.0030037741486475433,-0.0034174596864734127,0.8273710756517385,0.00041368553782586924,0.1,0.8273710756517385,1
2020-04-06,0.0150826730376568,0.015080637666630507,0.004070742052587159,2.0353710262935797e-06,0.1,0.8276183626068137,1
2020-04-07,-0.001715641712646863,-0.0017279106575260343,0.024537889758342674,1.2268944879171336e-05,0.09999999999999999,0.8073684532888338,1
2020-04-08,0.004379588854264201,0.004378490366377173,0.0021969757740565865,1.0984878870282932e-06,0.1,0.8066370952408772,1
2020-04-09,0.008956976230942899,0.008950734190003699,0.012484081878399458,6.24204093919973e-06,0.1,0.8074312196587862,1
2020-04-13,8.50451249331031e-05,7.477983043788615e-05,0.02053058899043389,1.0265294495216945e-05,0.1,0.8026499006580026,1
2020-04-14,0.006392718586778303,0.006389464643255755,0.006507887045096063,3.253943522548031e-06,0.1,0.8031315948603599,1
2020-04-15,-0.0007191419589125051,-0.0007232539383659911,0.008223958906971945,4.111979453485973e-06,0.1,0.8007097847584533,1
2020-04-16,0.0026894410744923744,0.0026859835383972975,0.006915072190154026,3.4575360950770128e-06,0.1,0.8003628670090223,1
2020-04-17,-0.0005230217637845543,-0.0005249523277196137,0.0038611278701187815,1.930563935059391e-06,0.1,0.8001271451182372,1
2020-04-20,-0.0015099341460757811,-0.0015132500505316451,0.006631808911728113,3.3159044558640562e-06,0.09999999999999998,0.80090579646685,1
2020-04-21,-0.005339060598007529,-0.005341329521730851,0.004537847446642318,2.268923723321159e-06,0.1,0.8012180719814805,1
2020-04-22,0.005199184000048173,0.005195077793363073,0.008212413370200455,4.106206685100228e-06,0.1,0.7987938797535341,1
2020-04-23,0.0014048083990534537,0.0013998481862585153,0.00992042558987663,4.960212794938315e-06,0.1,0.7968598957226423,1
2020-04-24,0.0013638295643984813,0.0013625068519643952,0.002645424868172111,1.3227124340860554e-06,0.10000000000000002,0.7968457941475773,1
2020-04-27,-0.0007117860402268253,-0.0007138514890482566,0.00413089764286266,2.06544882143133e-06,0.10000000000000002,0.7973099539556454,1
2020-04-28,-0.0005669425205539014,-0.0005691201572135991,0.004355273319395447,2.1776366596977237e-06,0.1,0.796337073889656,1
2020-04-29,0.0054670376982645956,0.005465012837872601,0.004049720783988187,2.0248603919940934e-06,0.10000000000000002,0.7960675406304503,1
2020-04-30,-0.0031497466771147472,-0.003154161741400113,0.008830128570732065,4.415064285366033e-06,0.1,0.7950952187785316,1
2020-05-01,-0.003977467165775292,-0.003979480916630068,0.0040275017095524335,2.0137508547762167e-06,0.1,0.7929951430755087,1
2020-05-04,0.0007713359047261926,0.0007677038842320753,0.0072640409882346255,3.632020494117313e-06,0.1,0.7914540809729669,1
2020-05-05,0.001723943118823078,0.001723111772556685,0.0016626925327861974,8.313462663930987e-07,0.1,0.7911643539319497,1
2020-05-06,-0.0033762296274843064,-0.0033777308612714025,0.003002467574192265,1.5012337870961325e-06,0.1,0.7905191638986179,1
2020-05-07,0.005518626081333141,0.005516538273940124,0.00417561478603453,2.0878073930172653e-06,0.10000000000000002,0.7879601170567392,1
2020-05-08,0.000702968254890874,0.0007000499215944216,0.005836666592904986,2.918333296452493e-06,0.1,0.7843016972682726,1
2020-05-11,-0.0012566624367536736,-0.001259461099115416,0.005597324723485217,2.7986623617426083e-06,0.1,0.7848506540812814,1
2020-05-12,-0.0014526768919234903,-0.0014537178323297125,0.002081880812444349,1.0409404062221745e-06,0.10000000000000003,0.7846638521683554,1
2020-05-13,-0.0007877575606059304,-0.0007899199653511625,0.0043248094904642514,2.1624047452321256e-06,0.1,0.7852348683229449,1
2020-05-14,0.0032999702749987253,0.0032977995283253268,0.004341493346797301,2.1707466733986506e-06,0.10000000000000002,0.7854365309757547,1
2020-05-15,0.0014055221047604715,0.001403330317245045,0.004383575030852779,2.1917875154263897e-06,0.10000000000000003,0.7844278790748687,1
2020-05-18,0.001307678715078759,0.0013067842576667428,0.0017889148240323866,8.944574120161933e-07,0.10000000000000002,0.7844614194750612,1
2020-05-19,0.0007129214089046048,0.00070780890902488,0.010224999759449675,5.112499879724837e-06,0.10000000000000002,0.7858663671506418,1
2020-05-20,0.003776363078607561,0.0037750217011273805,0.0026827549603612375,1.3413774801806188e-06,0.09999999999999999,0.786134152298043,1
2020-05-21,-0.002616563705611682,-0.0026186972707041094,0.004267130184854619,2.1335650924273093e-06,0.10000000000000002,0.7851877221767111,1
2020-05-22,0.001734616421432435,0.001732532217223478,0.00416840841791364,2.0842042089568198e-06,0.1,0.7836002905347734,1
2020-05-26,-0.0015934702486601084,-0.0015948342868314196,0.002728076342622232,1.3640381713111161e-06,0.09999999999999999,0.7819115253650072,1
2020-05-27,0.0015704658509858769,0.0015679759621378797,0.00497977769599444,2.4898888479972203e-06,0.10000000000000002,0.7846316342851452,1
2020-05-28,-1.5151833221873799e-05,-1.6440983397041904e-05,0.00257830035033621,1.289150175168105e-06,0.1,0.7847595540782943,1
2020-05-29,0.003028631396537319,0.003026831899677482,0.0035989937196740235,1.7994968598370117e-06,0.10000000000000002,0.7859338760698411,1
2020-06-01,0.0007332914692828303,0.0007293932791691149,0.007796380227430941,3.89819011371547e-06,0.1,0.7849032794635793,1
2020-06-02,0.0006081335878204516,0.0006065806292387112,0.0031059171634808883,1.5529585817404442e-06,0.1,0.786469245578596,1
2020-06-03,-0.0020354498396882243,-0.002039467316620855,0.008034953865261478,4.017476932630739e-06,0.10000000000000002,0.7841332008427435,1
2020-06-04,-0.001054580655613948,-0.001056011763523955,0.0028622158200137804,1.4311079100068902e-06,0.1,0.7844493257435738,1
2020-06-05,0.0008598113531250374,0.0008569112699778577,0.005800166294359366,2.9000831471796827e-06,0.1,0.7815835919455176,1
2020-06-08,0.0030499824841030048,0.0030442650242145644,0.011434919776881117,5.717459888440558e-06,0.1,0.7871360077969698,1
2020-06-09,0.001735476619475351,0.001729431541132613,0.012090156685476125,6.0450783427380625e-06,0.1,0.7829982922750942,1
2020-06-10,0.0035645745512951988,0.003560236182585328,0.008676737419741794,4.338368709870897e-06,0.10000000000000002,0.7801601832458893,1
2020-06-11,-0.008897285736648552,-0.008909465033170662,0.02435859304421959,1.2179296522109795e-05,0.1,0.8053030042918923,1
2020-06-12,0.001570300203533311,0.0015463191891219646,0.04796202882269279,2.3981014411346397e-05,0.10000000000000002,0.8515270821221863,1
2020-06-15,0.002244298182121393,0.002235817492141833,0.016961379959119713,8.480689979559856e-06,0.1,0.8437340904244184,1
2020-06-16,0.001963300853131934,0.0019422508410660605,0.04210002413174664,2.1050012065873318e-05,0.1,0.8558902894821865,1
2020-06-17,0.00041590017550358765,0.0004011286788347822,0.029542993337610818,1.4771496668805409e-05,0.1,0.8527176196032935,1
2020-06-18,0.0016260341728945675,0.0015745276767841437,0.10301299222084764,5.150649611042382e-05,0.1,0.9558044328957253,1
2020-06-19,0.0006641479260189938,0.000660849734110942,0.006596383816103682,3.298191908051841e-06,0.10000000000000002,0.9572572284515097,1
2020-06-22,0.0027153581117787943,0.0026894822908922473,0.0517516417730938,2.5875820886546897e-05,0.1,0.987042958695363,1
2020-06-23,0.0013178947825196923,0.0013014060360466222,0.032977492946140274,1.6488746473070137e-05,0.1,1.0145074239489964,1
2020-06-24,-0.004890485215359414,-0.004925071959341301,0.06917348796377373,3.458674398188687e-05,0.1,1.0836785237181594,1
2020-06-25,0.0031116333679079614,0.0031050922414630876,0.013082252889747237,6.5411264448736185e-06,0.1,1.0772411609690038,1
2020-06-26,-0.004083056037588318,-0.0041157579328558675,0.06540379053509934,3.2701895267549674e-05,0.1,1.1424123738758905,1
2020-06-29,0.0024859610231144228,0.0024766227197387533,0.018676606751339198,9.338303375669598e-06,0.1,1.145989510220236,1
2020-06-30,0.004807550766117713,0.004804479604860206,0.006142322515015564,3.0711612575077817e-06,0.1,1.1517804802682747,1
2020-07-01,0.001487147260864431,0.0014694445774325142,0.035405366863833776,1.7702683431916888e-05,0.1,1.1864631641869718,1
2020-07-02,0.00331072764282462,0.003301710373360265,0.018034538928710944,9.017269464355472e-06,0.10000000000000002,1.1924471661612128,1
2020-07-06,0.006539621225573864,0.006528946433764911,0.0213495836179054,1.06747918089527e-05,0.10000000000000002,1.2131724235880057,1
2020-07-07,0.001355768324121407,0.001350449798493522,0.010637051255769914,5.318525627884957e-06,0.1,1.2158027992973228,1
2020-07-08,0.004035082715173752,0.003994955114768298,0.08025520081090996,4.0127600405454985e-05,0.09624255841746752,1.2956949361946957,1
2020-07-09,0.0035427053159593136,0.0035386763880148617,0.00805785588890387,4.028927944451935e-06,0.09569777500991673,1.2975057924345068,1
2020-07-10,0.0015467496095311743,0.001535492631332255,0.022513956397838694,1.1256978198919347e-05,0.09645043517283745,1.3053407173026588,1
2020-07-13,-0.004707857419072232,-0.0047381406529240005,0.06056646770353795,3.0283233851768975e-05,0.09657331744551553,1.3616907526086752,1
2020-07-14,0.00637105507537461,0.006365298991612916,0.011512167523386962,5.756083761693482e-06,0.09727506471168597,1.3696098619827053,1
2020-07-15,0.002130265027426468,0.002121864548924586,0.0168009570037638,8.4004785018819e-06,0.0963978390854258,1.3814308882918092,1
2020-07-16,-0.002464063269272549,-0.0024747525570668815,0.02137857558866474,1.0689287794332369e-05,0.09704509813065071,1.402010215575888,1
2020-07-17,0.0025285601704999354,0.002526432870104979,0.00425460078991291,2.127300394956455e-06,0.09665366431625012,1.4026406044183561,1
2020-07-20,0.0089540948097134,0.008944836470835615,0.01851667775557042,9.25833887778521e-06,0.09803502482904139,1.420144723178808,1
2020-07-21,0.0024529047694157205,0.002442109742901499,0.021590053028443024,1.0795026514221512e-05,0.0989943876131909,1.4272279969168533,1
2020-07-22,0.00635389399741727,0.006335574985645061,0.036638023544415976,1.8319011772207987e-05,0.09804011168756252,1.4559381666221358,1
2020-07-23,-0.0021593914831022397,-0.002168356940534169,0.017930914863858893,8.965457431929447e-06,0.0975951230305683,1.4710168406400714,1
2020-07-24,-0.0008892202495067275,-0.0008950239683910597,0.01160743776866452,5.803718884332259e-06,0.09649995671727588,1.4612404124364913,1
2020-07-27,0.008406089870416134,0.008401575189991153,0.009029360849963003,4.514680424981501e-06,0.09682576273934147,1.4644002861551302,1
2020-07-28,-0.0001358929227724366,-0.00015095467138314034,0.030123497221407475,1.5061748610703738e-05,0.09707317921555406,1.4669998393595276,1
2020-07-29,0.006922490844637577,0.006918916976612752,0.007147736049648412,3.573868024824206e-06,0.09715630550260654,1.470312158520493,1
2020-07-30,0.0008938421629488117,0.0008824849738651739,0.022714378167275617,1.1357189083637809e-05,0.0966561839952018,1.488704330756077,1
2020-07-31,0.007233798271771357,0.007226687836251211,0.01422087104029121,7.110435520145606e-06,0.09496053341088523,1.5,1
2020-08-03,0.0029017908794833585,0.0028900822817730498,0.023417195420617237,1.170859771030862e-05,0.09339367972827599,1.5,1
2020-08-04,0.009001953959637737,0.008998032370282716,0.007843178710044002,3.921589355022001e-06,0.09336228430002697,1.5,1
2020-08-05,0.0016508390957489434,0.0016382499639694432,0.02517826355900049,1.2589131779500246e-05,0.09441135539898786,1.5,1
2020-08-06,0.008862360032119057,0.008855028108841152,0.014663846555808602,7.3319232779043005e-06,0.09134048406974943,1.5000000000000002,1
2020-08-07,-0.007850527849022853,-0.007856095141844356,0.011134585643006845,5.567292821503422e-06,0.08867027567943371,1.5,1
2020-08-10,-0.002137205490350385,-0.0021439781357597176,0.013545290818665262,6.772645409332631e-06,0.0907032866413933,1.5000000000000002,1
2020-08-11,-0.022064767480586576,-0.022067891936117974,0.006248911062796764,3.1244555313983817e-06,0.09037960023066126,1.5,1
2020-08-12,0.004347681329310765,0.004319675596780868,0.05601146505979501,2.800573252989751e-05,0.1,1.4903095080438615,1
2020-08-13,0.00012869822251890175,0.00011981179654939797,0.017772851939007572,8.886425969503786e-06,0.1,1.4956373810906811,1
2020-08-14,-0.0024129152881039607,-0.0024209076802727343,0.015984784337547076,7.992392168773537e-06,0.09914933142199825,1.4954311281635366,1
2020-08-17,0.00845554682283692,0.008454188080519226,0.002717484635386208,1.358742317693104e-06,0.09941035946792076,1.4944057281695562,1
2020-08-18,0.006314576657540787,0.0062932076551400614,0.04273800480145104,2.136900240072552e-05,0.09991811071059414,1.5,1
2020-08-19,-0.009747359109402049,-0.009751674741205467,0.008631263606836775,4.315631803418388e-06,0.1,1.4919232583022566,1
2020-08-20,0.007762429322348502,0.007753042655682874,0.018773333331254582,9.38666666562729e-06,0.1,1.4800020661695457,1
2020-08-21,0.002707806521349642,0.002702649637013094,0.010313768673096163,5.156884336548082e-06,0.1,1.4762181840164923,1
2020-08-24,0.003245424142506093,0.003242765698012847,0.00531688898649188,2.65844449324594e-06,0.1,1.4785521520400147,1
2020-08-25,0.00034540223061254607,0.0003379587277428952,0.014887005739301712,7.443502869650856e-06,0.10000000000000003,1.4877397193326816,1
2020-08-26,0.006930709396968047,0.006928428161908897,0.004562470118300632,2.2812350591503162e-06,0.1,1.485127652860757,1
2020-08-27,-0.0073618739221587865,-0.007369695954501781,0.015644064685990056,7.822032342995028e-06,0.1,1.4845198021466202,1
2020-08-28,0.005153119229665746,0.005140003116104265,0.026232227122961443,1.3116113561480721e-05,0.1,1.4618927295746675,1
2020-08-31,0.002676892711073591,0.0026709561336176915,0.011873154911798911,5.936577455899456e-06,0.1,1.4610508039718488,1
2020-09-01,0.009990038563992954,0.00998477365769973,0.010529812586449472,5.264906293224736e-06,0.1,1.460179347373799,1
2020-09-02,0.006411633745687661,0.00640393934174438,0.015388807886561107,7.694403943280553e-06,0.1,1.4454405102174481,1
2020-09-03,-0.019040289400253776,-0.019051428531383873,0.022278262260196274,1.1139131130098138e-05,0.09999999999999999,1.4614133555041902,1
2020-09-04,-0.009830740606279554,-0.009868155971002478,0.07483072944584954,3.7415364722924774e-05,0.1,1.3955552908370525,1
2020-09-08,-0.012991364770564746,-0.013011488412588923,0.04024728404835484,2.012364202417742e-05,0.10000000000000002,1.3592880996355476,1
2020-09-09,0.010618383821454762,0.010608078776796022,0.020610089317480956,1.0305044658740478e-05,0.1,1.3434349011350246,1
2020-09-10,-0.006417054045476643,-0.006430927242905831,0.02774639485837732,1.387319742918866e-05,0.1,1.3422631958311595,1
2020-09-11,0.000338395908553008,0.00028806892545681057,0.10065396619239489,5.0326983096197445e-05,0.1,1.4189411319543952,1
2020-09-14,0.006534914892477244,0.0065295118165624505,0.010806151829587857,5.403075914793929e-06,0.1,1.4242553986666198,1
2020-09-15,0.002903074710496794,0.0028934887089500008,0.019172003093586742,9.586001546793371e-06,0.10000000000000002,1.4281000702000792,1
2020-09-16,-0.0036713093198471563,-0.0036807660694982854,0.018913499302258024,9.456749651129012e-06,0.09999999999999998,1.4309212797664501,1
2020-09-17,-0.004518856675200671,-0.004522082252219913,0.006451154038482121,3.2255770192410603e-06,0.1,1.4283962986476748,1
2020-09-18,-0.0059649694899159365,-0.0059681943729880055,0.006449766144137947,3.2248830720689737e-06,0.1,1.4286789593357634,1
2020-09-21,-0.0057166863735887245,-0.005722997620572892,0.012622493968335563,6.311246984167781e-06,0.09999999999999999,1.4186335099061411,1
2020-09-22,0.005025480639214038,0.00501953402272393,0.011893232980216134,5.946616490108067e-06,0.1,1.409362995384999,1
2020-09-23,-0.014698671472955113,-0.014705166611135028,0.012990276359832492,6.495138179916246e-06,0.09999999999999998,1.4093090986026373,1
2020-09-24,0.002983405085942398,0.002963803476046664,0.039203219791467764,1.9601609895733883e-05,0.1,1.3762212601411021,1
2020-09-25,0.006121634199048357,0.0061197459734187365,0.0037764512592405597,1.8882256296202798e-06,0.1,1.377132184960441,1
2020-09-28,0.00875533280890247,0.008745420939310373,0.019823739184194694,9.911869592097348e-06,0.10000000000000002,1.385101901690738,1
2020-09-29,-0.00031975842626818694,-0.0003259047505530034,0.012292648569632872,6.146324284816436e-06,0.1,1.3727487581399163,1
2020-09-30,0.00010033792282583816,9.35509479547306e-05,0.01357394974221511,6.786974871107555e-06,0.1,1.3819848763774232,1
2020-10-01,0.005967223474382079,0.0059643903209831,0.005666306797957765,2.8331533989788825e-06,0.1,1.3793380282530645,1
2020-10-02,-0.007031579809383433,-0.007036817665747282,0.010475712727696984,5.237856363848492e-06,0.1,1.379439166160522,1
2020-10-05,0.0035568051188327138,0.00355080821075579,0.01199381615384812,5.99690807692406e-06,0.1,1.3806102379718086,1
2020-10-06,-0.00613238776613015,-0.006138738008518861,0.012700484777421556,6.350242388710778e-06,0.1,1.378244124624575,1
2020-10-07,0.005015051892739382,0.005010566133216749,0.00897151904526454,4.48575952263227e-06,0.1,1.373226644832722,1
2020-10-08,0.005433718923232885,0.0054201268696521,0.027184107161569604,1.3592053580784803e-05,0.10000000000000002,1.382497488984562,1
2020-10-09,0.006736913593905965,0.006734272432341266,0.005282323129398039,2.6411615646990196e-06,0.1,1.3757770662885276,1
2020-10-12,0.009597366931845916,0.009591369407543073,0.011995048605687827,5.997524302843913e-06,0.1,1.37446708975104,1
2020-10-13,-0.0025284427495850127,-0.0025384610933654,0.020036687560774855,1.0018343780387427e-05,0.10000000000000002,1.3735102191470523,1
2020-10-14,-0.0020904397334209424,-0.0020940568549460037,0.007234243050122616,3.617121525061308e-06,0.10000000000000002,1.371622086073447,1
2020-10-15,-0.001284083215622169,-0.0012858293707693135,0.003492310294288939,1.7461551471444694e-06,0.10000000000000002,1.3708528424083597,1
2020-10-16,-0.002396495354882895,-0.002397463629429094,0.0019365490923980433,9.682745461990217e-07,0.1,1.3709136809453046,1
2020-10-19,-0.007604322605601763,-0.007608946948391754,0.009248685579982346,4.624342789991173e-06,0.09999999999999999,1.3806272121076832,1
2020-10-20,-0.0001370352702336424,-0.00014440947542576922,0.014748410384253632,7.374205192126816e-06,0.1,1.3688018395701653,1
2020-10-21,-0.000668631080715301,-0.0006710188242401706,0.004775487049739041,2.3877435248695208e-06,0.1,1.3713377990415208,1
2020-10-22,-0.0026691289731131905,-0.002676963422024623,0.015668897822864264,7.834448911432132e-06,0.1,1.3684710418375703,1
2020-10-23,0.00305983688529501,0.00305591418163632,0.00784540731737983,3.922703658689914e-06,0.1,1.3626165934987837,1
2020-10-26,-0.005809898950601314,-0.005814252185469149,0.008706469735671588,4.353234867835794e-06,0.1,1.3633645109704704,1
2020-10-27,0.002585544687765939,0.002577574278561933,0.015940818408012494,7.970409204006248e-06,0.09999999999999999,1.3543600627760775,1
2020-10-28,-0.01661552582503511,-0.0166226347138196,0.014217777568982529,7.1088887844912645e-06,0.1,1.3602917295989783,1
2020-10-29,0.0016860794451665068,0.0016626807417529092,0.046797406827195145,2.339870341359757e-05,0.1,1.319591785365478,1
2020-10-30,-0.006972109842918253,-0.006976570484400823,0.008921282965139082,4.460641482569541e-06,0.1,1.324210073581784,1
2020-11-02,0.0065700517106882,0.006564493911557511,0.01111559826137691,5.557799130688455e-06,0.1,1.3163347498769706,1
2020-11-03,0.006883393840099072,0.006879496946635113,0.007793786927918087,3.896893463959043e-06,0.10000000000000002,1.3170725954517142,1
2020-11-04,0.018339287548594173,0.018326990176996155,0.024594743196033872,1.2297371598016935e-05,0.1,1.3071529805990578,1
2020-11-05,0.01069357130153549,0.010661257155914039,0.06462829124290176,3.231414562145088e-05,0.1,1.238070930661605,1
2020-11-06,-0.0037261233508958137,-0.0037349675409369897,0.017688380082352004,8.844190041176001e-06,0.1,1.2251251527626081,1
2020-11-09,-0.008854342470179393,-0.008857664845868547,0.00664475137830596,3.32237568915298e-06,0.1,1.2193332661347198,1
2020-11-10,-0.0036466760570824765,-0.0036639301540074666,0.034508193849979885,1.7254096924989943e-05,0.1,1.2558049549012575,1
2020-11-11,0.004101452687045518,0.004096877631432634,0.00915011122576695,4.575055612883475e-06,0.1,1.251020574592257,1
2020-11-12,0.0011951692941986037,0.001188605722457164,0.013127143482879314,6.563571741439657e-06,0.1,1.250483278116895,1
2020-11-13,0.005074707868898687,0.005064629092838242,0.02015755212089121,1.0078776060445604e-05,0.1,1.2467551724374517,1
2020-11-16,0.0040950087145311806,0.004087895966271501,0.014225496519357603,7.1127482596788015e-06,0.09999999999999999,1.2535163421982705,1
2020-11-17,-0.00022299498596103386,-0.00022937870788230087,0.012767443842534018,6.383721921267009e-06,0.10000000000000002,1.2562283206963847,1
2020-11-18,-0.0037516017278650597,-0.0037610292867118304,0.018855117693541368,9.427558846770683e-06,0.1,1.2733083423678653,1
2020-11-19,0.0036045259502184212,0.0036009627725791175,0.007126355278607763,3.5631776393038815e-06,0.09999999999999999,1.281475962111416,1
2020-11-20,0.00024439129381024414,0.00024201365666801764,0.0047552742844530205,2.3776371422265103e-06,0.10000000000000002,1.2788737207545329,1
2020-11-23,-0.0026374096238041787,-0.0026423075528378775,0.009795858067397883,4.897929033698942e-06,0.1,1.2790896074106364,1
2020-11-24,0.0006404361226106353,0.0006375429843514529,0.00578627651836458,2.8931382591822902e-06,0.1,1.278431853118199,1
2020-11-25,-0.0005487850696654438,-0.0005543933602352279,0.011216581139568207,5.608290569784104e-06,0.10000000000000002,1.283581809599704,1
2020-11-27,0.0030080446012434375,0.002999780546651353,0.016528109184168985,8.264054592084492e-06,0.10000000000000003,1.2996578196458324,1
2020-11-30,-0.002186174507115427,-0.002192652550372391,0.012956086513928794,6.478043256964397e-06,0.1,1.3006601015515464,1
2020-12-01,0.0034108521981516884,0.003409101782762334,0.0035008307787085108,1.7504153893542555e-06,0.10000000000000002,1.301012777135184,1
2020-12-02,0.0003689070692546438,0.00035486474706888916,0.02808464437150933,1.4042322185754664e-05,0.1,1.3158984131290314,1
2020-12-03,0.0036807441020210666,0.0036771867680488717,0.007114667944389724,3.5573339721948623e-06,0.1,1.32021491865456,1
2020-12-04,-0.0009532590555470289,-0.0009699064331188733,0.03329475514368886,1.664737757184443e-05,0.1,1.344411387214506,1
2020-12-07,0.004982394828973819,0.0049707608009602776,0.023268056027082623,1.1634028013541311e-05,0.1,1.3680304779100425,1
2020-12-08,0.0026241396258931877,0.002607456075785516,0.033367100215343365,1.668355010767168e-05,0.10000000000000002,1.3757031763684509,1
2020-12-09,-0.009097786941033302,-0.009108785040406242,0.021996198745880685,1.0998099372940343e-05,0.10000000000000003,1.396623119004936,1
2020-12-10,0.0031279013619343863,0.00312020729434627,0.015388135176233025,7.694067588116513e-06,0.1,1.3874613570047292,1
2020-12-11,0.0005599227436800655,0.0005567250562960578,0.0063953747680155215,3.197687384007761e-06,0.1,1.3833936460308345,1
2020-12-14,-0.0016016138927476263,-0.0016050867586109255,0.006945731726598542,3.472865863299271e-06,0.09999999999999999,1.3880548487039364,1
2020-12-15,0.006656562370463902,0.006655499604642399,0.0021255316430062177,1.0627658215031088e-06,0.09999999999999999,1.3879945392194992,1
2020-12-16,0.0008241632531460252,0.0008183992494355635,0.011528007420923442,5.7640037104617205e-06,0.1,1.3815787229168985,1
2020-12-17,0.0034527718661776638,0.0034503210809121864,0.0049015705309550794,2.4507852654775395e-06,0.1,1.3844747599654277,1
2020-12-18,-0.0022344044333424892,-0.0022399707394602213,0.011132612235464162,5.566306117732081e-06,0.1,1.3903687591988168,1
2020-12-21,-0.0015244022564546615,-0.0015329370584241519,0.017069603938980493,8.534801969490246e-06,0.1,1.4033543353570752,1
2020-12-22,0.0005202315986634325,0.0005169092784184583,0.006644640489948506,3.3223202449742527e-06,0.1,1.4027796600576052,1
2020-12-23,9.614454248879349e-05,6.244869760131335e-05,0.06739168977496027,3.369584488748013e-05,0.1,1.4699665774581085,1
2020-12-24,0.0038738156211095606,0.00386982533233159,0.007980577555941004,3.990288777970502e-06,0.1,1.4702976991686199,1
2020-12-28,0.0037061604946287316,0.0037023305990035765,0.007659791250310133,3.829895625155066e-06,0.1,1.4687479601279787,1
2020-12-29,-0.0005213822040983192,-0.0005319534010555643,0.021142393914490187,1.0571196957245094e-05,0.1,1.4881651114405674,1
2020-12-30,0.002826890694951331,0.0028250823341722815,0.003616721558099778,1.808360779049889e-06,0.10000000000000003,1.4860663786715476,1
2020-12-31,0.002887303794689106,0.0028849238114909952,0.004759966396221893,2.3799831981109464e-06,0.1,1.4861877633360647,1
2021-01-04,-0.0031859866709117923,-0.0031904348020560026,0.00889626228842022,4.44813114421011e-06,0.1,1.4936878189023977,1
2021-01-05,0.0016682746898728168,0.0016574940965334338,0.021561186678766137,1.0780593339383068e-05,0.09952529551900202,1.5,1
2021-01-06,-0.009545166856542081,-0.009557641645464467,0.024949577844770643,1.2474788922385322e-05,0.0990650273250368,1.5,1
2021-01-07,0.006149385736276396,0.0061405879158954214,0.017595640761949444,8.797820380974722e-06,0.10000000000000003,1.4929886758700581,1
2021-01-08,-0.0019462737778153563,-0.001953886775579962,0.015225995529211694,7.612997764605847e-06,0.1,1.4965568036588237,1
2021-01-11,-0.006609213716150274,-0.0066169439958594185,0.015460559418290387,7.730279709145193e-06,0.09959164772465318,1.5,1
2021-01-12,0.0009104786504147221,0.0009041761548264688,0.012604991176506652,6.302495588253326e-06,0.09969219583918798,1.5000000000000002,1
2021-01-13,0.00514488078813516,0.005136914957732523,0.015931660805274472,7.965830402637236e-06,0.09811422477621815,1.5000000000000002,1
2021-01-14,-0.0044189002364427655,-0.004426358690778317,0.014916908671103374,7.458454335551687e-06,0.09823354496909883,1.5,1
2021-01-15,-0.004519082267727876,-0.004521294581426132,0.004424627396512448,2.212313698256224e-06,0.09856782375741253,1.5,1
2021-01-19,0.00763427160547132,0.007631831553181537,0.00488010457956678,2.44005228978339e-06,0.09891229085481301,1.5,1
2021-01-20,0.010722169747560146,0.010717716938497084,0.008905618126122894,4.452809063061447e-06,0.09957177537254115,1.5,1
2021-01-21,-0.0005161147271118105,-0.0005257327242975976,0.019235994371574222,9.61799718578711e-06,0.09956095919920481,1.5000000000000004,1
2021-01-22,-0.0023204903742400896,-0.0023239172277525802,0.006853707024981143,3.4268535124905715e-06,0.09951156845031622,1.5,1
2021-01-25,0.005750283058189073,0.005748098372663675,0.004369371050794296,2.1846855253971483e-06,0.09969828928854164,1.5,1
2021-01-26,-0.0015535112876671176,-0.001558538018368382,0.010053461402528885,5.026730701264443e-06,0.1,1.4999837648045904,1
2021-01-27,-0.01243535722324713,-0.01243726933921943,0.0038242319445971062,1.912115972298553e-06,0.1,1.4995382822207888,1
2021-01-28,0.0028792662659130287,0.0028612650714992787,0.036002388827499926,1.8001194413749963e-05,0.1,1.494556935033852,1
2021-01-29,-0.011046423714996336,-0.011050120749644747,0.007394069296822486,3.6970346484112432e-06,0.1,1.4942998768457387,1
2021-02-01,0.011446331148065893,0.011420785493407443,0.051091309316903005,2.55456546584515e-05,0.09623812365744315,1.5,1
2021-02-02,0.00390659119643294,0.003895304849516403,0.02257269383307478,1.1286346916537391e-05,0.09783256124173904,1.5000000000000002,1
2021-02-03,-0.0026475908922606707,-0.002652778462983643,0.010375141445944758,5.187570722972379e-06,0.09666585808260374,1.5,1
2021-02-04,0.0021742339739251855,0.0021713296420910262,0.005808663668318975,2.9043318341594878e-06,0.09621128672033016,1.5,1
2021-02-05,0.0013737153291330118,0.0013715184534848683,0.004393751296286996,2.1968756481434982e-06,0.09489052042707115,1.5,1
2021-02-08,0.006652344333591074,0.006627302153375352,0.05008436043144365,2.5042180215721827e-05,0.08635120083288195,1.4999999999999998,1
2021-02-09,-0.0002584165951836871,-0.0002678012172716267,0.018769244175879274,9.384622087939637e-06,0.08360595411883745,1.4999999999999998,1
2021-02-10,0.0017003469188720962,0.0016967129688490962,0.007267900045999892,3.633950022999946e-06,0.08297826380168156,1.5,1
2021-02-11,-0.0011773698821036795,-0.0011986149859318457,0.04249020765633216,2.124510382816608e-05,0.08104530032216956,1.4999999999999998,1
2021-02-12,-0.0008898731205444012,-0.0008940994144504263,0.008452587812050188,4.226293906025094e-06,0.08071111065363465,1.5,1
2021-02-16,-0.007529378929997639,-0.007534070749260766,0.009383638526252819,4.691819263126409e-06,0.08067256804774464,1.5,1
2021-02-17,-0.0007204719963505766,-0.0007292988745486573,0.017653756396161402,8.826878198080701e-06,0.08244724806928772,1.5,1
2021-02-18,-0.0036094586822099117,-0.0036154359547935226,0.011954545167222025,5.977272583611013e-06,0.08167775349356365,1.5,1
2021-02-19,-0.004303663925000442,-0.004307620700052092,0.007913550103300498,3.95677505165025e-06,0.08142656794481519,1.5,1
2021-02-22,-0.008137653606107381,-0.008139962263392118,0.004617314569474118,2.308657284737059e-06,0.08205134202501005,1.5,1
2021-02-23,-0.0004885139222197065,-0.0004969871352827369,0.016946426126060732,8.473213063030365e-06,0.08224001212999743,1.5,1
2021-02-24,0.0032344766836755103,0.0032317802686986754,0.005392829953669548,2.696414976834774e-06,0.08172904402223057,1.5000000000000002,1
2021-02-25,-0.023993099928907607,-0.023999091236469202,0.011982615123192125,5.9913075615960625e-06,0.08182095952225252,1.5,1
2021-02-26,0.004288066713400717,0.004270315482284694,0.035502462232046006,1.7751231116023004e-05,0.09261509337950587,1.5,1
2021-03-01,0.012805230837034772,0.01276234813485594,0.08576540435766311,4.288270217883155e-05,0.09365872527244522,1.5,1
2021-03-02,-0.004626424253408109,-0.004652740513689954,0.05263252056368978,2.631626028184489e-05,0.09530121595303857,1.5,1
2021-03-03,-0.014233062738789479,-0.01423675308276584,0.007380687952725423,3.6903439763627117e-06,0.09504712071424193,1.4999999999999998,1
2021-03-04,-0.010505178633075138,-0.010509086002595338,0.007814739040401558,3.9073695202007795e-06,0.09799913102368245,1.5,1
2021-03-05,0.009248056928218472,0.009239561562066357,0.016990732304229955,8.495366152114978e-06,0.09922957901649712,1.5,1
2021-03-08,-0.011908098452607319,-0.011920456545869975,0.02471618652531296,1.235809326265648e-05,0.09999999999999999,1.4948633656480026,1
2021-03-09,0.016975274887669485,0.01696105893803062,0.028431899277732542,1.421594963886627e-05,0.1,1.4724141378857105,1
2021-03-10,0.003532904802042881,0.0035055992377451806,0.05461112859540029,2.7305564297700148e-05,0.1,1.4099379804222902,1
2021-03-11,0.005139846700166392,0.005135920148622989,0.007853103086805119,3.926551543402559e-06,0.1,1.4124913041868936,1
2021-03-12,-0.006838570138121414,-0.006846966245375067,0.01679221450730653,8.396107253653266e-06,0.09999999999999998,1.4132769502089195,1
2021-03-15,0.005148723014482217,0.005141905106201517,0.013635816561400532,6.817908280700266e-06,0.1,1.415610497010346,1
2021-03-16,-0.0011123572422099706,-0.001115190495125397,0.005666505830852653,2.8332529154263265e-06,0.1,1.411796059807885,1
2021-03-17,0.0012547009847056045,0.0012529115469354115,0.003578875540386134,1.789437770193067e-06,0.1,1.4118053975603184,1
2021-03-18,-0.013721421895445347,-0.013723093870890936,0.0033439508911782545,1.6719754455891273e-06,0.1,1.4109158481690467,1
2021-03-19,0.0032067659080161257,0.0031913322002686136,0.030867415495023892,1.5433707747511946e-05,0.1,1.385767626439843,1
2021-03-22,0.00794741884354598,0.00794340703437916,0.008023618333641347,4.011809166820673e-06,0.10000000000000002,1.380994008637867,1
2021-03-23,-0.0012933695407433936,-0.0013018210652339375,0.01690304898108791,8.451524490543955e-06,0.1,1.368460957116377,1
2021-03-24,-0.0015636753783697355,-0.0015682640071118976,0.009177257484324047,4.588628742162024e-06,0.1,1.3698507228702959,1
2021-03-25,-0.00048645140347084495,-0.0004903543720860009,0.007805937230311977,3.902968615155989e-06,0.1,1.374397417945414,1
2021-03-26,0.006645221367949133,0.006642120511134466,0.006201713629333416,3.100856814666708e-06,0.09999999999999999,1.3746333446640195,1
2021-03-29,-0.0036878950243441934,-0.0036963873603732544,0.016984672058122346,8.492336029061174e-06,0.1,1.3684006456371747,1
2021-03-30,-0.003400138989330404,-0.0034018389938438058,0.0034000090268035965,1.7000045134017983e-06,0.1,1.3694334457859427,1
2021-03-31,0.005340365058854572,0.0053373958466774235,0.0059384243542972,2.9692121771486004e-06,0.09999999999999998,1.3690679335614493,1
2021-04-01,0.011003901991841213,0.010996175168059745,0.0154536475629376,7.7268237814688e-06,0.1,1.36003371199534,1
2021-04-05,0.005154317356860385,0.005142065210098572,0.02450429352362679,1.2252146761813396e-05,0.09999999999999999,1.3316211277810297,1
2021-04-06,0.002914171464716153,0.0029057111391168114,0.016920651198682524,8.460325599341261e-06,0.1,1.3316200952126998,1
2021-04-07,-0.0013303111609070887,-0.0013381221353402219,0.015621948866266458,7.810974433133229e-06,0.10000000000000002,1.3254174623168604,1
2021-04-08,0.005919985675469268,0.0059182260202816205,0.003519310375295709,1.7596551876478545e-06,0.1,1.3249666116984788,1
2021-04-09,0.0003913988236712037,0.00038736429148881807,0.008069064364771325,4.034532182385663e-06,0.1,1.3304521169301708,1
2021-04-12,-0.0014051253050685435,-0.0014071794663839603,0.004108322630833619,2.0541613154168094e-06,0.09999999999999999,1.3324055229265368,1
2021-04-13,0.00515831051397731,0.0051447859824789504,0.027049062996717985,1.3524531498358994e-05,0.1,1.3305792330663246,1
2021-04-14,-0.0038116990461885573,-0.003817958033254618,0.012517974132121745,6.258987066060873e-06,0.1,1.3330107942450142,1
2021-04-15,0.011757093501623885,0.011754649206262405,0.0048885907229578585,2.4442953614789294e-06,0.1,1.3306983265631906,1
2021-04-16,-0.0003680488286976324,-0.0003800789605280184,0.024060263660772033,1.2030131830386016e-05,0.1,1.302798398286561,1
2021-04-19,-0.0038081748491435655,-0.0038108420846192743,0.0053344709514178,2.6672354757088998e-06,0.1,1.3057836342719518,1
2021-04-20,-0.0016472178244973262,-0.0016498713299653777,0.005307010936103085,2.6535054680515424e-06,0.1,1.3060408802790135,1
2021-04-21,0.006318884615512323,0.006314275572672244,0.009218085680156987,4.6090428400784935e-06,0.09999999999999999,1.3154778327363443,1
2021-04-22,-0.004439180273502728,-0.00444368913134684,0.009017715688223515,4.508857844111758e-06,0.1,1.3225206137760501,1
2021-04-23,0.003867996667140815,0.003865181156844342,0.005631020592946151,2.8155102964730756e-06,0.1,1.3194487450497379,1
2021-04-26,0.0012261786048581222,0.0012212665121546697,0.009824185406905175,4.912092703452588e-06,0.1,1.319188962687081,1
2021-04-27,-0.0032371416611572373,-0.0032404089372806855,0.006534552246896183,3.2672761234480914e-06,0.1,1.32421008051857,1
2021-04-28,0.0007400612937243634,0.000738415727969213,0.003291131510300832,1.645565755150416e-06,0.10000000000000002,1.3219762155026589,1
2021-04-29,0.0012678962191002468,0.001257498935810792,0.02079456657890945,1.0397283289454724e-05,0.10000000000000002,1.337897658132356,1
2021-04-30,-0.0026715418905040476,-0.002673352572847366,0.003621364686636097,1.8106823433180485e-06,0.09999999999999999,1.3391527348011163,1
2021-05-03,0.0020822821652259,0.002073984357165805,0.01659561612019103,8.297808060095516e-06,0.1,1.354749885032766,1
2021-05-04,-0.004005291932495995,-0.004016832428186771,0.023080991381552396,1.1540495690776197e-05,0.1,1.3737746768527594,1
2021-05-05,0.0012685939752488916,0.0012619997920293496,0.013188366439083832,6.594183219541916e-06,0.10000000000000003,1.3707616694390883,1
2021-05-06,0.006033886876022366,0.006032255570277113,0.0032626114905059678,1.631305745252984e-06,0.10000000000000002,1.3719523468813688,1
2021-05-07,0.003775437321126358,0.0037709854193308506,0.008903803591014808,4.4519017955074044e-06,0.1,1.3608199066853213,1
2021-05-10,-0.008471340975199571,-0.00847510357193917,0.007525193479200609,3.7625967396003044e-06,0.1,1.359147974374336,1
2021-05-11,-0.004107281737205616,-0.0041107103856483085,0.006857296885385472,3.428648442692736e-06,0.09999999999999998,1.3553643056834548,1
2021-05-12,-0.014274553700444066,-0.014276781097320588,0.004454793753045083,2.2273968765225416e-06,0.09999999999999998,1.3524009965310213,1
2021-05-13,0.006066587221632219,0.00604542479347492,0.0423248563145969,2.116242815729845e-05,0.1,1.3151824207486313,1
2021-05-14,0.01077527852491807,0.01077067549114039,0.009206067555362046,4.603033777681023e-06,0.1,1.306947903559315,1
2021-05-17,-0.0005451638551054558,-0.00055542867439492,0.02052963857892824,1.026481928946412e-05,0.1,1.2831520115084591,1
2021-05-18,-0.003798209804831071,-0.0038034993467678043,0.010579083873466108,5.289541936733054e-06,0.1,1.2938987240533901,1
2021-05-19,-0.00173617740553629,-0.001739620120822552,0.00688543057252361,3.442715286261805e-06,0.1,1.2909405607977171,1
2021-05-20,0.008658864759691876,0.008657639781174833,0.002449957034083919,1.2249785170419595e-06,0.1,1.291377850423923,1
2021-05-21,0.00022873183710219141,0.00022216577884553125,0.013132116513320316,6.566058256660158e-06,0.1,1.2779834328734965,1
2021-05-24,0.005866969476483424,0.0058627449400607,0.008449072845448394,4.224536422724197e-06,0.1,1.2799097718911,1
2021-05-25,0.0029733977009798514,0.002968782489804384,0.009230422350935463,4.6152111754677315e-06,0.09999999999999999,1.2759935886037765,1
2021-05-26,0.0004286698504554955,0.00042432766739448777,0.008684366122015424,4.342183061007712e-06,0.1,1.2738811287110583,1
2021-05-27,-0.0012906155764972483,-0.0013380718446911828,0.09491253638786884,4.745626819393442e-05,0.1,1.3686818393922402,1
2021-05-28,0.0010314177706319957,0.0009984184172256196,0.06599870681275241,3.2999353406376206e-05,0.1,1.3658843775324443,1
2021-06-01,-0.0003940067312013766,-0.00040745953587482,0.026905609346886794,1.3452804673443398e-05,0.1,1.371329864464756,1
2021-06-02,0.002463861432108144,0.0024606144893333775,0.006493885549533035,3.2469427747665175e-06,0.09999999999999999,1.3721064910404648,1
2021-06-03,-0.007568211078484359,-0.007588999598875635,0.04157704078255173,2.0788520391275863e-05,0.10000000000000003,1.4127734076071947,1
2021-06-04,0.011032332561042881,0.011024062181920456,0.016540758244850906,8.270379122425454e-06,0.09999999999999999,1.4241568045728636,1
2021-06-07,0.00010850010110120042,9.694825831130677e-05,0.023103685579787286,1.1551842789893643e-05,0.10000000000000002,1.4107397075223376,1
2021-06-08,0.0016128729897661755,0.0015962033952867294,0.03333918895889226,1.666959447944613e-05,0.10000000000000002,1.4440506305650873,1
2021-06-09,0.0016688231053171225,0.0016405029093410563,0.05664039195213219,2.8320195976066098e-05,0.09965557307471695,1.5,1
2021-06-10,0.006091595384056935,0.00608678519400896,0.00962038009595037,4.810190047975185e-06,0.09952141960294932,1.5,1
2021-06-11,-0.0015182207986542485,-0.0015211130883597945,0.005784579411091867,2.8922897055459335e-06,0.09999999999999999,1.4993120530411084,1
2021-06-14,-0.0012728984926911424,-0.0012913766947166777,0.03695640405107059,1.8478202025535296e-05,0.09883126533311097,1.5,1
2021-06-15,-0.002694800287208304,-0.002695867616150849,0.0021346578850904296,1.0673289425452149e-06,0.09848694706945212,1.5000000000000002,1
2021-06-16,-0.006226666911739046,-0.006228114757019565,0.0028956905610383055,1.4478452805191527e-06,0.09862775674220867,1.5,1
2021-06-17,0.001032177424407287,0.0010278134223824854,0.008728004049603333,4.3640020248016665e-06,0.09950521043237526,1.5,1
2021-06-18,-0.0017889506386642644,-0.0018093724849840374,0.040843692639546236,2.042184631977312e-05,0.09466228051109332,1.5,1
2021-06-21,0.0037601487777312085,0.0037447635798668524,0.030770395728712263,1.538519786435613e-05,0.09428662279964628,1.5,1
2021-06-22,0.003705888928856809,0.0036950705475288777,0.021636762655862618,1.0818381327931309e-05,0.0929592941838014,1.5000000000000002,1
2021-06-23,-0.0015772038229256613,-0.0015807922531796284,0.007176860507934202,3.588430253967101e-06,0.09302844237255202,1.5,1
2021-06-24,0.004263770755598941,0.0042598152975631826,0.007910916071516672,3.955458035758336e-06,0.09336167966514292,1.5,1
2021-06-25,-0.001033378140452419,-0.0010368146624479108,0.006873043990983846,3.4365219954919227e-06,0.09348024067442434,1.5,1
2021-06-28,0.005558611729215122,0.005549507407244171,0.01820864394190247,9.104321970951234e-06,0.09305866349345929,1.5,1
2021-06-29,-5.5570644171472035e-05,-6.119737208675838e-05,0.01125345583057269,5.626727915286345e-06,0.09280923870340897,1.5,1
2021-06-30,0.00199914162222017,0.001994854736450132,0.008573771540076436,4.2868857700382175e-06,0.09241885991631309,1.5,1
2021-07-01,0.0029490717821236898,0.0029452381252396604,0.00766731376805882,3.83365688402941e-06,0.09210914835545131,1.5,1
2021-07-02,0.007806905902433742,0.007798179404241098,0.017452996385288605,8.726498192644303e-06,0.08915157582361896,1.4999999999999998,1
2021-07-06,0.003986488105007376,0.003981330524629839,0.010315160755074188,5.157580377537094e-06,0.08987145019853093,1.5,1
2021-07-07,0.004582332901332817,0.004576321980756154,0.012021841153327523,6.010920576663762e-06,0.08995130608444384,1.5,1
2021-07-08,-0.003380577728628438,-0.0033824683773418175,0.0037812974267593946,1.8906487133796973e-06,0.09005946530740108,1.5000000000000002,1
2021-07-09,0.0019102477336766985,0.0019069342530866563,0.006626961180084517,3.3134805900422587e-06,0.08947350447455243,1.5,1
2021-07-12,0.0011993559492264514,0.0011924515505975144,0.013808797257873845,6.904398628936923e-06,0.08943455666101895,1.5000000000000002,1
2021-07-13,-0.003895532929818682,-0.00389758808194246,0.004110304247557095,2.0551521237785477e-06,0.08927588970475664,1.5,1
2021-07-14,0.006122919927957229,0.006120916170718362,0.004007514477735258,2.003757238867629e-06,0.08923176289219684,1.5000000000000002,1
2021-07-15,0.00014196182404838304,0.00013357250740625245,0.016778633284261185,8.389316642130593e-06,0.08926590619598258,1.5,1
2021-07-16,-0.006635080421897067,-0.0066414811954829366,0.012801547171738648,6.4007735858693234e-06,0.08535720778235112,1.5,1
2021-07-19,-0.0023298087970636057,-0.0023337566025739874,0.007895611020763665,3.947805510381833e-06,0.08635213940781479,1.5,1
2021-07-20,0.005836471986070355,0.005818287696071816,0.03636857999707785,1.8184289998538923e-05,0.085594395625746,1.5,1
2021-07-21,0.0009536501429727739,0.0009450376218463571,0.01722504225283361,8.612521126416806e-06,0.08568225053267155,1.5,1
2021-07-22,0.004716607089906602,0.004712746785836123,0.0077206081409585126,3.860304070479256e-06,0.08467360382401802,1.5,1
2021-07-23,0.004084138226527018,0.004078882715715183,0.010511021623668543,5.255510811834271e-06,0.084347276214055,1.5,1
2021-07-26,-0.0006507766572132836,-0.0006541963525551766,0.0068393906837858065,3.419695341892903e-06,0.08416857643848019,1.5,1
2021-07-27,-0.001225606979448699,-0.0012266691690330626,0.0021243791687270697,1.0621895843635348e-06,0.08424216640089616,1.5,1
2021-07-28,0.0017887585967131098,0.0017870504279338289,0.0034163375585618827,1.7081687792809413e-06,0.08359157858751555,1.5,1
2021-07-29,0.0029537884193167837,0.002952308044677624,0.002960749278319297,1.4803746391596484e-06,0.08362155970758006,1.5,1
2021-07-30,-0.0031888064529265034,-0.00319287429360305,0.008135681353093227,4.067840676546613e-06,0.08374478017651332,1.5000000000000002,1
2021-08-02,0.0005734860736546583,0.000570237648915893,0.00649684947753057,3.248424738765285e-06,0.08373467704278088,1.5000000000000002,1
2021-08-03,0.004136968378881026,0.004132508603482877,0.008919550796296749,4.459775398148375e-06,0.08381557705265259,1.5,1
2021-08-04,-0.0013853755043131042,-0.0013912636688498095,0.011776329073410863,5.888164536705431e-06,0.08352476037714152,1.5,1
2021-08-05,0.001978680274289558,0.0019777922672720473,0.00177601403502195,8.88007017510975e-07,0.08364430243341268,1.5,1
2021-08-06,-0.009090180288000682,-0.009096372057348192,0.012383538695021012,6.191769347510506e-06,0.08281543402712953,1.4999999999999996,1
2021-08-09,-0.0044627033050290725,-0.0044709665771590825,0.016526544260019704,8.263272130009851e-06,0.08486336555620858,1.4999999999999996,1
2021-08-10,-0.0024563439953158347,-0.002471179665838885,0.029671341046100252,1.4835670523050127e-05,0.08328102025366418,1.5,1
2021-08-11,0.0031311170460086484,0.003127119177190652,0.007995737635992817,3.997868817996408e-06,0.08288788492460887,1.5,1
2021-08-12,0.0020455796974689915,0.002010631912807521,0.06989556932294064,3.4947784661470316e-05,0.07543290987544947,1.5,1
2021-08-13,0.0076631998125502605,0.007658001084791296,0.010397455517930282,5.198727758965141e-06,0.07449573710592652,1.5000000000000004,1
2021-08-16,0.0023582081374783014,0.0023357797081882464,0.044856858580110015,2.2428429290055008e-05,0.07145904635459238,1.4999999999999998,1
2021-08-17,-0.005539146770157672,-0.005541731457934552,0.0051693755537590425,2.584687776879521e-06,0.07146371717459639,1.5,1
2021-08-18,-0.006170538134412892,-0.006175065238193724,0.009054207561663363,4.527103780831681e-06,0.07141136297000024,1.4999999999999998,1
2021-08-19,0.0027860111510551247,0.0027799604151825664,0.012101471745116804,6.050735872558402e-06,0.07214318078306096,1.4999999999999998,1
2021-08-20,0.006342641169118462,0.006331284423724671,0.022713490787581364,1.1356745393790681e-05,0.06936205061828882,1.4999999999999998,1
2021-08-23,0.009438089696555305,0.009432118528885695,0.01194233533921965,5.971167669609826e-06,0.06995863330343063,1.5000000000000002,1
2021-08-24,7.96676945688296e-06,2.3491850067402504e-06,0.01123516890028542,5.617584450142709e-06,0.07009106575071536,1.5,1
2021-08-25,-0.0014485264980259236,-0.0014508426919275274,0.004632387803207655,2.3161939016038275e-06,0.07012317991776917,1.5000000000000002,1
2021-08-26,-0.0031648506347448694,-0.0031657662583145494,0.0018312471393598095,9.156235696799048e-07,0.07034236196600355,1.5,1
2021-08-27,0.010217514334580426,0.010216249725131493,0.0025292188978669194,1.2646094489334596e-06,0.07045302596943596,1.5,1
2021-08-30,0.004614244110451388,0.004606191903709006,0.01610441348476263,8.052206742381315e-06,0.07246087767347023,1.5,1
2021-08-31,-0.0018144551052719773,-0.0018192002625972057,0.009490314650456688,4.745157325228344e-06,0.07254785790268824,1.5,1
2021-09-01,0.0011661846512948625,0.001165696341422383,0.0009766197449593006,4.883098724796503e-07,0.07276643323987278,1.4999999999999998,1
2021-09-02,0.0017934716502148768,0.001784761305931851,0.017420688566051612,8.710344283025806e-06,0.07070898836054072,1.5,1
2021-09-03,0.0005119572626559564,0.0005040213373855145,0.01587185054088372,7.93592527044186e-06,0.0673270069137517,1.4999999999999998,1
2021-09-07,-0.006334514615224088,-0.006337713204972393,0.006397179496609506,3.198589748304753e-06,0.06735119772560891,1.5,1
2021-09-08,2.7754217011049164e-05,2.5226672587287397e-05,0.005055088847523537,2.5275444237617683e-06,0.06881423743102424,1.5,1
2021-09-09,0.0009793753681275488,0.0009782047439876285,0.0023412482798404743,1.1706241399202372e-06,0.06877392080637094,1.4999999999999996,1
2021-09-10,-0.007813399634246761,-0.00781850360897501,0.010207949456498389,5.103974728249194e-06,0.06787691573387865,1.5,1
2021-09-13,0.0031664453509335617,0.003162029788839253,0.008831124188617784,4.415562094308892e-06,0.06979024685344407,1.4999999999999998,1
2021-09-14,0.0006532126203954545,0.0006505873860803113,0.005250468630286553,2.625234315143277e-06,0.07003220727525913,1.5,1
2021-09-15,0.003744641065189772,0.0037388099179544326,0.011662294470678763,5.831147235339382e-06,0.0696098940137304,1.5,1
2021-09-16,-0.004883276223564326,-0.0048891310578184355,0.011709668508218779,5.8548342541093894e-06,0.06836211283109862,1.4999999999999996,1
2021-09-17,-0.008152564561373976,-0.00816599315767514,0.02685719260232855,1.3428596301164275e-05,0.06972710228588852,1.5,1
2021-09-20,-0.008457398059563281,-0.008470258510980952,0.025720902835341675,1.2860451417670838e-05,0.07123146931895692,1.5,1
2021-09-21,0.0013903896462200422,0.0013772845997680723,0.026210092903939664,1.3105046451969831e-05,0.07177588510497118,1.5,1
2021-09-22,0.006692559785424865,0.0066889991481085655,0.007121274632598068,3.560637316299034e-06,0.07155458682151937,1.5,1
2021-09-23,-0.00030195121502067597,-0.00031056595743986644,0.017229484838380965,8.614742419190482e-06,0.07215997715023349,1.5,1
2021-09-24,-0.0019013522133456851,-0.001912533672406092,0.022362918120814063,1.1181459060407031e-05,0.07165954543225331,1.5,1
2021-09-27,-0.0036618221163063538,-0.003664042617315413,0.0044410020181180065,2.2205010090590034e-06,0.0718326971656749,1.5000000000000002,1
2021-09-28,-0.019909129820157582,-0.01991407029727312,0.00988095423107413,4.940477115537065e-06,0.0715562721875588,1.5,1
2021-09-29,0.00038984915107147613,0.00036430653135399,0.05108523943497226,2.5542619717486126e-05,0.08012986648894782,1.5,1
2021-09-30,-0.0020921121766021397,-0.0020933989283045285,0.0025735034047777716,1.2867517023888858e-06,0.08006303262176158,1.5,1
2021-10-01,0.008227749617531295,0.008219404955858817,0.0166893233449536,8.344661672476799e-06,0.07962936901268435,1.5000000000000004,1
2021-10-04,-0.009966897749423075,-0.009974723444274814,0.015651389703480595,7.825694851740298e-06,0.07970435830179513,1.4999999999999998,1
2021-10-05,0.0032962102787200734,0.003287573983817514,0.01727258980511931,8.636294902559654e-06,0.08085115794186357,1.5,1
2021-10-06,0.004185901759829344,0.004174542479293134,0.022718561072420207,1.1359280536210103e-05,0.08022398821515116,1.5,1
2021-10-07,0.0015421107727412093,0.0015390958505111085,0.0060298444602018275,3.014922230100914e-06,0.08046138945763033,1.5000000000000002,1
2021-10-08,-0.004094272836043128,-0.004098906300199145,0.00926692831203324,4.63346415601662e-06,0.08032802065267976,1.5,1
2021-10-11,-0.005976873401272454,-0.005977964386525715,0.0021819705065213857,1.0909852532606928e-06,0.08068323748114581,1.5,1
2021-10-12,0.0036191308417171456,0.0036168577480904756,0.004546187253339468,2.273093626669734e-06,0.08107077408386223,1.5,1
2021-10-13,0.008652952517348877,0.008645434699624298,0.015035635449158036,7.517817724579018e-06,0.08055679285622937,1.5000000000000002,1
2021-10-14,0.012205113171732736,0.012195695663202343,0.018835017060784914,9.417508530392458e-06,0.08238743859525642,1.5,1
2021-10-15,-0.0008839568472754611,-0.000900401934599509,0.03289017464809568,1.644508732404784e-05,0.08414625138336403,1.5,1
2021-10-18,0.003414460716884466,0.003401237463438394,0.026446506892143895,1.3223253446071947e-05,0.08420538457386444,1.5000000000000002,1
2021-10-19,0.001762425358874742,0.001756706155851358,0.011438406046767796,5.719203023383898e-06,0.08391818576640321,1.5,1
2021-10-20,0.0010452561380501664,0.0010419926526518872,0.006526970796558257,3.2634853982791286e-06,0.08395333681064163,1.5000000000000004,1
2021-10-21,0.0006610663210542945,0.0006566872910415405,0.008758060025508052,4.379030012754026e-06,0.08348931647168062,1.5,1
2021-10-22,0.0005616683921494204,0.0005593179927134291,0.004700798871982631,2.3503994359913154e-06,0.0833316547696111,1.5000000000000004,1
2021-10-25,0.005309675975919569,0.005303702139000491,0.011947673838155037,5.973836919077519e-06,0.08321295233713252,1.4999999999999998,1
2021-10-26,0.0016999063989711486,0.0016958413643943407,0.00813006915361597,4.065034576807986e-06,0.08383925696725182,1.5,1
2021-10-27,0.0032903750896085024,0.00328666639408198,0.0074173910530452025,3.7086955265226014e-06,0.0838313410951654,1.5,1
2021-10-28,0.00552532380160636,0.005513911695147344,0.02282421291803194,1.1412106459015968e-05,0.08384083064889875,1.5000000000000002,1
2021-10-29,0.00029081258867160847,0.0002836558360235154,0.014313505296186135,7.156752648093068e-06,0.084020491552047,1.5,1
2021-11-01,7.555427167141738e-05,7.358860925256053e-05,0.003931324837713718,1.965662418856859e-06,0.08401370312467556,1.5000000000000002,1
2021-11-02,0.0038629787759997137,0.003860881233286321,0.004195085426786038,2.097542713393019e-06,0.0837447322745768,1.5,1
2021-11-03,0.0011909131706462834,0.0011889466706313011,0.003933000029964551,1.9665000149822753e-06,0.08398746146780471,1.5,1
2021-11-04,0.009401536577647057,0.009397751232497507,0.007570690299100263,3.7853451495501316e-06,0.08382622865471104,1.4999999999999998,1
2021-11-05,0.008019666559605093,0.008011493259000342,0.016346601209503514,8.173300604751756e-06,0.08366991317245262,1.5,1
2021-11-08,-0.0005076895841398737,-0.000516097953337979,0.016816738396210396,8.408369198105198e-06,0.08427481912320643,1.5,1
2021-11-09,0.001525587504944202,0.0015240436897266773,0.0030876304350491712,1.5438152175245857e-06,0.08411155101375692,1.5,1
2021-11-10,-0.00991872570072017,-0.009924944727940341,0.012438054440345014,6.219027220172507e-06,0.08386000580841779,1.4999999999999998,1
2021-11-11,0.0006216839231172103,0.0006153909273947816,0.012585991444857475,6.292995722428738e-06,0.08603204742199999,1.5,1
2021-11-12,0.004342290373255667,0.004336363133780517,0.01185447895030059,5.927239475150295e-06,0.08484205227192758,1.5000000000000002,1
2021-11-15,-0.003245329624936096,-0.0032513622407923733,0.012065231712554914,6.032615856277457e-06,0.08490712265305435,1.5,1
2021-11-16,0.0010887889007489284,0.001085455248211636,0.006667305074584767,3.3336525372923835e-06,0.08468536596518264,1.5,1
2021-11-17,0.0023361654380221726,0.0023319287571477764,0.008473361748792707,4.236680874396353e-06,0.08416531074387619,1.5,1
2021-11-18,0.003230088141262228,0.0032261908179792077,0.007794646566040592,3.8973232830202956e-06,0.0841532789320808,1.5000000000000002,1
2021-11-19,0.0011394584057226834,0.0011362707380856922,0.006375335273982596,3.1876676369912982e-06,0.08377296625248434,1.5,1
2021-11-22,-0.01107710683206627,-0.011083837415187347,0.013461166242156347,6.730583121078174e-06,0.08236129656381304,1.4999999999999998,1
2021-11-23,-0.005291952157489798,-0.005296823496445566,0.009742677911535436,4.871338955767718e-06,0.085385962462529,1.4999999999999998,1
2021-11-24,0.0045295555338155805,0.004527746913445112,0.0036172407409367224,1.8086203704683613e-06,0.08596710619956197,1.5,1
2021-11-26,-0.008355015793373919,-0.008363091642218514,0.01615169768919114,8.07584884459557e-06,0.08617249997579218,1.5,1
2021-11-29,0.008717130490109104,0.008695809662681929,0.04264165485435126,2.132082742717563e-05,0.08441660703289464,1.5000000000000002,1
2021-11-30,-0.008978221652482424,-0.008991944878136888,0.02744645130892731,1.3723225654463655e-05,0.08519156235752795,1.5,1
2021-12-01,-0.004902778784818741,-0.004913002924616392,0.020448279595301738,1.022413979765087e-05,0.08615050879752996,1.5000000000000002,1
2021-12-02,0.007281882150559447,0.0072792111028507625,0.005342095417367854,2.6710477086839268e-06,0.08613053103859733,1.5000000000000004,1
2021-12-03,-0.0020602213491462554,-0.00207081290168491,0.021183105077308695,1.0591552538654347e-05,0.08689517658644161,1.5,1
2021-12-06,0.0030944650996507714,0.003091737491639605,0.005455216022332371,2.7276080111661856e-06,0.08651246382838743,1.5,1
2021-12-07,0.01230794962069848,0.012297427878276725,0.02104348484351154,1.052174242175577e-05,0.08520224091242967,1.5,1
2021-12-08,-0.0016770557576490644,-0.0017024913007700946,0.050871086242060326,2.5435543121030164e-05,0.08695401161366005,1.4999999999999998,1
2021-12-09,-0.006307617110310821,-0.0063090599881355115,0.0028857556493813996,1.4428778246907e-06,0.08706394540329607,1.5,1
2021-12-10,0.005936780071579129,0.0059342890586730436,0.004982025812171553,2.4910129060857765e-06,0.08669120173489417,1.4999999999999998,1
2021-12-13,-0.0016077583044762727,-0.001613467914711054,0.01141922046956248,5.70961023478124e-06,0.08700012199089467,1.5,1
2021-12-14,-0.006855822940135658,-0.006859120424443264,0.0065949686152126374,3.2974843076063186e-06,0.08675484793997557,1.5,1
2021-12-15,0.00886092966000306,0.008858795709465595,0.004267901074928193,2.1339505374640964e-06,0.08775488889594395,1.5,1
2021-12-16,-0.004391103943535974,-0.004409457723116759,0.0367075591615702,1.83537795807851e-05,0.08760525326089182,1.5,1
2021-12-17,-0.002504418961410386,-0.002510205163401587,0.011572403982401697,5.786201991200848e-06,0.08656033276477959,1.5000000000000002,1
2021-12-20,-0.00751683193300489,-0.007526149414693305,0.018634963376829322,9.31748168841466e-06,0.08659309214453248,1.5,1
2021-12-21,0.009584974388390859,0.00958243190157187,0.005084973637978746,2.542486818989373e-06,0.08771948986261446,1.5,1
2021-12-22,0.00851599928146395,0.008502328561551916,0.027341439824067754,1.3670719912033878e-05,0.08844259119808759,1.5000000000000002,1
2021-12-23,0.0025852660668795853,0.002579465135526862,0.011601862705446803,5.800931352723402e-06,0.08960275401024229,1.5,1
2021-12-27,0.007896728520042197,0.007893360013127966,0.006737013828460703,3.3685069142303514e-06,0.08942278739528922,1.4999999999999998,1
2021-12-28,-0.0028489477340558345,-0.002857854504301191,0.017813540490713348,8.906770245356673e-06,0.08993646777160096,1.5000000000000002,1
2021-12-29,-0.002514541085301365,-0.0025281268373384975,0.027171504074265218,1.358575203713261e-05,0.08413445655700588,1.4999999999999996,1
2021-12-30,0.0019272561658195482,0.0019260891366030858,0.0023340584329250014,1.1670292164625006e-06,0.08448803210725969,1.5,1
2021-12-31,-4.950339226734036e-05,-5.869675429703943e-05,0.018386724059398146,9.193362029699073e-06,0.08466786483562781,1.5,1
2022-01-03,-0.005738327812929151,-0.005742054851136405,0.007454076414509653,3.7270382072548263e-06,0.08374140303878083,1.5,1
2022-01-04,-0.0022933210024437597,-0.0023021851271945305,0.017728249501541976,8.864124750770988e-06,0.08387463836793739,1.5,1
2022-01-05,-0.015577040216414097,-0.015580978611511576,0.007876790194959571,3.9383950974797855e-06,0.08407298759714237,1.5,1
2022-01-06,-0.002640925235176197,-0.002649344337975014,0.016838205597634465,8.419102798817232e-06,0.08841932865287638,1.5,1
2022-01-07,-0.004354956733196577,-0.004357507764308655,0.005102062224153908,2.5510311120769542e-06,0.08876781042419608,1.5,1
2022-01-10,0.000926312860245472,0.0009240732846053182,0.004479151280307375,2.2395756401536876e-06,0.08878281218453658,1.5,1
2022-01-11,0.010529284667509199,0.010526995084332098,0.0045791663542009975,2.2895831771004987e-06,0.08809618713094688,1.5,1
2022-01-12,0.0016097066697829956,0.0016012335590050147,0.016946221555961732,8.473110777980866e-06,0.08977653443790722,1.5,1
2022-01-13,-0.00802812865101761,-0.00803579785638756,0.015338410739899444,7.669205369949722e-06,0.08828368923887915,1.5000000000000002,1
2022-01-14,-0.003197052134198516,-0.0032022588906813645,0.010413512965696509,5.2067564828482545e-06,0.08715997679127566,1.5000000000000002,1
2022-01-18,-0.014320505120147889,-0.014328632706185132,0.01625517207448532,8.12758603724266e-06,0.08743661720656322,1.4999999999999998,1
2022-01-19,-3.578434513785197e-05,-3.987204089651333e-05,0.008175391517322717,4.087695758661358e-06,0.0911265407030425,1.5,1
2022-01-20,-0.005183539265571149,-0.005193524795377792,0.01997105961328513,9.985529806642565e-06,0.09095153747550917,1.5,1
2022-01-21,-0.007917250067370572,-0.00792042850690796,0.006356879074775806,3.178439537387903e-06,0.0911555436416229,1.5,1
2022-01-24,0.001260416203230296,0.0012554987096022954,0.00983498725600121,4.917493628000605e-06,0.0914153427143317,1.5,1
2022-01-25,-0.007699094313085766,-0.007702040306668864,0.00589198716619635,2.945993583098175e-06,0.09139300657660192,1.5,1
2022-01-26,-0.008546210579989999,-0.008548453032731333,0.0044849054826673895,2.2424527413336947e-06,0.09152434643754362,1.5,1
2022-01-27,-0.0036491392599039686,-0.003652020826677744,0.005763133547549981,2.8815667737749904e-06,0.09300810273120279,1.5,1
2022-01-28,0.012160472085548199,0.012155450599168711,0.010042972758977198,5.021486379488599e-06,0.09290103054850765,1.5,1
2022-01-31,0.00984480673087186,0.009822381487662688,0.04485048641834691,2.2425243209173452e-05,0.09431755278899166,1.5,1
2022-02-01,0.003556951994648406,0.003539405017740255,0.03509395381630276,1.754697690815138e-05,0.09531663269894128,1.4999999999999998,1
2022-02-02,0.005762045215425157,0.00575850425290344,0.00708192504343555,3.540962521717775e-06,0.09552404669605671,1.4999999999999998,1
2022-02-03,-0.017180730987248573,-0.017184842643510022,0.008223312522900539,4.11165626145027e-06,0.09588190008714677,1.5000000000000002,1
2022-02-04,-0.0017966539729387483,-0.001806606230968823,0.01990451606014937,9.952258030074684e-06,0.1,1.4964973680946585,1
2022-02-07,-0.0003193354125767869,-0.00032388314214139486,0.009095459129216,4.547729564608e-06,0.09841890492441085,1.5,1
2022-02-08,0.00217511030933187,0.0021706803675708864,0.00885988352196762,4.4299417609838106e-06,0.09633730354371772,1.5,1
2022-02-09,0.009467492935833294,0.009462728873186436,0.00952812529371394,4.76406264685697e-06,0.09632981830018164,1.5,1
2022-02-10,-0.01793281346550049,-0.01794553822494301,0.02544951888503799,1.2724759442518995e-05,0.09772929501211353,1.4999999999999998,1
2022-02-11,-0.001487918070374593,-0.001511592490117786,0.04734883948638588,2.367441974319294e-05,0.1,1.461800850496869,1
2022-02-14,-0.003392780830496549,-0.003410489826517737,0.035417992042376556,1.7708996021188277e-05,0.1,1.4715614603186575,1
2022-02-15,0.0033867647852611985,0.003384534007919824,0.0044615546827495856,2.2307773413747928e-06,0.09999999999999999,1.4711874711066149,1
2022-02-16,0.005979514599380989,0.00596675943684761,0.025510325066759237,1.2755162533379619e-05,0.1,1.4776586025524372,1
2022-02-17,-0.005571308801860932,-0.005578702381176257,0.014787158630649083,7.393579315324542e-06,0.1,1.460743051325502,1
2022-02-18,-0.00043484001224308624,-0.0004421591412521169,0.01463825801806129,7.319129009030645e-06,0.1,1.4705615599310284,1
2022-02-22,-0.003908632838562015,-0.003913431441859936,0.00959720659584043,4.7986032979202146e-06,0.10000000000000002,1.4716630824842931,1
2022-02-23,-0.01042592629950455,-0.01042807728033857,0.004301961668039284,2.150980834019642e-06,0.09999999999999999,1.4726993228191494,1
2022-02-24,0.009054894734974943,0.009044596855175974,0.020595759597937163,1.0297879798968582e-05,0.1,1.4935448701927514,1
2022-02-25,0.008153327275611636,0.008135784417649719,0.035085715923836275,1.7542857961918137e-05,0.1,1.4871176213593285,1
2022-02-28,0.008225510622655245,0.00821120222614245,0.028616793025591225,1.4308396512795612e-05,0.09999999999999999,1.4832929747714352,1
2022-03-01,0.0015105774059101314,0.0014958874413443278,0.029379929131607252,1.4689964565803626e-05,0.1,1.4555974007369388,1
2022-03-02,-0.004221943847440429,-0.004239147477429679,0.03440725997849814,1.720362998924907e-05,0.1,1.458956474870877,1
2022-03-03,-0.0003499740156459772,-0.0003589094441975621,0.01787085710316977,8.935428551584885e-06,0.1,1.46112475573266,1
2022-03-04,0.0019696295803871347,0.0019644910441330736,0.01027707250812221,5.1385362540611046e-06,0.1,1.4594428112710007,1
2022-03-07,-0.013117706727352582,-0.013134031904926848,0.03265035514853018,1.632517757426509e-05,0.1,1.4629877288852111,1
2022-03-08,2.250514408948419e-05,4.166907971534476e-06,0.03667647223589943,1.8338236117949712e-05,0.1,1.432603880644035,1
2022-03-09,0.004790946355371274,0.004773855943382824,0.03418082397689995,1.7090411988449975e-05,0.1,1.4237142804759433,1
2022-03-10,-0.007818157915993117,-0.00783435143496763,0.03238703794902581,1.6193518974512906e-05,0.1,1.4324167753170782,1
2022-03-11,-0.008340216550455396,-0.008350901735670876,0.021370370430961377,1.0685185215480689e-05,0.09999999999999999,1.4176554082271873,1
2022-03-14,-0.016292159555045354,-0.01629943766762124,0.014556225151770047,7.2781125758850235e-06,0.1,1.4079242464087247,1
2022-03-15,0.0071759593379541525,0.007142857921748073,0.06620283241215925,3.3101416206079625e-05,0.1,1.3484879181492562,1
2022-03-16,0.015686422474201284,0.01567093637082046,0.03097220676164987,1.5486103380824935e-05,0.10000000000000002,1.337090896611727,1
2022-03-17,0.004757721740142149,0.004733127585373191,0.04918830953791643,2.4594154768958214e-05,0.1,1.2827168091806038,1
2022-03-18,0.006341467549293352,0.006336942730588036,0.00904963741063107,4.524818705315535e-06,0.1,1.2818668198313445,1
2022-03-21,-0.007527159358075464,-0.007534094020641071,0.01386932513121536,6.9346625656076796e-06,0.10000000000000002,1.2699606193610493,1
2022-03-22,0.0018135212354785917,0.0018053954864879205,0.01625149798134251,8.125748990671255e-06,0.1,1.2557654573590151,1
2022-03-23,0.0019012034972323492,0.0018944325706118708,0.0135418532409569,6.77092662047845e-06,0.09999999999999999,1.2623111054405407,1
2022-03-24,0.005895316975837813,0.005880047119039368,0.0305397135968887,1.526985679844435e-05,0.1,1.268922854109209,1
2022-03-25,-0.0050357863585292865,-0.005043751014898612,0.01592931273865114,7.96465636932557e-06,0.09999999999999998,1.2750936979376597,1
2022-03-28,0.002931221225961558,0.0029279063409168274,0.00662977008946071,3.3148850447303548e-06,0.1,1.2706712146056587,1
2022-03-29,0.009105633137699127,0.009100729638768087,0.00980699786207856,4.90349893103928e-06,0.09999999999999998,1.2727913146620966,1
2022-03-30,-0.00015145559132667157,-0.00016245230700808036,0.02199343136281759,1.0996715681408794e-05,0.09999999999999999,1.2515964306015614,1
2022-03-31,-0.004944539483391765,-0.004947818514365159,0.006558061946786195,3.2790309733930977e-06,0.1,1.2524745029478987,1
2022-04-01,-0.0007097087329868962,-0.0007113869143172188,0.003356362660645082,1.678181330322541e-06,0.1,1.252847986786282,1
2022-04-04,0.005451123893698923,0.005449403349689944,0.0034410880179569087,1.7205440089784544e-06,0.1,1.2528374753106863,1
2022-04-05,-0.014036318741921858,-0.01404713717551349,0.021636867183265893,1.0818433591632947e-05,0.1,1.2551751109015554,1
2022-04-06,-0.006879694462970784,-0.006901787035669556,0.044185145397544756,2.209257269877238e-05,0.1,1.2146364869106256,1
2022-04-07,0.000458685754919829,0.0004531515693096492,0.011068371220359502,5.534185610179751e-06,0.1,1.2263474928668059,1
2022-04-08,-0.0047595729759036115,-0.004762164152061175,0.0051823523151259265,2.591176157562963e-06,0.09999999999999998,1.2287494036567097,1
2022-04-11,-0.009652906895393864,-0.00965602339428299,0.0062329977782515505,3.1164988891257753e-06,0.10000000000000002,1.2263539995528288,1
2022-04-12,0.002130623408659758,0.002122610099647864,0.01602661802378759,8.013309011893794e-06,0.1,1.2125375186790268,1
2022-04-13,0.0071981190553273575,0.007189457547875153,0.017323014904408088,8.661507452204044e-06,0.1,1.2278950394056263,1
2022-04-14,-0.011344532306048944,-0.011349859617733795,0.010654623369700952,5.327311684850476e-06,0.1,1.216005821511937,1
2022-04-18,-0.0005272079968730962,-0.0005397910066842538,0.025166019622315128,1.2583009811157564e-05,0.1,1.193324971275739,1
2022-04-19,0.0008871699145941764,0.0008852933847541669,0.0037530596800189053,1.8765298400094527e-06,0.1,1.1942184427257323,1
2022-04-20,0.003624793740889156,0.0036142602715481522,0.02106693868200725,1.0533469341003625e-05,0.10000000000000002,1.2143945445539925,1
2022-04-21,-0.009251889967654085,-0.009259535441438864,0.015290947569560398,7.6454737847802e-06,0.1,1.2126186871577112,1
2022-04-22,-0.012448484478707823,-0.012456483301952844,0.01599764649004183,7.998823245020916e-06,0.1,1.1986159079550516,1
2022-04-25,0.0035017206127573347,0.0034874056522438265,0.02862992102701678,1.431496051350839e-05,0.1,1.172499349146733,1
2022-04-26,-0.008150311083419504,-0.008154666359057724,0.008710551276438203,4.3552756382191016e-06,0.1,1.1661389760391705,1
2022-04-27,-0.0041530252841616225,-0.004156471285424786,0.006892002526327462,3.446001263163731e-06,0.1,1.1680386719207339,1
2022-04-28,0.01064756872954669,0.010643517389038038,0.008102681017303673,4.051340508651836e-06,0.1,1.1759611792151772,1
2022-04-29,-0.016830327770344145,-0.016842466179021114,0.02427681735393672,1.213840867696836e-05,0.09999999999999999,1.1580853277196008,1
2022-05-02,-0.0033399899347946902,-0.0033568277859931167,0.03367570239685305,1.6837851198426527e-05,0.09999999999999999,1.127130130533951,1
2022-05-03,0.0032800451389922644,0.0032774988573931224,0.0050925631982842445,2.5462815991421223e-06,0.1,1.1307876005612378,1
2022-05-04,0.01416528365572597,0.01416317806457676,0.004211182298421309,2.1055911492106547e-06,0.1,1.128398426479885,1
2022-05-05,-0.019894708640254055,-0.019911147823908123,0.03287836730813562,1.643918365406781e-05,0.1,1.0937290020464419,1
2022-05-06,-0.005187199676316494,-0.005210012253674542,0.0456251547160965,2.2812577358048253e-05,0.1,1.0500247866356014,1
2022-05-09,-0.010435712421637027,-0.010439298718871528,0.007172594469002827,3.5862972345014136e-06,0.10000000000000002,1.045992637337747,1
2022-05-10,0.0023894856328000964,0.0023836611367786826,0.01164899204282771,5.824496021413855e-06,0.09999999999999999,1.0366486461155224,1
2022-05-11,-0.001819042227385013,-0.0018225577212303559,0.0070309876906854835,3.5154938453427418e-06,0.1,1.0344866811003406,1
2022-05-12,-0.0025352580909874882,-0.0025454549340755027,0.020393686176028755,1.0196843088014378e-05,0.1,1.0452802535666972,1
2022-05-13,0.00398023909908694,0.003970599579640725,0.01927903889242888,9.63951944621444e-06,0.1,1.0646850683038158,1
2022-05-16,-0.0005254337367512706,-0.0005355594016111743,0.020251329719807518,1.0125664859903759e-05,0.10000000000000002,1.0658233375949995,1
2022-05-17,0.0020303408226447603,0.0020277739601032943,0.005133725082931848,2.566862541465924e-06,0.09999999999999999,1.0659153705575135,1
2022-05-18,-0.00876274329178338,-0.008769461212316566,0.013435841066372564,6.717920533186282e-06,0.1,1.0676498299603376,1
2022-05-19,0.0027507305484990906,0.002740273597207528,0.02091390258312574,1.045695129156287e-05,0.10000000000000002,1.0785787896810959,1
2022-05-20,0.0019119059259675969,0.0019055905784292992,0.012630695076595241,6.315347538297621e-06,0.1,1.0714314964616865,1
2022-05-23,0.0030156289550825645,0.003013994316651014,0.003269276863100981,1.6346384315504905e-06,0.1,1.069193423752607,1
2022-05-24,0.002892087415459541,0.0028871848247952387,0.009805181328605014,4.902590664302507e-06,0.09999999999999998,1.0686717901482694,1
2022-05-25,0.0050671909328669565,0.005059912920813403,0.01455602410710774,7.27801205355387e-06,0.1,1.0721055920091385,1
2022-05-26,0.007085593359278181,0.007079787752355353,0.011611213845656665,5.8056069228283324e-06,0.1,1.0714242254087192,1
2022-05-27,0.009016485349869662,0.009008809376646753,0.015351946445819192,7.675973222909597e-06,0.1,1.0683709873524294,1
2022-05-31,-0.008006421576577952,-0.008017354798741444,0.021866444326982162,1.0933222163491082e-05,0.09999999999999999,1.0656279111292268,1
2022-06-01,-0.0023251310428864503,-0.002331777900197599,0.013293714622296879,6.64685731114844e-06,0.09999999999999999,1.0565954885640212,1
2022-06-02,0.008244645618053032,0.008237217236762868,0.014856762580330307,7.428381290165153e-06,0.1,1.05534648349294,1
2022-06-03,-0.00798840364221723,-0.007996096851844724,0.015386419254986947,7.693209627493474e-06,0.1,1.0412547169901165,1
2022-06-06,-0.004558870512536566,-0.004564100442742582,0.01045986041203266,5.229930206016329e-06,0.09999999999999999,1.036958704172326,1
2022-06-07,0.0054958732290778505,0.00549190119267985,0.007944072796001136,3.972036398000568e-06,0.1,1.0396129227625779,1
2022-06-08,-0.005358895007500288,-0.005368537122710887,0.019284230421197382,9.64211521059869e-06,0.10000000000000002,1.0378069922545168,1
2022-06-09,-0.007390954099315975,-0.0074025645242246476,0.02322084981734568,1.161042490867284e-05,0.1,1.035215689398557,1
2022-06-10,-0.009835884946753429,-0.009838073897276348,0.004377901045839461,2.1889505229197304e-06,0.1,1.0346012267718987,1
2022-06-13,-0.025546079773717142,-0.025552248489715282,0.012337431996281595,6.168715998140798e-06,0.1,1.0273152145322582,1
2022-06-14,-0.003345164409662044,-0.0033852137351065062,0.08009865088892454,4.004932544446227e-05,0.1,0.9479391615088271,1
2022-06-15,0.012308769771212459,0.0123037650431921,0.010009456040717513,5.004728020358757e-06,0.1,0.947873166787524,1
2022-06-16,-0.0062816004487761656,-0.006289365441420759,0.01552998528918803,7.764992644594015e-06,0.1,0.9329816865188962,1
2022-06-17,0.0007455335101776802,0.0007400024629103705,0.011062094534619316,5.531047267309658e-06,0.1,0.9371733737000559,1
2022-06-21,0.002246057486488052,0.002243861834143335,0.004391304689434494,2.195652344717247e-06,0.1,0.9403224891646382,1
2022-06-22,0.005354806844514036,0.0053446219846296095,0.020369719768852906,1.0184859884426453e-05,0.1,0.9454862333040073,1
2022-06-23,0.0038305061101083487,0.003823686327207116,0.01363956580246517,6.819782901232585e-06,0.1,0.935903172860336,1
2022-06-24,0.005560747695195485,0.005555017671224606,0.011460047941757298,5.730023970878649e-06,0.1,0.9355535044765656,1
2022-06-27,-0.003550325113284238,-0.0035596160183937343,0.018581810218992773,9.290905109496386e-06,0.1,0.9379127914453725,1
2022-06-28,-0.006015736943005235,-0.006017409879090753,0.0033458721710358102,1.6729360855179052e-06,0.10000000000000002,0.938004588445606,1
2022-06-29,0.002391683745558389,0.002386355095376338,0.010657300364101327,5.328650182050664e-06,0.09999999999999999,0.9387186779076613,1
2022-06-30,-0.001274146196387917,-0.0012795170838197753,0.010741774863716677,5.370887431858339e-06,0.1,0.9432678857157246,1
2022-07-01,0.00528365527752492,0.005280571803159612,0.006166948730615712,3.083474365307856e-06,0.10000000000000002,0.9446299595922689,1
2022-07-05,-0.0009176840336879203,-0.0009216511870158355,0.007934306655830517,3.967153327915259e-06,0.10000000000000002,0.9373210847797506,1
2022-07-06,-0.005336484922445445,-0.005340109412067966,0.007248979245040171,3.6244896225200855e-06,0.09999999999999999,0.9352232148092272,1
2022-07-07,0.004088267504046927,0.004086486053089098,0.003562901915659028,1.781450957829514e-06,0.1,0.9339198877014532,1
2022-07-08,-0.0018947787327452054,-0.0019033442135536662,0.017130961616921694,8.565480808460847e-06,0.10000000000000002,0.9442896178904359,1
2022-07-11,-0.0020691188915726282,-0.002070038030958696,0.0018382787721348548,9.191393860674274e-07,0.09999999999999999,0.9454177977443833,1
2022-07-12,-0.0011331178540465439,-0.0011383693076700318,0.010502907246975682,5.251453623487841e-06,0.1,0.9466330893330314,1
2022-07-13,0.0011649164671247055,0.001162427967753142,0.00497699874312732,2.48849937156366e-06,0.09999999999999999,0.947849919430878,1
2022-07-14,-0.0038813297857315785,-0.0038840918533394045,0.005524135215651441,2.7620676078257204e-06,0.09999999999999999,0.9506233655475221,1
2022-07-15,0.006235297959235702,0.006233489688584476,0.003616541302453008,1.808270651226504e-06,0.1,0.9502488108429332,1
2022-07-18,-0.004449678642439818,-0.004454550005095802,0.00974272531196918,4.8713626559845905e-06,0.1,0.9489546011695523,1
2022-07-19,0.006931979985394819,0.00692806567931113,0.007828612167378096,3.914306083689048e-06,0.10000000000000003,0.956247989465359,1
2022-07-20,0.001431856104679773,0.0014234841655696333,0.016743878220278965,8.371939110139483e-06,0.09999999999999998,0.9507917882719354,1
2022-07-21,0.009626189222701411,0.009622370027262534,0.007638390877753323,3.819195438876662e-06,0.09999999999999999,0.949041129541474,1
2022-07-22,0.0009214941660206893,0.0009122942301853662,0.01839987167064623,9.199935835323115e-06,0.1,0.9311307124608137,1
2022-07-25,-0.002497487196091285,-0.002503107003076063,0.01123961396955521,5.619806984777605e-06,0.1,0.936068668576294,1
2022-07-26,-0.004203254856039865,-0.0042079007639055,0.009291815731270678,4.645907865635339e-06,0.09999999999999999,0.9452056896836396,1
2022-07-27,0.009487789162919166,0.009483979827670352,0.007618670497627086,3.809335248813543e-06,0.10000000000000003,0.9461301168499332,1
2022-07-28,0.007341242427796785,0.007332807052033504,0.016870751526563005,8.435375763281503e-06,0.1,0.9318535642930386,1
2022-07-29,0.003701053305095496,0.003696420612230863,0.00926538572926569,4.6326928646328455e-06,0.1,0.9230926196348159,1
2022-08-01,0.004070890768639326,0.004068415947275899,0.004949642726855219,2.4748213634276094e-06,0.1,0.9283301130632837,1
2022-08-02,-0.006801524455206738,-0.006813208089329075,0.02336726824467314,1.168363412233657e-05,0.10000000000000002,0.9431982193341379,1
2022-08-03,0.008170052170160865,0.008164377800761756,0.011348738798217503,5.674369399108751e-06,0.1,0.9374705032269598,1
2022-08-04,0.003626857660934379,0.0036215240182374342,0.010667285393890058,5.333642696945029e-06,0.09999999999999999,0.9286351400684725,1
2022-08-05,-0.007988305769573944,-0.007998707983246943,0.020804427345998938,1.040221367299947e-05,0.09999999999999999,0.9430477470060747,1
2022-08-08,0.003708745262823566,0.00369442918615988,0.028632153327372636,1.4316076663686318e-05,0.1,0.9712311688342088,1
2022-08-09,-0.0028228208821352964,-0.0028266716480246615,0.007701531778730494,3.850765889365247e-06,0.1,0.9718710674402276,1
2022-08-10,0.006437684918408589,0.006431542123071837,0.012285590673503821,6.14279533675191e-06,0.1,0.982320829956874,1
2022-08-11,-0.005169504647166498,-0.005177907557907345,0.01680582148169532,8.40291074084766e-06,0.10000000000000002,0.9798192449699663,1
2022-08-12,0.008444603877592206,0.008439727634138035,0.009752486908340269,4.8762434541701345e-06,0.1,0.9710118559876872,1
2022-08-15,-0.0008300383552068912,-0.0008353219329174552,0.010567155421127919,5.283577710563959e-06,0.1,0.9629574324659707,1
2022-08-16,-0.0003494225302778923,-0.00035256778960816377,0.006290518660542907,3.1452593302714536e-06,0.10000000000000002,0.9587177469011641,1
2022-08-17,-0.006039484350933743,-0.006041426217558386,0.0038837332492851068,1.9418666246425533e-06,0.1,0.9586617404336077,1
2022-08-18,0.001039448699585187,0.0010346105233452825,0.009676352479808872,4.838176239904436e-06,0.10000000000000002,0.9491686225984672,1
2022-08-19,-0.008702642255991919,-0.008712502904106374,0.019721296228909585,9.860648114454793e-06,0.1,0.9481583826011335,1
2022-08-22,-0.00875945033887439,-0.008766314110632707,0.013727543516633453,6.8637717583167265e-06,0.10000000000000002,0.9367298758169287,1
2022-08-23,0.000283327339114131,0.0002787327662791738,0.009189145669914384,4.594572834957192e-06,0.1,0.9269881036388083,1
2022-08-24,-2.2932904340261127e-06,-6.053248414736655e-06,0.007519915961421084,3.7599579807105417e-06,0.1,0.9264315323523535,1
2022-08-25,0.007343045991872899,0.007339757558439448,0.006576866866901593,3.288433433450796e-06,0.1,0.9256432512742553,1
2022-08-26,-0.011405575028601454,-0.01140971698943861,0.008283921674312064,4.141960837156032e-06,0.09999999999999999,0.9191001395113614,1
2022-08-29,-0.0034878812337788977,-0.0034930816186699624,0.010400769782129213,5.200384891064606e-06,0.09999999999999999,0.9089973418465316,1
2022-08-30,-0.00449346332102663,-0.00449765486691603,0.00838309177879927,4.191545889399636e-06,0.1,0.9145490176335058,1
2022-08-31,-0.004810661782216305,-0.004813939122435103,0.006554680437596605,3.2773402187983027e-06,0.10000000000000002,0.920113768176678,1
2022-09-01,-0.003413077001586748,-0.0034146916395032547,0.0032292758330127874,1.6146379165063936e-06,0.09999999999999999,0.9169184289780039,1
2022-09-02,-0.0001759379336112965,-0.00018024359373600116,0.008611320249409374,4.305660124704687e-06,0.1,0.9252466993914559,1
2022-09-06,-0.006574889924335395,-0.0065796980747495236,0.009616300828256166,4.808150414128083e-06,0.1,0.9325751037121486,1
2022-09-07,0.010308477087501242,0.0103059021744518,0.005149826098882454,2.574913049441227e-06,0.10000000000000003,0.9274794548930623,1
2022-09-08,-0.0007951902070749031,-0.0008025692077382795,0.014758001326752798,7.379000663376399e-06,0.09999999999999999,0.913980209119527,1
2022-09-09,0.005674359150139301,0.005672324027457515,0.004070245363570757,2.0351226817853785e-06,0.10000000000000003,0.9168065014526086,1
2022-09-12,0.002684572752498568,0.0026826963485185045,0.003752807960126933,1.8764039800634667e-06,0.09999999999999999,0.91635949546784,1
2022-09-13,-0.01701440617468836,-0.017018993085031013,0.009173820685308975,4.586910342654488e-06,0.09999999999999999,0.9240881805947616,1
2022-09-14,0.001145954737169733,0.001114071665087335,0.0637661441647961,3.1883072082398054e-05,0.1,0.9865446801070863,1
2022-09-15,-0.007881198026400261,-0.00788364132007532,0.004886587350120486,2.443293675060243e-06,0.10000000000000002,0.9893183529615761,1
2022-09-16,-0.0016382696025445756,-0.0016488837261331537,0.021228247177156226,1.0614123588578113e-05,0.09999999999999999,1.0104641834145567,1
2022-09-19,0.0027198933122930236,0.0027105343626779447,0.018717899230158125,9.358949615079062e-06,0.10000000000000002,1.0095009196513933,1
2022-09-20,-0.006610414675391106,-0.006612451980555606,0.004074610329001374,2.037305164500687e-06,0.1,1.0083250831494603,1
2022-09-21,-0.0020208767187703237,-0.0020277234108614125,0.013693384182177706,6.846692091088853e-06,0.1,0.9979443877523733,1
2022-09-22,-0.00801073390268773,-0.008015559279102054,0.009650752828648329,4.825376414324164e-06,0.1,1.0075978245022847,1
2022-09-23,-0.00868455439202737,-0.008688761018783376,0.008413253512012608,4.206626756006304e-06,0.1,0.9995911106206294,1
2022-09-26,-0.008905400397270545,-0.008917333951728274,0.023867108915457583,1.1933554457728791e-05,0.1,0.9903205155089343,1
2022-09-27,-0.004182489985093575,-0.004188057251849147,0.011134533511144573,5.567266755572287e-06,0.1,0.9791109311026649,1
2022-09-28,0.016900315532698235,0.016895082489563968,0.010466086268532293,5.233043134266147e-06,0.10000000000000002,0.9794359011851532,1
2022-09-29,-0.008421807875306086,-0.008447709180101499,0.05180260959082747,2.5901304795413736e-05,0.09999999999999999,0.9279800974693934,1
2022-09-30,-0.006593250554337282,-0.006596399569100333,0.006298029526102256,3.149014763051128e-06,0.1,0.9210957289405652,1
2022-10-03,0.014309165035239843,0.014306347980176444,0.0056341101267962795,2.8170550633981396e-06,0.1,0.9225251508290293,1
2022-10-04,0.011657835166422962,0.011639809544234842,0.03605124437623984,1.802562218811992e-05,0.09999999999999998,0.8875694326803711,1
2022-10-05,-0.0030562944603914023,-0.003068802794565078,0.025016668347351903,1.250833417367595e-05,0.1,0.8732415845067194,1
2022-10-06,-0.0037395964883905814,-0.0037424536655653214,0.005714354349479894,2.857177174739947e-06,0.1,0.8733216893459896,1
2022-10-07,-0.011940958263060637,-0.011942313630617369,0.0027107351134642993,1.3553675567321497e-06,0.10000000000000002,0.8722066385542304,1
2022-10-10,-0.007349551762277032,-0.007356915543108494,0.01472756166292541,7.363780831462705e-06,0.1,0.8560100278740733,1
2022-10-11,-0.0014218356552918212,-0.0014251769228768702,0.006682535170098022,3.341267585049011e-06,0.1,0.8482677378941897,1
2022-10-12,0.0012844696883088837,0.0012829570103638317,0.003025355890103984,1.512677945051992e-06,0.1,0.8490293355670055,1
2022-10-13,0.0030316437792813683,0.0030301231819464705,0.0030411946697953413,1.5205973348976707e-06,0.09999999999999999,0.8496317679496932,1
2022-10-14,-0.009120927543024335,-0.0091294180852299,0.016981084411129735,8.490542205564867e-06,0.09999999999999998,0.8570165369044915,1
2022-10-17,0.0076586416337432826,0.007655971892967594,0.0053394815513767985,2.669740775688399e-06,0.1,0.8505954144833092,1
2022-10-18,0.0037014386361867626,0.003697297086234051,0.008283099905422725,4.141549952711363e-06,0.1,0.8488688800629625,1
2022-10-19,-0.006867182974300381,-0.006869359633695235,0.004353318789709043,2.1766593948545217e-06,0.1,0.8464789285727548,1
2022-10-20,-0.0048903069243207515,-0.004894972602479514,0.009331356317525186,4.665678158762593e-06,0.1,0.8547505906780455,1
2022-10-21,0.00707210025587901,0.007068743971886646,0.006712567984727316,3.3562839923636583e-06,0.1,0.8517763627238372,1
2022-10-24,0.001091606435743016,0.001082517107584749,0.0181786563165343,9.08932815826715e-06,0.1,0.8451730697250843,1
2022-10-25,0.009280988985671649,0.009278631210720237,0.004715549902824204,2.357774951412102e-06,0.10000000000000002,0.8460267720099706,1
2022-10-26,9.589976867603904e-05,8.892550163536756e-05,0.013948534081342973,6.974267040671486e-06,0.1,0.8412249200209873,1
2022-10-27,-3.9941460238864315e-05,-4.654060527558421e-05,0.013198290073439783,6.599145036719892e-06,0.1,0.8513557164547356,1
2022-10-28,0.004207735695184171,0.0042034913633503266,0.008488663667689106,4.244331833844553e-06,0.1,0.8542094354070915,1
2022-10-31,-0.005934524495671467,-0.005945179346932073,0.02130970252121138,1.065485126060569e-05,0.10000000000000002,0.8581690271923963,1
2022-11-01,0.0014223907755769572,0.001419915870089288,0.004949810975338406,2.474905487669203e-06,0.1,0.8590176141837629,1
2022-11-02,-0.009223195456942529,-0.009229748545864041,0.013106177843024952,6.553088921512476e-06,0.10000000000000002,0.869057857287842,1
2022-11-03,-0.005611872184449537,-0.005616111710376959,0.008479051854844655,4.239525927422328e-06,0.1,0.8662687789948949,1
2022-11-04,0.006468003643668085,0.006464780574525143,0.0064461382858847505,3.223069142942375e-06,0.1,0.8707493363663565,1
2022-11-07,0.0001365096411242014,0.00012365294930087521,0.025713383646652377,1.2856691823326188e-05,0.10000000000000002,0.8662129597986539,1
2022-11-08,0.006155710181714099,0.006152709585057085,0.006001193314026709,3.0005966570133545e-06,0.09999999999999998,0.8669440802680972,1
2022-11-09,-0.0058676000595816085,-0.005876243673112926,0.017287227062635052,8.643613531317525e-06,0.10000000000000002,0.862068059416268,1
2022-11-10,0.02795876146195825,0.027956198527936044,0.0051258680444138255,2.562934022206913e-06,0.1,0.8635029545423996,1
2022-11-11,0.0031015696393254188,0.003055323358054844,0.09249256254114985,4.624628127057492e-05,0.1,0.7747250458364812,1
2022-11-14,-0.0025776658651713944,-0.0025799760289137207,0.004620327484652728,2.3101637423263642e-06,0.1,0.7732833893798604,1
2022-11-15,0.005453888317793106,0.005452692781167418,0.0023910732513754696,1.1955366256877349e-06,0.1,0.7730121497693196,1
2022-11-16,0.0003041461030980903,0.0003010877560953927,0.006116694005395246,3.0583470026976227e-06,0.1,0.7703620537614768,1
2022-11-17,-0.0032959213474450804,-0.003301113607009838,0.010384519129514852,5.192259564757426e-06,0.09999999999999999,0.7708379991221099,1
2022-11-18,-0.0011718866058922687,-0.0011743176373783396,0.0048620629721417286,2.4310314860708642e-06,0.09999999999999999,0.7749462762217081,1
2022-11-21,-0.0014748911419981334,-0.0014771916632607932,0.0046010425253194265,2.3005212626597134e-06,0.1,0.7792851573605832,1
2022-11-22,0.005406026932674772,0.005404754168084254,0.0025455291810360797,1.2727645905180398e-06,0.10000000000000002,0.7793115745818606,1
2022-11-23,0.005019844847781543,0.005016292482098786,0.007104731365513581,3.5523656827567904e-06,0.09999999999999999,0.7750522533808263,1
2022-11-25,-0.000983139639645305,-0.0009853618494565152,0.004444419622420356,2.2222098112101783e-06,0.1,0.775970885536017,1
2022-11-28,-0.004583640492695405,-0.00458841727876586,0.009553572140909614,4.776786070454807e-06,0.09999999999999998,0.7821881075208716,1
2022-11-29,-0.0013563823701886377,-0.001357949444724327,0.003134149071378836,1.5670745356894182e-06,0.1,0.781400195486602,1
2022-11-30,0.011958417938922522,0.011957181202645556,0.0024734725539319324,1.2367362769659662e-06,0.09999999999999999,0.7825946299791311,1
2022-12-01,0.006703026833905354,0.006694437874614523,0.017177918581660567,8.588959290830283e-06,0.1,0.7694583089862552,1
2022-12-02,0.0004673834792613495,0.00046126969828820443,0.012227561946290169,6.113780973145084e-06,0.09999999999999999,0.764193408588622,1
2022-12-05,-0.008484111040972218,-0.008486034396270221,0.0038467105960089815,1.923355298004491e-06,0.10000000000000002,0.7635311924718853,1
2022-12-06,-0.001532144558083467,-0.0015359091259242944,0.007529135681654572,3.7645678408272862e-06,0.10000000000000002,0.758034174771104,1
2022-12-07,0.0042264129943485355,0.00422122802374565,0.010369941205770283,5.184970602885142e-06,0.10000000000000003,0.7675516424014075,1
2022-12-08,0.0014435581469088472,0.001440006138564736,0.007104016688222331,3.5520083441111657e-06,0.09999999999999999,0.7647884606265588,1
2022-12-09,-0.004076532676383488,-0.004077549927177015,0.002034501587053386,1.017250793526693e-06,0.10000000000000002,0.7664099381979788,1
2022-12-12,0.0023244621849475844,0.0023228513488625286,0.0032216721701117668,1.6108360850558835e-06,0.09999999999999998,0.764259323054252,1
2022-12-13,0.006549516997818416,0.0065403456649767685,0.018342665683293707,9.171332841646853e-06,0.1,0.7831499173663017,1
2022-12-14,-0.0016907959998413147,-0.0016944796067972184,0.007367213911807599,3.6836069559037995e-06,0.09999999999999999,0.7773359945257079,1
2022-12-15,-0.007591549350975257,-0.007594771743692966,0.00644478543541846,3.22239271770923e-06,0.09999999999999998,0.7817302304037355,1
2022-12-16,-0.0027460621888440616,-0.0027484290969187215,0.004733816149319808,2.3669080746599043e-06,0.1,0.776462978117433,1
2022-12-19,-0.005139446118255225,-0.005141701161564462,0.004510086618473144,2.255043309236572e-06,0.09999999999999999,0.7760035488872659,1
2022-12-20,-0.0002340628199576937,-0.00023580382191827775,0.0034820039211681114,1.7410019605840557e-06,0.1,0.7756680626792896,1
2022-12-21,0.004180208210256376,0.004176676810828525,0.007062798855702018,3.5313994278510093e-06,0.10000000000000002,0.7747936991427455,1
2022-12-22,-0.005836271441879454,-0.005840332065609848,0.008121247460786948,4.060623730393474e-06,0.1,0.778701610890706,1
2022-12-23,-0.00030103297092395095,-0.0003047446185478976,0.0074232952478932995,3.7116476239466498e-06,0.1,0.780026584856823,1
2022-12-27,-0.004266906458343987,-0.004270691993222333,0.007571069756691126,3.785534878345563e-06,0.10000000000000003,0.7875343112430984,1
2022-12-28,-0.005068950290466313,-0.005072510736374768,0.007120891816909142,3.5604459084545707e-06,0.10000000000000002,0.786492985969006,1
2022-12-29,0.007781438196494684,0.007770405745008854,0.022064902971659958,1.103245148582998e-05,0.09999999999999999,0.8074729292961658,1
2022-12-30,-0.0014426226814767255,-0.0014455917486802042,0.005938134406957271,2.9690672034786357e-06,0.1,0.8057779232786251,1
2023-01-03,0.002586954745872486,0.0025843747784810183,0.005159934782935083,2.5799673914675413e-06,0.10000000000000002,0.8096381946639256,1
2023-01-04,0.005661379707118253,0.005651145554809276,0.02046830461795318,1.023415230897659e-05,0.1,0.8284373986579233,1
2023-01-05,-0.004511459042986617,-0.004516888913255964,0.010859740538694332,5.429870269347166e-06,0.09999999999999999,0.8357814278562743,1
2023-01-06,0.01250661106900865,0.012505358642715571,0.002504852586159817,1.2524262930799085e-06,0.10000000000000002,0.8346117740682368,1
2023-01-09,0.001967773038942789,0.001957501553750978,0.020542970383621892,1.0271485191810945e-05,0.1,0.8161127350961253,1
2023-01-10,-0.00018211790564634164,-0.00018986516539234253,0.015494519492001799,7.7472597460009e-06,0.1,0.8319767623680299,1
2023-01-11,0.006086781811711732,0.006081740433596545,0.01008275623037344,5.04137811518672e-06,0.10000000000000002,0.8417222798155009,1
2023-01-12,0.00591274805287745,0.0059090436111619155,0.007408883431067631,3.7044417155338157e-06,0.1,0.8383360674431006,1
2023-01-13,0.0010386254694900226,0.001035482701202043,0.0062855365759593995,3.1427682879797e-06,0.09999999999999999,0.8342412614479862,1
2023-01-17,-0.0018107687680791206,-0.0018141784847667335,0.00681943337522567,3.409716687612835e-06,0.10000000000000002,0.8315876416446453,1
2023-01-18,-0.00028016665435599787,-0.00028549559842700324,0.010657888142010796,5.328944071005398e-06,0.10000000000000002,0.8419428603298298,1
2023-01-19,-0.001446060604007064,-0.001453390643596102,0.014660079178075547,7.330039589037773e-06,0.1,0.8472545057704188,1
2023-01-20,0.0029870926406887744,0.0029833049373407462,0.007575406696056539,3.7877033480282693e-06,0.1,0.8477893299660342,1
2023-01-23,0.0032267543678559,0.003216543323135269,0.020422089441261587,1.0211044720630793e-05,0.1,0.8600476132212778,1
2023-01-24,0.0019974178236927204,0.001991904488065065,0.011026671255311093,5.513335627655547e-06,0.1,0.8664698169660106,1
2023-01-25,0.0008814747255118716,0.0008776625689336606,0.007624313156422119,3.8121565782110594e-06,0.10000000000000002,0.8702564203515313,1
2023-01-26,0.001863105111728082,0.001862016518781383,0.00217718589339759,1.088592946698795e-06,0.1,0.8694059390915425,1
2023-01-27,0.00044762381164837494,0.00044118385886772487,0.012879905561300115,6.4399527806500575e-06,0.10000000000000003,0.8811204524782706,1
2023-01-30,-0.005477008829998501,-0.00547839680594112,0.0027759518852389087,1.3879759426194543e-06,0.10000000000000002,0.8796020442463817,1
2023-01-31,0.006436230139165766,0.006432835048254418,0.006790181822696195,3.3950909113480976e-06,0.1,0.8734181612820952,1
2023-02-01,0.008256674068552391,0.008252941538490247,0.007465060124288839,3.7325300621444194e-06,0.1,0.8672851246571402,1
2023-02-02,0.0037434470090440372,0.0037398606161048553,0.007172785878363702,3.586392939181851e-06,0.09999999999999998,0.867819179865288,1
2023-02-03,-0.010294596462505051,-0.01030068977821096,0.01218663141181775,6.093315705908875e-06,0.1,0.869791399048861,1
2023-02-06,-0.003856718661611482,-0.0038647824144210923,0.016127505619220564,8.063752809610282e-06,0.1,0.861907643425855,1
2023-02-07,0.003629995305792948,0.003628104960545522,0.00378069049485108,1.89034524742554e-06,0.1,0.8646186412160319,1
2023-02-08,-0.0028284175596347116,-0.0028354879284150565,0.014140737560690023,7.070368780345012e-06,0.1,0.8687292059650937,1
2023-02-09,-0.005203342001114393,-0.005204922688891171,0.0031613755535572496,1.5806877767786247e-06,0.09999999999999999,0.8672891121226165,1
2023-02-10,-0.0023297923679497616,-0.0023337899402785397,0.007995144657555797,3.997572328777898e-06,0.09999999999999999,0.8656431951594683,1
2023-02-13,0.004052772321819619,0.004049263961503863,0.007016720631513609,3.5083603157568048e-06,0.09999999999999999,0.8698596610860302,1
2023-02-14,-2.219725762693124e-05,-9.470078137535675e-05,0.14500704749685103,7.250352374842551e-05,0.10000000000000003,1.0153950501331004,1
2023-02-15,-0.0014154722640668486,-0.0014164240544044034,0.001903580675109845,9.517903375549224e-07,0.1,1.017372599260106,1
2023-02-16,-0.008073079910613963,-0.008074992342222444,0.003824863216962862,1.912431608481431e-06,0.10000000000000002,1.020064271627012,1
2023-02-17,0.001003467282053793,0.0010007152890704352,0.00550398596671528,2.75199298335764e-06,0.09999999999999998,1.0170735367714854,1
2023-02-21,-0.012627285474142222,-0.012630397043009995,0.006223137735544254,3.111568867772127e-06,0.09999999999999999,1.0156679309530317,1
2023-02-22,0.0012727435374995234,0.0012608914955112046,0.02370408397663744,1.1852041988318719e-05,0.1,0.9921674219670004,1
2023-02-23,0.004715661309313999,0.0047129750798474415,0.0053724589331148875,2.6862294665574436e-06,0.1,0.9923133321324649,1
2023-02-24,-0.0080689269404038,-0.008072384806043997,0.006915731280393619,3.4578656401968096e-06,0.1,0.9898398381487341,1
2023-02-27,0.0034791780873551182,0.003476358045380657,0.005640083948922944,2.820041974461472e-06,0.1,0.9857865510566852,1
2023-02-28,0.0001189472231035815,0.0001159780866424734,0.0059382729222162145,2.9691364611081073e-06,0.10000000000000002,0.9910458498044965,1
2023-03-01,-0.00316459201708969,-0.003166115784462415,0.0030475347454501783,1.5237673727250891e-06,0.1,0.9913745552826851,1
2023-03-02,0.00138973567420993,0.00138583442244159,0.007802503536680147,3.901251768340073e-06,0.1,0.9969141647488042,1
2023-03-03,0.011836884938884417,0.011833995020221488,0.005779837325859141,2.8899186629295706e-06,0.09999999999999999,0.9976613279087134,1
2023-03-06,-0.0016446290580710995,-0.0016591934146253794,0.029128713108559676,1.456435655427984e-05,0.10000000000000003,1.0171899599866259,1
2023-03-07,-0.007875131752164446,-0.007881870731126275,0.013477957923657441,6.7389789618287205e-06,0.09999999999999999,1.0292003037779929,1
2023-03-08,0.00021390772680279205,0.00020814763602185023,0.011520181561883655,5.760090780941828e-06,0.09999999999999999,1.017918896200437,1
2023-03-09,-0.003933441796309481,-0.0039478422433433516,0.028800894067740987,1.4400447033870495e-05,0.10000000000000002,1.0467218201605575,1
2023-03-10,0.005217333712299215,0.005212681500575203,0.009304423448022417,4.652211724011209e-06,0.1,1.0456405805428381,1
2023-03-13,0.006407550816599705,0.00639342591686704,0.02824979946532928,1.4124899732664643e-05,0.09999999999999999,1.0484697080065881,1
2023-03-14,0.0029550859397060227,0.0029482317549822984,0.013708369447448604,6.854184723724302e-06,0.1,1.0394140492696025,1
2023-03-15,0.004579030767536639,0.004567911627255449,0.022238280562380155,1.1119140281190077e-05,0.10000000000000002,1.0485206514488792,1
2023-03-16,0.0057488268487137385,0.005742852365892655,0.011948965642166187,5.9744828210830935e-06,0.1,1.0467383167699036,1
2023-03-17,0.004125141502576358,0.004111533235447261,0.02721653425819391,1.3608267129096957e-05,0.1,1.06203847002186,1
2023-03-20,0.000439917139512316,0.0004273598544192542,0.02511457018612355,1.2557285093061777e-05,0.1,1.0602330134334172,1
2023-03-21,0.0011620839875851915,0.0011505589207937825,0.023050133582818336,1.1525066791409167e-05,0.1,1.0832699687613334,1
2023-03-22,0.0004342093346824638,0.0004284601427969077,0.011498383771112203,5.749191885556102e-06,0.1,1.0885393902823441,1
2023-03-23,0.004254633846076792,0.004244045475149993,0.021176741853596304,1.0588370926798151e-05,0.09999999999999999,1.1055815803800222,1
2023-03-24,0.0008466315848765025,0.0008429191957556052,0.007424778241794494,3.712389120897247e-06,0.1,1.1034963604428487,1
2023-03-27,-0.007152276796815742,-0.0071556742764484725,0.006794959265461337,3.3974796327306683e-06,0.1,1.109784767184523,1
2023-03-28,-0.0002101867077084723,-0.00021474158871789118,0.009109762018837758,4.554881009418879e-06,0.1,1.1151979050009653,1
2023-03-29,0.006524788089424161,0.006522864077744805,0.0038480233587108725,1.9240116793554364e-06,0.1,1.1147278630327495,1
2023-03-30,0.005544632717459787,0.005536120422775265,0.017024589369044163,8.512294684522082e-06,0.10000000000000002,1.1207282744115772,1
2023-03-31,0.009237802714879131,0.009230544631942983,0.014516165872297648,7.2580829361488245e-06,0.1,1.1343158377590066,1
2023-04-03,0.0025885424718370847,0.0025814941890274622,0.014096565619244966,7.048282809622483e-06,0.1,1.146039648168488,1
2023-04-04,0.001954495822236615,0.0019525873314479882,0.003816981577253409,1.9084907886267045e-06,0.1,1.1479077966363747,1
2023-04-05,-0.0008563054732673846,-0.0008613768601548248,0.01014277377488046,5.07138688744023e-06,0.1,1.1470079705830396,1
2023-04-06,0.0018832061476000324,0.0018774700856252378,0.011472123949589075,5.736061974794538e-06,0.1,1.1583996546202804,1
2023-04-10,-0.0048522984053240665,-0.004858410282303607,0.012223753959081124,6.111876979540562e-06,0.1,1.1703323005747837,1
2023-04-11,0.0007424243503509296,0.0007107643196813672,0.06332006133912466,3.166003066956233e-05,0.1,1.2344900880084806,1
2023-04-12,-0.0015130554961294428,-0.0015147936880435214,0.003476383828157237,1.7381919140786185e-06,0.1,1.2359269799779322,1
2023-04-13,0.00839184673156275,0.008388554139864876,0.006585183395746652,3.292591697873326e-06,0.1,1.2342764825683061,1
2023-04-14,-0.006283328573076806,-0.00629048250972367,0.014307873293729206,7.153936646864603e-06,0.1,1.2410723289533285,1
2023-04-17,-0.0027217128122701177,-0.00272571257469953,0.007999524858825047,3.999762429412523e-06,0.1,1.2434900330343819,1
2023-04-18,0.0014338490908376116,0.0014306300182528188,0.006438145169585463,3.2190725847927317e-06,0.10000000000000002,1.241024895296039,1
2023-04-19,-0.001987057699728525,-0.0019885788565230946,0.003042313589139284,1.5211567945696418e-06,0.1,1.2437260985101486,1
2023-04-20,0.00023328946129191365,0.00022464624548485047,0.01728643161412638,8.64321580706319e-06,0.1,1.2373132747265467,1
2023-04-21,-0.001805242243323999,-0.0018101601985566315,0.009835910465264858,4.917955232632429e-06,0.09999999999999998,1.2413818830165053,1
2023-04-24,0.003028111951406441,0.003020188990426138,0.015845921960606274,7.922960980303137e-06,0.09999999999999999,1.23784831894662,1
2023-04-25,-0.0027291884939837467,-0.002734376158131059,0.01037532829462487,5.187664147312435e-06,0.1,1.2388440682459798,1
2023-04-26,-0.004018317270920338,-0.004021336434976314,0.006038328111951596,3.019164055975798e-06,0.10000000000000002,1.2428958159772105,1
2023-04-27,0.007506916396986119,0.007504236406558478,0.005359980855281693,2.6799904276408464e-06,0.1,1.2385195760338488,1
2023-04-28,0.0073349303164414225,0.007323097053654062,0.02366652557472132,1.183326278736066e-05,0.10000000000000002,1.2341584950962574,1
2023-05-01,-0.007769559713731068,-0.007774706062783304,0.010292698104472059,5.14634905223603e-06,0.1,1.2234628403744736,1
2023-05-02,0.0037604694929832326,0.003754821303982265,0.011296378001935559,5.6481890009677795e-06,0.1,1.2250274300722397,1
2023-05-03,3.413933008689847e-05,1.493109968239947e-05,0.03841646080899799,1.9208230404498997e-05,0.10000000000000002,1.2455745632588597,1
2023-05-04,-0.0031984194546991,-0.00321658299826722,0.036327087136240443,1.816354356812022e-05,0.09999999999999998,1.2819171916951726,1
2023-05-05,0.005955509792378828,0.005945187986069445,0.02064361261876571,1.0321806309382856e-05,0.1,1.2851040867424433,1
2023-05-08,-0.002924243237369746,-0.002957759755940982,0.0670330371424726,3.35165185712363e-05,0.09999999999999999,1.3504624048196119,1
2023-05-09,-0.0024585958114474098,-0.002462903285457433,0.008614948020046587,4.307474010023294e-06,0.10000000000000002,1.3601506274436062,1
2023-05-10,0.006935308617082669,0.00692943996986793,0.011737294429477962,5.868647214738982e-06,0.10000000000000002,1.3647448477425346,1
2023-05-11,0.0004858088454855828,0.0004820310317760334,0.007555627419098737,3.7778137095493688e-06,0.1,1.3609350556322117,1
2023-05-12,-0.004205120644789794,-0.004216757004755678,0.023272719931768465,1.1636359965884233e-05,0.1,1.3840376534845404,1
2023-05-15,0.0004946661535352313,0.0004907275535835059,0.007877199903450899,3.938599951725449e-06,0.1,1.383201690596157,1
2023-05-16,-0.0062631091451710846,-0.0062687833474873375,0.01134840463250597,5.674202316252985e-06,0.09999999999999999,1.3943660765035184,1
2023-05-17,0.004959093836548491,0.004950883514752354,0.016420643592273965,8.210321796136983e-06,0.09999999999999998,1.380438933823757,1
2023-05-18,0.002337810804890595,0.0023301326834648636,0.015356242851463059,7.67812142573153e-06,0.1,1.37836100699745,1
2023-05-19,-0.0005937337947645141,-0.0006154248070427146,0.043382024556401,2.16910122782005e-05,0.1,1.4208711100195877,1
2023-05-22,0.0005544616270997495,0.0005517105919739684,0.005502070251562241,2.7510351257811205e-06,0.1,1.4192691354558735,1
2023-05-23,-0.006797766841020044,-0.006838246492370128,0.0809593027001689,4.0479651350084454e-05,0.09761268464984037,1.5,1
2023-05-24,-0.007845870820607172,-0.007848595034530692,0.005448427847039583,2.7242139235197914e-06,0.09855307819606982,1.4999999999999996,1
2023-05-25,0.004753338770975438,0.004748342904865033,0.009991732220811622,4.995866110405811e-06,0.09908705946772303,1.5,1
2023-05-26,0.013090993952402371,0.0130829743469643,0.016039210876140964,8.019605438070482e-06,0.09532077819158784,1.5,1
2023-05-30,0.005881333758920261,0.005868503673324151,0.025660171192218778,1.283008559610939e-05,0.0972879974897855,1.5,1
2023-05-31,-0.0012898041184290217,-0.0012934430446710735,0.007277852484103703,3.6389262420518512e-06,0.09772210216865683,1.5,1
2023-06-01,0.009505184067742235,0.009502736350962318,0.004895433559835988,2.447716779917994e-06,0.09695010185591188,1.5,1
2023-06-02,0.0015460894309083288,0.0015419097617440512,0.008359338328555121,4.17966916427756e-06,0.09826179387795012,1.4999999999999998,1
2023-06-05,5.541003600039742e-05,4.593720642119343e-05,0.018945659158407985,9.472829579203992e-06,0.09209648083202963,1.4999999999999998,1
2023-06-06,0.00225971505637836,0.0022583293744790948,0.0027713637985303796,1.3856818992651897e-06,0.0918650662667144,1.5,1
2023-06-07,-0.011246787299219218,-0.011254827431333202,0.0160802642279666,8.0401321139833e-06,0.08847643805227767,1.4999999999999998,1
2023-06-08,0.011158277771222011,0.011155427970280308,0.0056996018834054585,2.849800941702729e-06,0.09168555483985728,1.4999999999999998,1
2023-06-09,5.605158661767869e-05,4.5826257401300827e-05,0.02045065843275573,1.0225329216377866e-05,0.09257377056936843,1.5,1
2023-06-12,0.006934514683808618,0.006919531121699967,0.029967124217302327,1.4983562108651164e-05,0.09295950470052101,1.5,1
2023-06-13,-9.816238679399326e-06,-2.0417792175176037e-05,0.021203106991553422,1.060155349577671e-05,0.0924386101601844,1.5,1
2023-06-14,0.00352276563095314,0.0035177942249077394,0.009942812090801806,4.9714060454009026e-06,0.092527622880858,1.5,1
2023-06-15,0.01161339833603341,0.011609444784900638,0.007907102265545946,3.9535511327729725e-06,0.09232783000753356,1.4999999999999998,1
2023-06-16,-0.004581321269250461,-0.004587562765377538,0.012482992254154418,6.241496127077209e-06,0.09351606882275705,1.5,1
2023-06-20,-0.0029290553076524116,-0.002940648692492381,0.023186769679938324,1.1593384839969161e-05,0.09402241406587127,1.5,1
2023-06-21,-0.004824325639188436,-0.004826749769767373,0.0048482611578740675,2.4241305789370336e-06,0.09442951549586008,1.5,1
2023-06-22,-0.0018997001259489308,-0.0019116477537058287,0.023895255513795732,1.1947627756897867e-05,0.09481885043223624,1.5,1
2023-06-23,-0.0021313424054635742,-0.002143939211457535,0.02519361198792147,1.2596805993960736e-05,0.09540889403181829,1.5,1
2023-06-26,-0.003103151049130566,-0.003108997597614094,0.01169309696705595,5.846548483527975e-06,0.09490120677355647,1.4999999999999998,1
2023-06-27,0.0059869353830675565,0.005984411843212363,0.005047079710387259,2.5235398551936295e-06,0.09496209133497495,1.4999999999999998,1
2023-06-28,0.0028064960645045917,0.002793190151312204,0.026611826384774856,1.3305913192387428e-05,0.09308708770597944,1.5,1
2023-06-29,-0.004592616444934031,-0.004597665168732532,0.01009744759700143,5.048723798500715e-06,0.09316424271872782,1.5,1
2023-06-30,0.011977814180499027,0.011963879254448306,0.027869852101442966,1.3934926050721484e-05,0.09221058180753684,1.5,1
2023-07-03,-0.0008905801388312545,-0.0008993553209298857,0.017550364197262164,8.775182098631082e-06,0.09351015271639894,1.5,1
2023-07-05,-0.004013034665217752,-0.0040249296594368576,0.023789988438211312,1.1894994219105655e-05,0.0904114305229706,1.5,1
2023-07-06,-0.009656130579615507,-0.009658749050180142,0.005236941129271838,2.6184705646359193e-06,0.09075128353534866,1.5,1
2023-07-07,-0.000589100611812974,-0.0006003864724174688,0.02257172120898948,1.1285860604494741e-05,0.09278278795095164,1.5,1
2023-07-10,0.003124909996904471,0.003118052262461924,0.013715468885094284,6.857734442547142e-06,0.09279902044907243,1.4999999999999998,1
2023-07-11,0.006227039789152183,0.006224761561752173,0.004556454800019538,2.278227400009769e-06,0.09285299045945734,1.5,1
2023-07-12,0.012999924410316986,0.012993740844122765,0.012367132388443641,6.1835661942218205e-06,0.0927246970462095,1.5,1
2023-07-13,0.010639209306990598,0.010630503529253852,0.01741155547349127,8.705777736745635e-06,0.09598331864725675,1.5,1
2023-07-14,-0.004748290638833825,-0.004755139929258863,0.013698580850076358,6.849290425038179e-06,0.09770856562387711,1.5000000000000002,1
2023-07-17,0.0038122164274875915,0.003804687408094747,0.015058038785689176,7.529019392844588e-06,0.09645019717437855,1.5,1
2023-07-18,0.008070962902582395,0.00806308731492783,0.015751175309129395,7.875587654564697e-06,0.09487497797431994,1.5,1
2023-07-19,0.0033575013524298346,0.0033508407149089865,0.013321275041696057,6.660637520848028e-06,0.09562539764827632,1.5,1
2023-07-20,-0.011650176961462502,-0.01165444727719588,0.008540631466755072,4.270315733377536e-06,0.09565860800451795,1.5,1
2023-07-21,-0.0004592259022072326,-0.00046310599641942067,0.007760188424376174,3.880094212188087e-06,0.098062573972858,1.5,1
2023-07-24,-0.0006467967268312004,-0.0006497203046346671,0.005847155606933385,2.9235778034666926e-06,0.09822206444633122,1.4999999999999998,1
2023-07-25,0.0027576979029628485,0.002753935260835566,0.007525284254564474,3.762642127282237e-06,0.098019898651485,1.5,1
2023-07-26,0.0019673869955403912,0.001963845943230683,0.007082104619416496,3.541052309708248e-06,0.09800175287962569,1.5,1
2023-07-27,-0.012368434581534825,-0.012383859575423747,0.030849987777845783,1.542499388892289e-05,0.09829252314888393,1.5,1
2023-07-28,0.011218346757648441,0.01120626348689444,0.024166541508001183,1.208327075400059e-05,0.10000000000000002,1.482118648180102,1
2023-07-31,0.002393821727785426,0.002380780379607714,0.026082696355424317,1.3041348177712159e-05,0.10000000000000002,1.4675849197770394,1
2023-08-01,-0.008213125508890098,-0.008221381577673026,0.016512137565853124,8.256068782926563e-06,0.1,1.4829994947437661,1
2023-08-02,-0.013118028652815274,-0.013131362759599755,0.026668213568960264,1.3334106784480131e-05,0.09999999999999998,1.4833609095717901,1
2023-08-03,-0.006931436432477434,-0.006963941603356008,0.0650103417571482,3.25051708785741e-05,0.10000000000000003,1.4355494375233266,1
2023-08-04,0.0038911230987462514,0.003882923527173126,0.016399143146251016,8.199571573125509e-06,0.1,1.4225780755305872,1
2023-08-07,0.0025559279336276747,0.0025440317024286925,0.023792462397964398,1.18962311989822e-05,0.09999999999999999,1.4272806350749034,1
2023-08-08,-0.0014195396197010106,-0.0014296723800251467,0.020265520648272,1.0132760324136e-05,0.09999999999999998,1.4326685635357452,1
2023-08-09,-0.004378177574424916,-0.004381418975028235,0.006482801206637273,3.2414006033186366e-06,0.1,1.4371973638615767,1
2023-08-10,-0.0032277512192012458,-0.0032314999890576852,0.007497539712879114,3.748769856439557e-06,0.1,1.435037353483328,1
2023-08-11,-0.0024049977984358937,-0.002409133224416338,0.008270851960888143,4.1354259804440715e-06,0.09999999999999999,1.4447223472162145,1
2023-08-14,0.0025626381512254305,0.0025584961824299765,0.00828393759090848,4.14196879545424e-06,0.1,1.442314075650855,1
2023-08-15,-0.008333423311130506,-0.008339156691160879,0.011466760060744152,5.733380030372076e-06,0.1,1.448612285499143,1
2023-08-16,-0.00790555700841267,-0.007916724491453123,0.022334966080906793,1.1167483040453397e-05,0.1,1.4300556086868594,1
2023-08-17,-0.006226945759743845,-0.006234400366252577,0.01490921301746434,7.45460650873217e-06,0.09999999999999999,1.4303583165738885,1
2023-08-18,0.0009420414920533586,0.0009360347800093583,0.01201342408800049,6.006712044000245e-06,0.1,1.424882596654773,1
2023-08-21,0.0025557776452896884,0.0025481195109346307,0.015316268710115377,7.658134355057689e-06,0.1,1.4214526237825236,1
2023-08-22,0.0006700471601419855,0.0006618792193682141,0.016335881547542674,8.167940773771338e-06,0.10000000000000002,1.4237769699869642,1
2023-08-23,0.015750971929320408,0.015747655171060335,0.006633516520143462,3.316758260071731e-06,0.1,1.4248803704377748,1
2023-08-24,-0.010705925372635275,-0.010727148012501382,0.04244527973221551,2.1222639866107756e-05,0.1,1.3758512184511655,1
2023-08-25,0.004570000766915501,0.004561866698289075,0.016268137252851506,8.134068626425754e-06,0.1,1.3676842999222174,1
2023-08-28,0.005031924023889748,0.005023482236215767,0.016883575347962643,8.441787673981321e-06,0.09999999999999999,1.3602789894078693,1
2023-08-29,0.014394828780234497,0.01438206576004531,0.025526040378372555,1.2763020189186277e-05,0.09999999999999999,1.3840126206062195,1
2023-08-30,0.0024583885854644527,0.002441617502888642,0.03354216515162203,1.6771082575811016e-05,0.1,1.3450384472122905,1
2023-08-31,0.0005920760646951617,0.000589673777105173,0.004804575179977344,2.402287589988672e-06,0.1,1.343735186176534,1
2023-09-01,-0.001955999879827181,-0.001965585371019933,0.01917098238550377,9.585491192751885e-06,0.10000000000000002,1.362705997259839,1
2023-09-05,-0.007123031924756926,-0.007134214566619184,0.022365283724515433,1.1182641862257716e-05,0.1,1.3608267304380948,1
2023-09-06,-0.0049652101773245624,-0.004973974299155773,0.017528243662420756,8.764121831210377e-06,0.1,1.345902462052202,1
2023-09-07,-0.00023401775125848673,-0.0002373853496623783,0.006735196807783145,3.3675984038915725e-06,0.1,1.340905183684166,1
2023-09-08,0.0012380281008760514,0.0012239282692764744,0.028199663199153957,1.4099831599576978e-05,0.1,1.3691891603927462,1
2023-09-11,0.0037556602923837076,0.0037398571358605312,0.03160631304635303,1.5803156523176515e-05,0.10000000000000003,1.400358247353949,1
2023-09-12,-0.004336473052362623,-0.0043412165218821765,0.00948693903910569,4.743469519552845e-06,0.10000000000000003,1.3987343699950008,1
2023-09-13,0.0012733373355237143,0.001268246231877085,0.010182207293258583,5.091103646629291e-06,0.09999999999999999,1.4013629209782956,1
2023-09-14,0.0032591685061402,0.003255269425730567,0.0077981608192659035,3.899080409632951e-06,0.1,1.3995353387009073,1
2023-09-15,-0.007286702527503656,-0.007293000193363385,0.01259533171945737,6.297665859728685e-06,0.09999999999999999,1.4002132967773864,1
2023-09-18,0.0029475459553643443,0.0029377013806468188,0.019689149435051123,9.844574717525561e-06,0.10000000000000003,1.4228489886637488,1
2023-09-19,-0.0035160407461653376,-0.0035209708544831114,0.009860216635547314,4.930108317773657e-06,0.09999999999999999,1.4242395394791088,1
2023-09-20,-0.005092727154975731,-0.0050984444546338615,0.011434599316260896,5.717299658130448e-06,0.1,1.4249744957099884,1
2023-09-21,-0.016439413971765748,-0.01644252593017651,0.006223916821531117,3.1119584107655583e-06,0.1,1.4249390887664628,1
2023-09-22,0.0021257842265335926,0.002092312401483331,0.06694365010052275,3.347182505026137e-05,0.1,1.3651024803269367,1
2023-09-25,-0.0037440324277253968,-0.0037481573154163677,0.008249775381941549,4.124887690970774e-06,0.1,1.3618946115408674,1
2023-09-26,-0.010416074980276082,-0.010418827251861367,0.005504543170571724,2.7522715852858622e-06,0.1,1.3616489829977116,1
2023-09-27,-0.0037410928486250137,-0.0037530030863017743,0.02382047535352161,1.1910237676760805e-05,0.09999999999999999,1.3422963734839275,1
2023-09-28,0.003986304328316752,0.003980242646737507,0.012123363158489664,6.061681579244832e-06,0.10000000000000003,1.3411641697420393,1
2023-09-29,-0.0032025024007675106,-0.0032072604230717044,0.009516044608387342,4.758022304193671e-06,0.10000000000000003,1.3371443862466896,1
2023-10-02,-0.00552611213818596,-0.005539497518851674,0.026770761331428916,1.3385380665714458e-05,0.1,1.3650047099575906,1
2023-10-03,-0.013826530749783246,-0.013830698159268802,0.008334818971112712,4.167409485556356e-06,0.1,1.3592849101274902,1
2023-10-04,0.008361016728327494,0.008340149266988598,0.0417349226777938,2.08674613388969e-05,0.1,1.3225930652917623,1
2023-10-05,-0.001335224507865686,-0.0013411313031650308,0.011813590598689722,5.906795299344861e-06,0.1,1.3180850786576674,1
2023-10-06,0.0055346104737290305,0.005531131003322818,0.006958940812426012,3.4794704062130062e-06,0.1,1.318513045347153,1
2023-10-09,0.012936356423878649,0.012925324971092072,0.022062905573153685,1.1031452786576843e-05,0.09999999999999999,1.317099348228923,1
2023-10-10,0.0016301746680942267,0.0016135725073884465,0.033204321411560406,1.6602160705780204e-05,0.1,1.2812978551970993,1
2023-10-11,0.00713859056841302,0.007120201569418225,0.036777997989590555,1.8388998994795278e-05,0.09999999999999999,1.3176392653280278,1
2023-10-12,-0.00874590226554856,-0.008758872673943737,0.025940816790352456,1.2970408395176227e-05,0.10000000000000003,1.3265293096598072,1
2023-10-13,0.005923555580912594,0.005916358472770683,0.014394216283821676,7.197108141910838e-06,0.1,1.3176814807972124,1
2023-10-16,0.001660228011832347,0.0016221603624121984,0.0761352988402971,3.806764942014855e-05,0.09999999999999999,1.3127918769004459,1
2023-10-17,-0.00358436342840073,-0.0035950431327214905,0.021359408641521027,1.0679704320760513e-05,0.10000000000000002,1.3306905262721573,1
2023-10-18,-0.006112155538602601,-0.00611507147261431,0.005831868023417924,2.915934011708962e-06,0.10000000000000002,1.3305705370783256,1
2023-10-19,-0.005709603749453888,-0.005721958091871242,0.024708684834705563,1.2354342417352782e-05,0.09999999999999999,1.34417208741002,1
2023-10-20,-0.004131322854355473,-0.004135700666365338,0.00875562401972843,4.3778120098642155e-06,0.1,1.3409059506770027,1
2023-10-23,0.0023369807314954296,0.0023354862736495634,0.0029889156917324855,1.4944578458662427e-06,0.09999999999999999,1.3421550102619233,1
2023-10-24,0.00712615622090887,0.007120235405982543,0.011841629852655106,5.920814926327553e-06,0.1,1.3426648017015421,1
2023-10-25,-0.01272028773361641,-0.012727477457398023,0.014379447563229314,7.189723781614657e-06,0.09999999999999999,1.3305372491979326,1
2023-10-26,-0.0028294986572150924,-0.0028393932743119464,0.01978923419370815,9.894617096854075e-06,0.1,1.3296832348183305,1
2023-10-27,0.0009881611281260059,0.0009698047623661947,0.03671273151962237,1.8356365759811187e-05,0.1,1.364851788372228,1
2023-10-30,0.003806159191420473,0.003799558441944462,0.013201498952022384,6.6007494760111915e-06,0.09999999999999999,1.3660760597009391,1
2023-10-31,0.0014482442584205057,0.0014339813534627413,0.028525809915529027,1.4262904957764514e-05,0.1,1.3755131047936149,1
2023-11-01,0.012230666994457769,0.012218106051430488,0.025121886054563614,1.2560943027281806e-05,0.09999999999999998,1.400111525602283,1
2023-11-02,0.015778913966811615,0.01576281063911178,0.0322066553996721,1.6103327699836052e-05,0.1,1.364711050944344,1
2023-11-03,0.009235154540271073,0.00921013713886077,0.0500348028206056,2.50174014103028e-05,0.09999999999999999,1.3090324424574133,1
2023-11-06,-0.002998862292045507,-0.003008809914642826,0.019895245194638644,9.947622597319323e-06,0.09999999999999999,1.2863417301245055,1
2023-11-07,0.00395986112889325,0.003956393791710693,0.006934674365111693,3.467337182555846e-06,0.1,1.2829972682150685,1
2023-11-08,0.0009168148960648004,0.000912536004359808,0.008557783409984754,4.278891704992377e-06,0.1,1.2831714525356965,1
2023-11-09,-0.0077849025428295415,-0.007788092889061554,0.006380692464026089,3.1903462320130445e-06,0.1,1.2835217937077024,1
2023-11-10,0.007886349482218839,0.007879723088868026,0.013252786701625802,6.6263933508129005e-06,0.1,1.2724976482830592,1
2023-11-13,-0.0001436777544335247,-0.00015325416797121226,0.019152827075375134,9.576413537687568e-06,0.10000000000000002,1.2626241831029927,1
2023-11-14,0.017051323502480193,0.017045757099798324,0.011132805363737203,5.5664026818686014e-06,0.1,1.2716180785735878,1
2023-11-15,-0.0028805400103926607,-0.0029023925813771233,0.043705141968925526,2.185257098446276e-05,0.09999999999999999,1.2233660719662567,1
2023-11-16,0.00494193965572548,0.004940297372025733,0.003284567399494953,1.6422836997474765e-06,0.1,1.227284880148755,1
2023-11-17,0.0012154088334496943,0.0012112745108640262,0.00826864517133602,4.13432258566801e-06,0.1,1.2218353203642804,1
2023-11-20,0.004758732050711022,0.004756176080975102,0.0051119394718410205,2.5559697359205103e-06,0.1,1.2196650282405346,1
2023-11-21,0.0007933456602496091,0.0007897020988705475,0.007287122758123321,3.6435613790616605e-06,0.1,1.2166284661716835,1
2023-11-22,0.001833854848058335,0.001817527722727854,0.03265425066096184,1.632712533048092e-05,0.1,1.249115420553836,1
2023-11-24,-0.0012345233279138627,-0.0012441043136985418,0.019161971569358227,9.580985784679114e-06,0.1,1.2678417368809891,1
2023-11-27,0.0035680269980760218,0.0035655568388878074,0.004940318376428332,2.470159188214166e-06,0.09999999999999999,1.2701823994092751,1
2023-11-28,0.0048541416711710035,0.004847934480574137,0.01241438119373317,6.207190596866586e-06,0.1,1.273205266586212,1
2023-11-29,0.0034205242319641136,0.0034045098518540387,0.032028760220149444,1.6014380110074722e-05,0.1,1.3015369798453729,1
2023-11-30,-0.0022511913377547712,-0.002255932551544133,0.009482427578722807,4.741213789361404e-06,0.09999999999999999,1.3004428256452472,1
2023-12-01,0.010586648135062939,0.010584835277323448,0.003625715478982411,1.8128577394912054e-06,0.10000000000000002,1.299129989637427,1
2023-12-04,-0.008332818248826994,-0.008345256911752414,0.024877325850837656,1.2438662925418827e-05,0.1,1.271121379110017,1
2023-12-05,0.003276979117651057,0.0032686570853547614,0.016644064592591212,8.322032296295606e-06,0.10000000000000002,1.2589208326961296,1
2023-12-06,0.00018024579200816412,0.00017187238823072865,0.01674680755487093,8.373403777435465e-06,0.1,1.2656862685781056,1
2023-12-07,0.004741628046709068,0.0047379724892391145,0.007311114939907243,3.6555574699536214e-06,0.10000000000000003,1.2668432249422348,1
2023-12-08,-0.0023340174373594792,-0.0023393473702057743,0.010659865692589893,5.3299328462949465e-06,0.09999999999999998,1.2651060667688458,1
2023-12-11,0.0005102814444380468,0.000507928727631517,0.004705433613059529,2.352716806529764e-06,0.1,1.2623234699580366,1
2023-12-12,0.0035607448108012476,0.003558849176145225,0.003791269312045348,1.8956346560226738e-06,0.1,1.265983916809051,1
2023-12-13,0.017677117469963106,0.01767497927711871,0.004276385688793877,2.1381928443969383e-06,0.1,1.264718987921587,1
2023-12-14,0.006265608083932191,0.006234266689762505,0.06268278833937105,3.134139416968552e-05,0.1,1.1974406611950468,1
2023-12-15,-0.001551660759478251,-0.0015615071214505527,0.019692723944603446,9.846361972301723e-06,0.09999999999999999,1.20506861976885,1
2023-12-18,0.002433310504348602,0.0024321030136591724,0.0024149813788593155,1.2074906894296578e-06,0.1,1.203191171881928,1
2023-12-19,0.004932950750763523,0.004929993692400272,0.005914116726501467,2.9570583632507335e-06,0.1,1.206880273680815,1
2023-12-20,-0.006116705158105402,-0.0061203749530105486,0.007339589810292896,3.669794905146448e-06,0.10000000000000002,1.2099060307618406,1
2023-12-21,0.006317693470970921,0.00629959513915349,0.03619666363486315,1.8098331817431576e-05,0.09999999999999999,1.2473990016914676,1
2023-12-22,0.0007903884163855154,0.0007857586821300469,0.009259468510937008,4.629734255468504e-06,0.1,1.2427089659136505,1
2023-12-26,0.004089548535108752,0.004085772722608672,0.007551625000158879,3.7758125000794398e-06,0.10000000000000002,1.242871110378923,1
2023-12-27,0.0052016828910265885,0.005188228533871226,0.026908714310725,1.34543571553625e-05,0.1,1.2687953068603441,1
2023-12-28,-0.0025255063377804354,-0.0025308106551490427,0.010608634737214628,5.304317368607314e-06,0.1,1.272990755345048,1
2023-12-29,-0.00377111943304505,-0.003773200853265495,0.004162840440889742,2.081420220444871e-06,0.1,1.2695258735350512,1
2024-01-02,-0.0070200935432280466,-0.007023071528393709,0.005955970331323834,2.9779851656619173e-06,0.1,1.267670970114732,1
2024-01-03,-0.005560474234744466,-0.005567179120685161,0.01340977188138981,6.704885940694904e-06,0.10000000000000002,1.2594144539107834,1
2024-01-04,-0.004928243390113386,-0.004946029579772576,0.0355723793183792,1.77861896591896e-05,0.1,1.2964458675519375,1
2024-01-05,-0.00056143378380699,-0.000564200105813223,0.005532644012466115,2.7663220062330574e-06,0.1,1.2959121105401685,1
2024-01-08,0.009895658689493832,0.009894866222422504,0.0015849341426549535,7.924670713274767e-07,0.09999999999999999,1.2970148317709567,1
2024-01-09,-0.0005310815820366648,-0.0005381887626061516,0.014214361138973564,7.107180569486782e-06,0.09999999999999999,1.2847974091278107,1
2024-01-10,0.002379820083150433,0.0023677982935213456,0.024043579258174907,1.2021789629087454e-05,0.10000000000000002,1.3090014566940071,1
2024-01-11,0.00274921613375189,0.002746848269556102,0.004735728391575739,2.3678641957878694e-06,0.1,1.3092360084460792,1
2024-01-12,0.002433200042905424,0.0024304816362409588,0.005436813328930368,2.718406664465184e-06,0.1,1.3134065551695588,1
2024-01-16,-0.007230245269661204,-0.007242532024127452,0.024573508932496962,1.2286754466248481e-05,0.1,1.3355067667996912,1
2024-01-17,-0.006392275262181012,-0.006413918971993246,0.043287419624466916,2.1643709812233458e-05,0.1,1.3208026393466974,1
2024-01-18,0.005945054669621999,0.005933726947656464,0.02265544393107133,1.1327721965535664e-05,0.10000000000000002,1.300239863463504,1
2024-01-19,0.008589741821794748,0.008581701346742163,0.016080950105169578,8.040475052584788e-06,0.09999999999999998,1.303768564938197,1
2024-01-22,0.0014315450121524852,0.0014233972074219911,0.016295609460988236,8.147804730494119e-06,0.09999999999999998,1.3090429371604775,1
2024-01-23,0.0008596546271012229,0.0008529996519513834,0.013309950299679046,6.654975149839523e-06,0.09999999999999999,1.31987317930984,1
2024-01-24,-0.0011488773842308706,-0.001157102715779274,0.01645066309680679,8.225331548403395e-06,0.09999999999999999,1.3248312242011142,1
2024-01-25,0.0057488123770943035,0.005746287672288524,0.0050494096115584475,2.524704805779224e-06,0.09999999999999999,1.3214799520282345,1
2024-01-26,-0.002278311729442197,-0.0022825588419278604,0.008494224971326486,4.247112485663243e-06,0.1,1.3231294149259134,1
2024-01-29,0.008552093394796456,0.008527766994688655,0.04865280021560353,2.4326400107801766e-05,0.1,1.372525721253579,1
2024-01-30,-0.0004587404224250343,-0.0004710371661933695,0.0245934875366704,1.22967437683352e-05,0.1,1.3649632472812145,1
2024-01-31,-0.008357210401113748,-0.008361585028838454,0.008749255449408827,4.3746277247044136e-06,0.1,1.3644868793601987,1
2024-02-01,0.013107212028908173,0.013095225901861157,0.023972254094032336,1.1986127047016167e-05,0.1,1.3445669439946002,1
2024-02-02,-9.266411136978547e-05,-0.00010429356687918727,0.02325891101880359,1.1629455509401796e-05,0.1,1.316866006473431,1
2024-02-05,-0.007019089140656809,-0.007032647929561706,0.02711757780979246,1.355878890489623e-05,0.1,1.3440282654847324,1
2024-02-06,0.004227600649042591,0.0042127110369000395,0.029779224285102518,1.4889612142551259e-05,0.09999999999999999,1.3757823770587112,1
2024-02-07,0.0045207134062925786,0.0045101111525228865,0.021204507539384965,1.0602253769692483e-05,0.1,1.3944749508331893,1
2024-02-08,-0.0007128913479552425,-0.0007211168511150769,0.016451006319668726,8.225503159834363e-06,0.10000000000000002,1.3995947731142198,1
2024-02-09,0.003423695032254168,0.003421402243558367,0.004585577391602369,2.2927886958011844e-06,0.1,1.3988335940127141,1
2024-02-12,-0.0016963487286228351,-0.00170225485120081,0.011812245155949835,5.906122577974917e-06,0.1,1.3973987401432266,1
2024-02-13,-0.01614595094442936,-0.016159285185086785,0.026668481314852832,1.3334240657426416e-05,0.1,1.4247507650793725,1
2024-02-14,0.00721146842066799,0.007174719482325365,0.07349787668525126,3.6748938342625634e-05,0.1,1.3582428440674363,1
2024-02-15,0.0058564606467675084,0.005851852955644582,0.0092153822458525,4.60769112292625e-06,0.1,1.3515061479147228,1
2024-02-16,-0.005106983336813422,-0.005147735005743176,0.08150333785950903,4.0751668929754514e-05,0.1,1.4309690713797578,1
2024-02-20,-0.0017008925986953533,-0.0017066855691657847,0.011585940940862682,5.7929704704313415e-06,0.1,1.4256199943243335,1
2024-02-21,-0.002381950180278216,-0.0023843545456916975,0.004808730826963786,2.404365413481893e-06,0.1,1.4280765907220196,1
2024-02-22,0.015418255159778287,0.01541591361457088,0.00468309041481374,2.34154520740687e-06,0.1,1.4245436246311574,1
2024-02-23,0.003175087120141818,0.003150876136413416,0.048421967456803605,2.42109837284018e-05,0.1,1.388840723563912,1
2024-02-26,-0.0031719468580927537,-0.003176095797771993,0.0082978793584787,4.148939679239349e-06,0.1,1.3882266937601275,1
2024-02-27,3.3019329884758416e-05,2.9595794239423264e-05,0.0068470712906703035,3.423535645335152e-06,0.09999999999999999,1.3826207585468504,1
2024-02-28,0.00014307536601353892,0.000140948457623332,0.0042538167804138105,2.1269083902069052e-06,0.1,1.3839058095956909,1
2024-02-29,0.005549582226854387,0.005548060796464885,0.003042860779004286,1.5214303895021431e-06,0.1,1.384507539598933,1
2024-03-01,0.011880260916564776,0.011875523524235577,0.00947478465839463,4.737392329197315e-06,0.1,1.3840393365332446,1
2024-03-04,0.0007339002016963218,0.0007217987607993204,0.024202881794002595,1.2101440897001298e-05,0.09999999999999999,1.3592219482473058,1
2024-03-05,-0.0031928711390403577,-0.0032019481079598516,0.018153937838988166,9.076968919494082e-06,0.1,1.3638542268847014,1
2024-03-06,0.005959085579247986,0.0059446375455163005,0.02889606746337034,1.444803373168517e-05,0.1,1.393668242824078,1
2024-03-07,0.007663185305776426,0.0076507169470335515,0.024936717485749438,1.246835874287472e-05,0.1,1.4162929374646016,1
2024-03-08,-0.0031448709417548877,-0.003154183540527489,0.01862519754520317,9.312598772601585e-06,0.1,1.4083537136434465,1
2024-03-11,-0.0009828518240515166,-0.000987695915003319,0.009688181903605014,4.844090951802507e-06,0.1,1.4043166533874285,1
2024-03-12,0.0024666347708886312,0.0024643060224955847,0.00465749678609273,2.328748393046365e-06,0.09999999999999999,1.404414694470948,1
2024-03-13,-0.0015229430320233572,-0.0015342836649024883,0.022681265758262098,1.134063287913105e-05,0.1,1.4125286843084357,1
2024-03-14,-0.006148200685405854,-0.0061506903487603525,0.004979326708996756,2.489663354498378e-06,0.1,1.411252302802231,1
2024-03-15,-0.005323579500840107,-0.005331771855660916,0.016384709641618145,8.192354820809072e-06,0.10000000000000003,1.3974152381692855,1
2024-03-18,0.0041841590397528276,0.004133935919761121,0.10044623998341376,5.0223119991706875e-05,0.09910210471046497,1.5,1
2024-03-19,0.0040057643740692445,0.003993741504991643,0.024045738155202834,1.2022869077601416e-05,0.09808912126222735,1.5,1
2024-03-20,0.009041407579464885,0.00903764296902094,0.0075292208878895706,3.7646104439447854e-06,0.09806034840759859,1.5,1
2024-03-21,0.0020048175581861387,0.0019974864295073135,0.014662257357649894,7.331128678824947e-06,0.0992818830422378,1.5,1
2024-03-22,-0.0002012560254123941,-0.00020321996217665452,0.003927873528520837,1.9639367642604185e-06,0.09871330307007407,1.5,1
2024-03-25,-0.00252702680490772,-0.0025393291285227193,0.0246046472299985,1.230232361499925e-05,0.0981417291436124,1.4999999999999998,1
2024-03-26,-0.0002414896391842594,-0.0002441573363120863,0.005335394255653797,2.6676971278268983e-06,0.09775120209951697,1.5,1
2024-03-27,0.00877355509198698,0.00877278523880282,0.0015397063683212087,7.698531841606044e-07,0.09774048705926129,1.5000000000000002,1
2024-03-28,0.0013118175147278797,0.0013072892425620476,0.009056544331664224,4.528272165832112e-06,0.09860534590603352,1.4999999999999998,1
2024-04-01,-0.003771499966617908,-0.0037805127100707264,0.018025486905637378,9.01274345281869e-06,0.09794173807778107,1.5000000000000004,1
2024-04-02,-0.002186039195798797,-0.0021894872515974503,0.006896111597306409,3.4480557986532047e-06,0.09787926956790241,1.4999999999999998,1
2024-04-03,0.002909602130512098,0.002901820920972982,0.015562419078231665,7.781209539115833e-06,0.09731995825747641,1.5,1
2024-04-04,-0.006555260526884012,-0.006560943107840521,0.011365161913017063,5.682580956508532e-06,0.09610146307762475,1.4999999999999998,1
2024-04-05,0.005464175817829199,0.005459951389756006,0.008448856146385186,4.2244280731925935e-06,0.09589052794166861,1.5,1
2024-04-08,0.0018102324244144664,0.0017975196856205406,0.025425477587851436,1.2712738793925718e-05,0.09505417764075257,1.5000000000000002,1
2024-04-09,0.004964941582209978,0.004962709753191662,0.004463658036632456,2.2318290183162283e-06,0.0949618465975406,1.4999999999999998,1
2024-04-10,-0.015041979023206318,-0.015051315764029946,0.018673481647257045,9.336740823628523e-06,0.09375021517259989,1.5,1
2024-04-11,0.008484228018653594,0.008478687203081044,0.011081631145100274,5.540815572550137e-06,0.09880450114395377,1.4999999999999998,1
2024-04-12,-0.008991203463453609,-0.009004543716324913,0.02668050574260783,1.3340252871303914e-05,0.09970360337572269,1.5000000000000002,1
2024-04-15,-0.008753726947565692,-0.008763701424154986,0.01994895317858611,9.974476589293054e-06,0.09999999999999998,1.4873007510683742,1
2024-04-16,-0.002823975216474759,-0.002835769797804898,0.02358916266027808,1.179458133013904e-05,0.09999999999999999,1.4680299661439284,1
2024-04-17,-0.00256375721416601,-0.0025754252890472676,0.023336149762515607,1.1668074881257803e-05,0.10000000000000003,1.4927089436806789,1
2024-04-18,-0.0020364774810051633,-0.002043937250184732,0.014919538359137036,7.459769179568518e-06,0.09927875802928599,1.5,1
2024-04-19,-0.004716407943147316,-0.004720880910818434,0.008945935342235478,4.472967671117739e-06,0.09912705982449,1.4999999999999998,1
2024-04-22,0.0017802262956340196,0.001773524115013387,0.013404361241265622,6.702180620632811e-06,0.09821629177891758,1.5,1
2024-04-23,0.007788976224079617,0.007779560375773085,0.018831696613065246,9.415848306532623e-06,0.09824583170910801,1.5000000000000004,1
2024-04-24,-0.0021292422151776894,-0.002138562139478266,0.01863984860115328,9.31992430057664e-06,0.0990480247284884,1.5,1
2024-04-25,-0.0034258827036794557,-0.0034288288241321064,0.005892240905301632,2.946120452650816e-06,0.09911590793466611,1.4999999999999996,1
2024-04-26,0.008582867145391134,0.008575779373722007,0.014175543338254215,7.087771669127107e-06,0.0983604510658993,1.5,1
2024-04-29,0.004364347950640109,0.004356918716203856,0.01485846887250597,7.429234436252985e-06,0.09922983533272221,1.5,1
2024-04-30,-0.016382389221351868,-0.016384095332200727,0.0034122216977202913,1.7061108488601457e-06,0.09820653584336111,1.5,1
2024-05-01,0.002900798354876932,0.0028715381034738795,0.05852050280610513,2.9260251403052562e-05,0.10000000000000002,1.449809734370892,1
2024-05-02,0.007846312175849458,0.007831770511094155,0.029083329510606132,1.4541664755303065e-05,0.1,1.4509383276477692,1
2024-05-03,0.011508659524305387,0.011487851775125008,0.041615498360755565,2.0807749180377782e-05,0.1,1.4890640532756658,1
2024-05-06,0.00803545466020261,0.008020114946260128,0.030679427884965443,1.5339713942482722e-05,0.10000000000000002,1.457087850684997,1
2024-05-07,0.0011381210145511103,0.0011245218297004993,0.027198369701221692,1.3599184850610846e-05,0.1,1.4705648902880148,1
2024-05-08,-0.0027458596103814925,-0.002749411931417549,0.007104642072113199,3.5523210360565995e-06,0.1,1.4771545501622825,1
2024-05-09,0.0062041210587035905,0.006201026433681373,0.006189250044435213,3.0946250222176065e-06,0.1,1.4733903722123756,1
2024-05-10,5.53113799548503e-05,5.0788865670807155e-05,0.009045028568086283,4.522514284043141e-06,0.1,1.4652364135353,1
2024-05-13,-0.0007125754868510509,-0.0007139701246845648,0.002789275667027774,1.3946378335138871e-06,0.1,1.4650780649046071,1
2024-05-14,0.005950782226249824,0.005949194326400466,0.0031757996987154813,1.5878998493577406e-06,0.1,1.4657472526757083,1
2024-05-15,0.014457920963595518,0.014439418162063594,0.03700560306384998,1.850280153192499e-05,0.09689822508774583,1.4999999999999998,1
2024-05-16,-0.002796604945664805,-0.002803778476156463,0.014347060983316395,7.173530491658198e-06,0.09947563271702922,1.5,1
2024-05-17,0.0012124552294677047,0.0012109502501386129,0.003009958658183598,1.504979329091799e-06,0.09923845958219903,1.4999999999999998,1
2024-05-20,0.001632254986581678,0.0016267022443908256,0.011105484381705055,5.552742190852528e-06,0.09860864453689354,1.5,1
2024-05-21,0.0020777937000314396,0.002075933097540805,0.003721204981268794,1.8606024906343971e-06,0.0986206527725157,1.5,1
2024-05-22,-0.004404015076465732,-0.004405050884466515,0.0020716160015673,1.03580800078365e-06,0.09832399806959753,1.5,1
2024-05-23,-0.008943066119582087,-0.008965953672502592,0.04577510584100977,2.2887552920504886e-05,0.09646744327118459,1.5,1
2024-05-24,0.006026988501330802,0.006019854374838918,0.014268252983767882,7.134126491883941e-06,0.09808839570351068,1.4999999999999998,1
2024-05-28,-0.002485807295083556,-0.0024895518213328247,0.007489052498537291,3.7445262492686455e-06,0.09818880986147924,1.5,1
2024-05-29,-0.00890136672193327,-0.00890442079894861,0.006108154030682655,3.054077015341328e-06,0.09835985591104167,1.5000000000000002,1
2024-05-30,-0.00018735003257452942,-0.000190406859617887,0.006113654086715159,3.0568270433575797e-06,0.10000000000000002,1.4985029216028827,1
2024-05-31,0.004932884816560345,0.0049294174916330305,0.0069346498546281055,3.467324927314053e-06,0.09936403158643689,1.5,1
2024-06-03,0.0076444410738648475,0.007638221101303441,0.012439945122812879,6.219972561406439e-06,0.09728489498740009,1.5,1
2024-06-04,0.0024150348442361375,0.0024046171484167532,0.020835391638768685,1.0417695819384343e-05,0.09827809004134899,1.5,1
2024-06-05,0.012638033004290783,0.012630707221272967,0.014651566035631558,7.325783017815779e-06,0.09868617552495973,1.5,1
2024-06-06,0.00017472605708535656,0.00016448494677203084,0.02048222062665142,1.024111031332571e-05,0.1,1.4936301681354949,1
2024-06-07,-0.011398154826157095,-0.01140314213480334,0.009974617292491467,4.9873086462457335e-06,0.09982943622541852,1.5,1
2024-06-10,0.0018584530993679428,0.0018379894678824452,0.04092726297099511,2.0463631485497554e-05,0.1,1.4648451186936309,1
2024-06-11,0.005489881056694778,0.005487783370551439,0.004195372286677851,2.0976861433389255e-06,0.1,1.4652573993225588,1
2024-06-12,0.008880119446296506,0.008873938944115239,0.012361004362533762,6.180502181266881e-06,0.10000000000000003,1.455895429638919,1
2024-06-13,0.004241177636873058,0.00423417948014502,0.013996313456075743,6.998156728037872e-06,0.09999999999999999,1.4397008101800506,1
2024-06-14,0.003576791392234778,0.0035682120050576638,0.01715877435422794,8.57938717711397e-06,0.09999999999999999,1.4543312762912866,1
2024-06-17,0.0023239636527166343,0.0023162230666855855,0.015481172062097648,7.740586031048825e-06,0.09999999999999999,1.4598765986565656,1
2024-06-18,0.004676197291822124,0.004670180718546968,0.012033146550311138,6.016573275155569e-06,0.1,1.4647076608156362,1
2024-06-20,-0.0026029276842525744,-0.0026065832129540502,0.007311057402951654,3.655528701475827e-06,0.1,1.4644269614546221,1
2024-06-21,-0.0025242413195308345,-0.002531285458737446,0.014088278413222799,7.0441392066113996e-06,0.09999999999999999,1.4770054979774492,1
2024-06-24,-0.0023687990819584335,-0.0023707203946223745,0.003842625327882168,1.921312663941084e-06,0.09999999999999999,1.474380435869616,1
2024-06-25,0.003781270817788831,0.003779992250832674,0.0025571339123145465,1.2785669561572732e-06,0.09999999999999999,1.4735452225376988,1
2024-06-26,-0.004283230201169745,-0.004288102976927193,0.009745551514895673,4.872775757447837e-06,0.1,1.476286359839201,1
2024-06-27,0.0038587889391363686,0.0038544717601516265,0.008634357969484238,4.317178984742119e-06,0.1,1.4697080561755602,1
2024-06-28,-0.0070379140769374245,-0.00704649800782409,0.017167861773331516,8.583930886665757e-06,0.1,1.4833929181256778,1
2024-07-01,-0.0015991767908473298,-0.001608012061084654,0.017670540474648375,8.835270237324188e-06,0.1,1.4691614220358917,1
2024-07-02,0.007118304815918077,0.007114331305348347,0.007947021139459998,3.973510569729999e-06,0.1,1.4754307372692455,1
2024-07-03,0.008778468871145957,0.008774745737753775,0.007446266784362526,3.7231333921812633e-06,0.09999999999999999,1.4681195593516714,1
2024-07-05,0.008793034357304982,0.008787241697667468,0.011585319275026568,5.792659637513284e-06,0.09999999999999999,1.4525757870452023,1
2024-07-08,-0.0003342239603428564,-0.0003434854885155119,0.018523056345310998,9.261528172655499e-06,0.1,1.4454814660251252,1
2024-07-09,-0.0005453635257776836,-0.0005507889723882266,0.010850893221085844,5.425446610542922e-06,0.1,1.4437001776814362,1
2024-07-10,0.007417914099478385,0.007417147929353014,0.0015323402507430722,7.661701253715361e-07,0.1,1.4430689537294916,1
2024-07-11,-0.001529569831078578,-0.0015365823283126413,0.014024994468126287,7.012497234063143e-06,0.10000000000000003,1.4368430069341849,1
2024-07-12,0.005513438373996409,0.005482199528235844,0.06247769152112978,3.123884576056489e-05,0.09905274510174168,1.4999999999999998,1
2024-07-15,-0.0004624922397918667,-0.0004664585010024738,0.007932522421214255,3.966261210607128e-06,0.0988635503497137,1.5,1
2024-07-16,0.009049583460479054,0.009035897311744949,0.027372297468211487,1.3686148734105743e-05,0.09737200842747172,1.5,1
2024-07-17,-0.012303187324912465,-0.012317456668671763,0.028538687518594757,1.4269343759297378e-05,0.09598722158343027,1.4999999999999996,1
2024-07-18,-0.007013744935845775,-0.0070307306402016745,0.033971408711799655,1.698570435589983e-05,0.09820055421601619,1.5,1
2024-07-19,-0.008153567636360323,-0.008157953024218512,0.008770775716379048,4.385387858189524e-06,0.09947614360575581,1.5000000000000002,1
2024-07-22,0.007234290099642309,0.007225976916433557,0.016626366417503702,8.313183208751851e-06,0.09999999999999999,1.4874905813489456,1
2024-07-23,-0.0009547249711376921,-0.0009578205939198214,0.006191245564258693,3.0956227821293465e-06,0.1,1.4869943679020774,1
2024-07-24,-0.018938198333386457,-0.018944569487415318,0.012742308057719226,6.371154028859613e-06,0.1,1.4827848244465935,1
2024-07-25,-0.003927027435149437,-0.003966622886093878,0.07919090188888353,3.959545094444177e-05,0.10000000000000003,1.412923183192295,1
2024-07-26,0.00975142080612635,0.00975002661825806,0.0027883757365810558,1.3941878682905278e-06,0.1,1.4118189939881516,1
2024-07-29,0.0012413182429705607,0.0012358221653757248,0.010992155189671698,5.496077594835849e-06,0.1,1.3994439760898252,1
2024-07-30,-0.0017963768338030755,-0.0018021716586578726,0.011589649709594224,5.794824854797112e-06,0.1,1.4099981186836164,1
2024-07-31,0.016546801336186585,0.016543789510471838,0.006023651429491406,3.011825714745703e-06,0.09999999999999999,1.413781814301588,1
2024-08-01,-0.007704312349560973,-0.0077203460565897775,0.03206741405760921,1.6033707028804607e-05,0.10000000000000003,1.428473619987745,1
2024-08-02,-0.003068331171124857,-0.0030763970982966736,0.016131854343632818,8.065927171816409e-06,0.1,1.416771202891855,1
2024-08-05,-0.01709683084219464,-0.01712362739017399,0.05359309595869788,2.6796547979348938e-05,0.09999999999999999,1.440764009939771,1
2024-08-06,-0.0005577498677200223,-0.0005805692840545571,0.04563883266906951,2.2819416334534755e-05,0.10000000000000002,1.4028314111697575,1
2024-08-07,-0.004849278566571386,-0.004857653519546592,0.016749905950411065,8.374952975205533e-06,0.1,1.4152897882653734,1
2024-08-08,0.013917287286722438,0.01391317234456095,0.008229884322974501,4.114942161487251e-06,0.10000000000000002,1.4090955010222928,1
2024-08-09,0.004344640037656276,0.004322413808861874,0.044452457588803396,2.22262287944017e-05,0.1,1.3850800376593444,1
2024-08-12,0.0038971224514487406,0.003893307478890178,0.007629945117125253,3.814972558562627e-06,0.1,1.3863570360811865,1
2024-08-13,0.011551303024406583,0.011547512419740297,0.007581209332572725,3.7906046662863623e-06,0.1,1.3848812729007327,1
2024-08-14,0.0015440892831268542,0.0015330898356547338,0.021998894944240788,1.0999447472120393e-05,0.10000000000000002,1.3644847347571925,1
2024-08-15,0.006877695135783934,0.006874752806684827,0.0058846581982134605,2.9423290991067304e-06,0.10000000000000002,1.3690481214166925,1
2024-08-16,0.00598836828859671,0.005968795385384498,0.039145806424425444,1.9572903212212723e-05,0.10000000000000002,1.4030599417519867,1
2024-08-19,0.005811747643276566,0.005805221671070147,0.013051944412838468,6.525972206419234e-06,0.10000000000000002,1.401308643042413,1
2024-08-20,0.0015188570979252167,0.001513396677983994,0.010920839882445438,5.4604199412227185e-06,0.1,1.3966586998786976,1
2024-08-21,0.0026552815802964257,0.002653146158311112,0.00427084397062763,2.135421985313815e-06,0.1,1.3965073787307696,1
2024-08-22,-0.008998298302092774,-0.00899946563499903,0.002334665812514042,1.1673329062570209e-06,0.1,1.3961179707794928,1
2024-08-23,0.009732541394802705,0.009720839601343824,0.02340358691776112,1.1701793458880561e-05,0.1,1.3781146792370245,1
2024-08-26,-0.0029000124246696727,-0.0029044956815023836,0.008966513665421616,4.483256832710808e-06,0.1,1.380050346701192,1
2024-08-27,0.0012336917626972043,0.00123192831317104,0.0035268990523285026,1.7634495261642513e-06,0.1,1.3795231014741192,1
2024-08-28,-0.0046564063668808045,-0.004659455870354409,0.006099006947209634,3.049503473604817e-06,0.1,1.382186948439122,1
2024-08-29,0.00015773658061491477,0.00015198976444145756,0.011493632346914445,5.746816173457222e-06,0.1,1.395472764109093,1
2024-08-30,0.001200097447235461,0.001197253430950082,0.005688032570758117,2.8440162853790586e-06,0.10000000000000002,1.3930998018250222,1
2024-09-03,-0.008160867366905026,-0.008165704658370595,0.00967458293113932,4.837291465569659e-06,0.1,1.3969928232625084,1
2024-09-04,0.0037109734364575014,0.0037040761341061634,0.013794604702676072,6.897302351338036e-06,0.10000000000000003,1.400346151550957,1
2024-09-05,0.0030714271335990084,0.0030683415029956196,0.006171261206777967,3.0856306033889837e-06,0.1,1.3981120771367759,1
2024-09-06,-0.009426576085373246,-0.009437066688180193,0.02098120561389502,1.049060280694751e-05,0.1,1.417878551781599,1
2024-09-09,0.007090970783305244,0.007080455315675357,0.021030935259774175,1.0515467629887087e-05,0.09999999999999999,1.4008393249035533,1
2024-09-10,0.00455202872614384,0.004532345444695108,0.039366562897463236,1.9683281448731618e-05,0.10000000000000002,1.4321709753336955,1
2024-09-11,0.0055260020177250735,0.005523858862504439,0.004286310441268454,2.1431552206342268e-06,0.10000000000000002,1.429595381172869,1
2024-09-12,0.0059666681953983065,0.0059574379347160315,0.01846052136455087,9.230260682275435e-06,0.1,1.4346433533974254,1
2024-09-13,0.005608570983112042,0.005599061660904257,0.019018644415569358,9.509322207784679e-06,0.09999999999999999,1.4417297865318917,1
2024-09-16,0.0028085082062919175,0.0028049926874513425,0.00703103768114996,3.5155188405749797e-06,0.10000000000000002,1.4388435708485194,1
2024-09-17,-0.0019652551717629545,-0.0019680814005821846,0.005652457638460229,2.8262288192301145e-06,0.1,1.4390448360582295,1
2024-09-18,-0.005250863324510321,-0.005254854433387048,0.007982217753454035,3.991108876727018e-06,0.1,1.4343839444720123,1
2024-09-19,0.011014901299832881,0.011010315523636256,0.009171552393252097,4.585776196626049e-06,0.09999999999999999,1.427511086890661,1
2024-09-20,0.0010240690854567717,0.0010129267632691798,0.02228464437518407,1.1142322187592035e-05,0.1,1.4121705372488589,1
2024-09-23,0.00024577148274450625,0.0002440793847759813,0.0033841959370499164,1.692097968524958e-06,0.10000000000000002,1.4151487881324951,1
2024-09-24,0.003977582170257262,0.003976577943896422,0.0020084527216786274,1.0042263608393137e-06,0.1,1.4149986614286072,1
2024-09-25,-0.0031084171275754914,-0.0031114007650099532,0.00596727486892315,2.983637434461575e-06,0.1,1.4129674546227224,1
2024-09-26,0.00360941362479362,0.0036056804337159486,0.0074663821553435095,3.7331910776717545e-06,0.1,1.4192013800258776,1
2024-09-27,1.833948189690869e-05,1.608758158596191e-05,0.004503800621893567,2.2519003109467834e-06,0.1,1.420092529487298,1
2024-09-30,-0.0017461061081065301,-0.00175682285708849,0.02143349796391958,1.071674898195979e-05,0.1,1.4415215211511825,1
2024-10-01,-0.0007113165409146136,-0.0007175981253688953,0.012563168908563432,6.281584454281716e-06,0.1,1.4470281998726873,1
2024-10-02,-0.0017542669826150286,-0.0017599148858751302,0.011295806520203122,5.647903260101561e-06,0.1,1.4554122442160218,1
2024-10-03,-0.004236444059783448,-0.004243226849573388,0.013565579579880305,6.782789789940152e-06,0.1,1.4697863814796714,1
2024-10-04,-0.0008049434793878526,-0.0008073245071478957,0.004762055520086295,2.3810277600431475e-06,0.1,1.4765571534164386,1
2024-10-07,-0.008118963022854793,-0.008125523535808766,0.013121025907946116,6.560512953973058e-06,0.1,1.4764788379017928,1
2024-10-08,0.0046925334363538285,0.004680439039249955,0.0241887942077475,1.209439710387375e-05,0.1,1.4562000147807743,1
2024-10-09,5.417890160666061e-05,4.891815761554081e-05,0.010521487982239591,5.260743991119795e-06,0.1,1.4619747538100851,1
2024-10-10,-0.00016431898219487263,-0.00017052439084558365,0.012410817301422017,6.2054086507110085e-06,0.09999999999999999,1.4563956559389772,1
2024-10-11,0.0037993162547457354,0.00379606499897582,0.006502511539830336,3.251255769915168e-06,0.10000000000000002,1.4601291488748047,1
2024-10-14,0.003174590440520396,0.003169492312155875,0.010196256729042175,5.098128364521087e-06,0.1,1.4606896002454108,1
2024-10-15,-0.0001516644266816667,-0.00016458957938130956,0.025850305399285733,1.2925152699642867e-05,0.1,1.4850894488384896,1
2024-10-16,0.0038856948274132354,0.0038730371048589585,0.02531544510855349,1.2657722554276745e-05,0.09991862773458056,1.5,1
2024-10-17,-0.0035177461439759856,-0.003518839138513325,0.0021859890746788457,1.0929945373394228e-06,0.09903600939268686,1.4999999999999998,1
2024-10-18,0.005213010243137576,0.005206717486003578,0.012585514267995285,6.2927571339976426e-06,0.09820351504629676,1.4999999999999998,1
2024-10-21,-0.0062228170686979235,-0.00622686508615392,0.008096034911991845,4.048017455995922e-06,0.09834322977419109,1.5,1
2024-10-22,0.0017646110982523918,0.0017617319695296227,0.005758257445538206,2.8791287227691033e-06,0.09960212515716403,1.4999999999999998,1
2024-10-23,-0.008905586401072425,-0.008921209630959851,0.031246459774852214,1.5623229887426108e-05,0.09550671965081164,1.5,1
2024-10-24,0.005878590672573706,0.005873467972491744,0.010245400163925195,5.122700081962597e-06,0.09691843297104712,1.5000000000000002,1
2024-10-25,-0.0005472707567865675,-0.000549529469264985,0.0045174249568349645,2.2587124784174824e-06,0.09595379308577415,1.4999999999999996,1
2024-10-28,0.0009046181598703728,0.0009032219094418661,0.00279250085701363,1.396250428506815e-06,0.09600013438512277,1.4999999999999998,1
2024-10-29,0.004519233853164077,0.00451680151723452,0.0048646718591129345,2.4323359295564674e-06,0.09619799306037294,1.5,1
2024-10-30,-0.0011454789807314517,-0.0011517760580339919,0.012594154605080427,6.297077302540213e-06,0.09208973080998838,1.5000000000000002,1
2024-10-31,-0.012905552051912409,-0.012914227501177702,0.017350898530586994,8.675449265293498e-06,0.09168885214579951,1.5,1
2024-11-01,-0.002176943952318472,-0.00220426172700985,0.05463554938275564,2.7317774691377816e-05,0.09445055550983689,1.5,1
2024-11-04,0.00411292304113437,0.004088726608786095,0.048392864696550686,2.4196432348275342e-05,0.09091436640947721,1.5000000000000002,1
2024-11-05,0.008197639766706313,0.008193475301549132,0.008328930314361271,4.164465157180636e-06,0.09091278124911935,1.5000000000000002,1
2024-11-06,-0.0005138600551694909,-0.000518717855503119,0.009715600667256102,4.857800333628051e-06,0.0910033158468586,1.4999999999999998,1
2024-11-07,0.012542619417173955,0.012524607790971011,0.03602325240588816,1.801162620294408e-05,0.0873379093218784,1.5000000000000004,1
2024-11-08,0.003728846555974997,0.0037206793359321933,0.016334440085607443,8.167220042803722e-06,0.0897114192356056,1.5,1
2024-11-11,-0.0054589404765467715,-0.005466177260788449,0.01447356848335496,7.23678424167748e-06,0.08969804196704706,1.5,1
2024-11-12,-0.007730284825994579,-0.00774080080550547,0.021031959021783314,1.0515979510891657e-05,0.0882203715909811,1.5,1
2024-11-13,-0.0033319800837069685,-0.0033344750459519726,0.004989924490008735,2.4949622450043673e-06,0.0899147019632203,1.5,1
2024-11-14,-0.0034591227060287106,-0.0034701594995926116,0.022073587127801858,1.103679356390093e-05,0.08995789065136013,1.5,1
2024-11-15,-0.008816614133534148,-0.00882387840063933,0.014528534210361738,7.264267105180869e-06,0.0895478074331603,1.5,1
2024-11-18,0.006778379650304506,0.006775403745249018,0.005951810110974953,2.9759050554874768e-06,0.08997996700534988,1.5,1
2024-11-19,0.00539797816483102,0.005389702380817121,0.016551568027798863,8.275784013899432e-06,0.0906706988152628,1.5,1
2024-11-20,-8.954986741763259e-05,-9.293283331555192e-05,0.0067659317958386755,3.3829658979193377e-06,0.0910627232557131,1.5000000000000002,1
2024-11-21,0.0034804342933589163,0.003476388895543764,0.008090795630304765,4.0453978151523826e-06,0.08890030957534902,1.5,1
2024-11-22,0.0033012844066600327,0.003299230110172829,0.00410859297440791,2.054296487203955e-06,0.08677626825616208,1.4999999999999998,1
2024-11-25,0.004595966156960604,0.004591722240409763,0.008487833101683717,4.243916550841859e-06,0.08668831915393205,1.5,1
2024-11-26,0.0014721348920229498,0.0014494483129082272,0.04537315822944529,2.2686579114722647e-05,0.08704188140357848,1.5000000000000004,1
2024-11-27,0.0005978994946795946,0.0005966890284645992,0.0024209324299907242,1.2104662149953621e-06,0.08640641900173865,1.5000000000000002,1
2024-11-29,0.008137027964881357,0.008134532334453081,0.004991260856549551,2.4956304282747755e-06,0.08631370030183386,1.5,1
2024-12-02,0.0016457108125490284,0.0016423843853008953,0.006652854496266153,3.3264272481330763e-06,0.08769249360050496,1.5,1
2024-12-03,-0.0008351342960026884,-0.0008544068111597952,0.03854503031421366,1.927251515710683e-05,0.08654125953968134,1.5,1
2024-12-04,0.00828694580167464,0.00828280599796154,0.008279607426198266,4.1398037130991325e-06,0.08649520799594579,1.5,1
2024-12-05,-0.0019571406864744745,-0.001963216619291399,0.012151865633848957,6.075932816924479e-06,0.08753992564967894,1.5,1
2024-12-06,0.0035601239051324925,0.003539137883119581,0.04197204402582311,2.0986022012911552e-05,0.085336974138704,1.5,1
2024-12-09,-0.004410576509383001,-0.0044140928908722975,0.00703276297859301,3.516381489296505e-06,0.08435520790147806,1.4999999999999998,1
2024-12-10,-0.0008180330193863754,-0.000820953291158864,0.005840543544976956,2.920271772488478e-06,0.08450510236087669,1.5,1
2024-12-11,0.005605162271449779,0.005596720869583599,0.016882803732359536,8.441401866179767e-06,0.08397823721225103,1.5,1
2024-12-12,-0.008691721734221482,-0.008698781424447315,0.014119380451664915,7.059690225832457e-06,0.08347858208929824,1.5,1
2024-12-13,-0.003407328578392008,-0.0034095259177681814,0.004394678752346837,2.1973393761734184e-06,0.08483077766845765,1.4999999999999998,1
2024-12-16,0.005917343312350343,0.0059140811146275694,0.006524395445546505,3.2621977227732524e-06,0.08509938013077721,1.5000000000000002,1
2024-12-17,-0.002934230265243224,-0.0029395377293664226,0.01061492824639762,5.3074641231988105e-06,0.08547023845401161,1.5000000000000002,1
2024-12-18,-0.026497509152633623,-0.02649956605723424,0.004113809201232749,2.0569046006163743e-06,0.08487354038494511,1.5,1
2024-12-19,-0.004039212321043525,-0.004060277533531081,0.042130424975111935,2.1065212487555968e-05,0.09485178953849532,1.5,1
2024-12-20,0.010315354804390324,0.010313112471356115,0.004484666068418575,2.2423330342092873e-06,0.09518402657426568,1.5,1
2024-12-23,9.826705268897121e-05,9.089315777059125e-05,0.014747789836759922,7.3738949183799614e-06,0.09712681434655382,1.5,1
2024-12-24,0.008506031468041846,0.008500768509070203,0.010525917943285529,5.262958971642765e-06,0.09670467812433413,1.5000000000000002,1
2024-12-26,0.0016330546760985882,0.0016249439394465945,0.01622147330398746,8.11073665199373e-06,0.09764360222547616,1.4999999999999998,1
2024-12-27,-0.009645026791892405,-0.00964696090908242,0.003868234380030644,1.934117190015322e-06,0.09740710378569037,1.5,1
2024-12-30,-0.003906866624759228,-0.003910548104787742,0.007362960057027579,3.6814800285137892e-06,0.09901136775675493,1.4999999999999998,1
2024-12-31,-0.0027970743438832553,-0.002800184323689338,0.006219959612165843,3.1099798060829217e-06,0.09889366504338042,1.5000000000000002,1
2025-01-02,0.0021565968780114173,0.0021513266297911843,0.01054049644046584,5.2702482202329205e-06,0.09920706863991403,1.5,1
2025-01-03,0.005618058247111745,0.005613913060912765,0.00829037239795985,4.145186198979925e-06,0.09921097200645883,1.4999999999999998,1
2025-01-06,0.0033813150299657774,0.003370074037325264,0.022481985281027267,1.1240992640513634e-05,0.0990432702941132,1.4999999999999998,1
2025-01-07,-0.009730406513209788,-0.009733543887887951,0.006274749356326215,3.1373746781631073e-06,0.09933434353590904,1.5,1
2025-01-08,0.002148117085652652,0.002145658197295602,0.004917776714099459,2.4588883570497296e-06,0.09941989796958145,1.5000000000000002,1
2025-01-10,-0.00996717597654836,-0.009970687013213303,0.0070220733298860805,3.5110366649430403e-06,0.09910799579046822,1.4999999999999996,1
2025-01-13,-0.0016318303785511842,-0.0016387116660437572,0.01376257498514602,6.88128749257301e-06,0.1,1.4912765228252214,1
2025-01-14,0.001131994794553648,0.0011305759541246842,0.0028376808579277935,1.4188404289638968e-06,0.1,1.4907166455361893,1
2025-01-15,0.018176920712948012,0.018174841055384458,0.004159315127107266,2.079657563553633e-06,0.10000000000000002,1.494323211988354,1
2025-01-16,0.00043435305875667526,0.0004010138639260336,0.06667838966128328,3.333919483064164e-05,0.1,1.4188229915489685,1
2025-01-17,0.005572193182529042,0.005567208510471398,0.00996934411528655,4.984672057643275e-06,0.1,1.4161399327848385,1
2025-01-21,0.008560484748433891,0.008552627133649607,0.01571522956856941,7.857614784284705e-06,0.1,1.4156468751978535,1
2025-01-22,0.002804313762890068,0.0027981573562669564,0.012312813246223159,6.15640662311158e-06,0.1,1.4007768301982897,1
2025-01-23,0.0004421511128156636,0.00043697577154106117,0.010350682549204904,5.175341274602452e-06,0.1,1.4061199588137172,1
2025-01-24,0.0005996188929967386,0.0005937923364420444,0.01165311310938863,5.826556554694315e-06,0.1,1.4158869101096627,1
2025-01-27,-0.007033821632363893,-0.0070355787867744796,0.003514308821173373,1.7571544105866865e-06,0.1,1.416888243709589,1
2025-01-28,0.0059010668882845535,0.005891117876668135,0.01989802323283746,9.94901161641873e-06,0.1,1.4342042171571747,1
2025-01-29,-0.002960681971015276,-0.0029670168963875495,0.012669850744546435,6.3349253722732175e-06,0.10000000000000003,1.4357309280288901,1
2025-01-30,0.005962585406032694,0.005960554073142425,0.004062665780537128,2.031332890268564e-06,0.1,1.4329712842878735,1
2025-01-31,-0.0034802232054778432,-0.0034837487753880433,0.007051139820400287,3.525569910200144e-06,0.1,1.424957000187757,1
2025-02-03,-0.0012706578827240116,-0.0012722345984725201,0.0031534314970168287,1.5767157485084144e-06,0.1,1.4243250269444845,1
2025-02-04,0.007212032186507149,0.0072083392407293,0.007385891555699631,3.692945777849815e-06,0.1,1.4255421455007258,1
2025-02-05,0.007435495794410118,0.007423620031961019,0.023751524898199122,1.187576244909956e-05,0.10000000000000002,1.4462518377602782,1
2025-02-06,0.000827406398088982,0.0008231097660934209,0.008593263991122035,4.296631995561018e-06,0.1,1.4343819697130165,1
2025-02-07,-0.007222334218277495,-0.007226352867255112,0.008037297955231698,4.018648977615849e-06,0.1,1.4357042304523513,1
2025-02-10,0.0064718928790513525,0.006468201664058313,0.007382429986078298,3.691214993039149e-06,0.1,1.4331906236107288,1
2025-02-11,-0.002285010278107819,-0.0023086064333241395,0.04719231043264149,2.3596155216320746e-05,0.1,1.4022601604327043,1
2025-02-12,-0.004855051405604669,-0.004869553007374262,0.029003203539187755,1.4501601769593878e-05,0.10000000000000003,1.4322178239939005,1
2025-02-13,0.012493387446437196,0.012488811087476659,0.009152717921073916,4.576358960536958e-06,0.1,1.4276178853642414,1
2025-02-14,0.00029338029978080715,0.00027655687806058,0.03364684344045435,1.6823421720227175e-05,0.10000000000000002,1.4000117181595706,1
2025-02-18,0.0005524784360311065,0.0005440608430603567,0.016835185941499575,8.417592970749787e-06,0.09999999999999999,1.4167531274654022,1
2025-02-19,0.001538128551105379,0.0015330838612518927,0.010089379706972296,5.0446898534861475e-06,0.09999999999999999,1.4213262271741978,1
2025-02-20,-0.0007830431248142707,-0.0007845549958804496,0.0030237421323580094,1.5118710661790047e-06,0.10000000000000002,1.4236540098615749,1
2025-02-21,-0.006163308106775976,-0.006171495738086393,0.016375262620833997,8.187631310416998e-06,0.10000000000000002,1.4362219089762793,1
2025-02-24,-0.0012321741149387843,-0.001242411748756289,0.020475267635009564,1.0237633817504783e-05,0.1,1.4455341812872138,1
2025-02-25,-0.0006025431967934497,-0.0006057459001337656,0.006405406680631803,3.2027033403159015e-06,0.10000000000000002,1.4525040638143905,1
2025-02-26,0.0026399711373911302,0.0026301420312106467,0.019658212360966626,9.829106180483312e-06,0.09999999999999999,1.4552337672921016,1
2025-02-27,-0.013867387653321964,-0.013869684445692842,0.0045935847417565845,2.296792370878292e-06,0.1,1.455606314742238,1
2025-02-28,0.010044972151322714,0.010021771662982466,0.04640097668049681,2.3200488340248405e-05,0.1,1.4156156598109082,1
2025-03-03,-0.005325938847120393,-0.005351670047056015,0.051462399871243736,2.573119993562187e-05,0.1,1.4007373342067622,1
2025-03-04,-0.005000779860779258,-0.005005775431210174,0.009991140861830894,4.995570430915447e-06,0.10000000000000002,1.4022848230539884,1
2025-03-05,0.0031811596748787386,0.003177158113748553,0.008003122260371254,4.001561130185627e-06,0.1,1.3967890033383186,1
2025-03-06,-0.011444766931463325,-0.011454871715440169,0.02020956795368886,1.0104783976844431e-05,0.1,1.4129479384786592,1
2025-03-07,0.002319546411203485,0.0023051189522606996,0.028854917885570763,1.4427458942785382e-05,0.1,1.3888883205837237,1
2025-03-10,-0.012079942086676457,-0.012083351622547573,0.006819071742230176,3.409535871115088e-06,0.1,1.3889260685386091,1
2025-03-11,-0.0033418321177561524,-0.003348113137102329,0.0125620386923527,6.28101934617635e-06,0.1,1.3895910767152717,1
2025-03-12,0.0023437896281135236,0.0023417157521684524,0.004147751890142826,2.073875945071413e-06,0.1,1.3884476288036165,1
2025-03-13,-0.002279853466763294,-0.00228324194507651,0.006776956626432767,3.3884783132163837e-06,0.1,1.39046492767642,1
2025-03-14,0.008450948661536305,0.008442852947536949,0.016191427998712205,8.095713999356102e-06,0.1,1.3964897179534284,1
2025-03-17,0.005410856748050675,0.005395571695412932,0.030570105275485038,1.528505263774252e-05,0.1,1.3907160640557672,1
2025-03-18,-0.003244932629355138,-0.0032478767096912023,0.00588816067212844,2.9440803360642196e-06,0.10000000000000002,1.3836617538563725,1
2025-03-19,0.00885565695832191,0.00884559237467649,0.02012916729083805,1.0064583645419026e-05,0.1,1.405044021216827,1
2025-03-20,-0.001542628350533554,-0.00155017026800202,0.015083834936931523,7.541917468465761e-06,0.09999999999999999,1.394581822600068,1
2025-03-21,-0.0025742333564862238,-0.0025759648544819015,0.0034629959913556607,1.7314979956778304e-06,0.1,1.3968176151847367,1
2025-03-24,0.0044151919268629655,0.00441421340399353,0.0019570457388720375,9.785228694360188e-07,0.1,1.3960250915172354,1
2025-03-25,0.0022354119055527383,0.0021825547101621827,0.10571439078111144,5.2857195390555724e-05,0.09749275540695192,1.5000000000000004,1
2025-03-26,-0.00901900904180753,-0.00902585238420481,0.013686684794561782,6.843342397280891e-06,0.09689481456438816,1.4999999999999998,1
2025-03-27,-0.0001586803354800021,-0.00016216688742343315,0.0069731038868621475,3.4865519434310738e-06,0.09681853908543644,1.5,1
2025-03-28,-0.003923996573359704,-0.0039293490381186675,0.010704929517925899,5.35246475896295e-06,0.09688802469464475,1.5,1
2025-03-31,0.007608050513987632,0.007599839567274888,0.016421893425487527,8.210946712743763e-06,0.09564467457894196,1.5,1
2025-04-01,0.0046449490485119,0.0046376047578278595,0.014688581368081238,7.344290684040619e-06,0.096722698764554,1.5,1
2025-04-02,0.0033163283933044406,0.003313330578908356,0.0059956287921691664,2.997814396084583e-06,0.09529130906504847,1.4999999999999998,1
2025-04-03,-0.023113382629215307,-0.023115437237788854,0.004109217147095556,2.054608573547778e-06,0.09536548653794844,1.5,1
2025-04-04,-0.02807086906713084,-0.028088909892846917,0.036081651432148226,1.8040825716074112e-05,0.1,1.487727968867913,1
2025-04-07,-0.014120242245589136,-0.014192685961708588,0.1448874322389032,7.24437161194516e-05,0.10000000000000002,1.356954778080824,1
2025-04-08,-0.009861991681095783,-0.009897907951711155,0.07183254123074416,3.5916270615372084e-05,0.1,1.2903348080196955,1
2025-04-09,0.047527607325549885,0.04751427903875223,0.026656573595315494,1.3328286797657746e-05,0.1,1.2666169449865934,1
2025-04-10,-0.014176461290329052,-0.014286361201752792,0.21979982284748065,0.00010989991142374031,0.1,1.034736347788841,1
2025-04-11,0.007192792783587894,0.007174029683566646,0.037526200042496335,1.876310002124817e-05,0.1,0.999089274630981,1
2025-04-14,0.0038058096664119697,0.0038005028953729844,0.010613542077970939,5.306771038985469e-06,0.09999999999999999,0.9952137724698218,1
2025-04-15,0.0016143414798222085,0.0016110260310537184,0.006630897536979957,3.3154487684899784e-06,0.1,0.9937049096923569,1
2025-04-16,0.0008166627290764384,0.0008154604668312809,0.002404524490315099,1.2022622451575497e-06,0.09999999999999998,0.9933688017565727,1
2025-04-17,-0.0010405512241560212,-0.0010612499027945347,0.04139735727702695,2.0698678638513475e-05,0.10000000000000002,1.0172955491538436,1
2025-04-21,-0.005611758256842925,-0.0056137560077532175,0.003995501820584654,1.9977509102923273e-06,0.1,1.0162996564893811,1
2025-04-22,0.005388806913496153,0.005380976134942161,0.015661557107985113,7.830778553992558e-06,0.1,1.0096889607628479,1
2025-04-23,0.0033205540070525745,0.0033127661743817755,0.01557566534159846,7.78783267079923e-06,0.10000000000000003,1.015867091063922,1
2025-04-24,0.010665149645149315,0.010661057321603336,0.008184647091958167,4.092323545979084e-06,0.10000000000000002,1.014232923011741,1
2025-04-25,0.002318713390617268,0.002309558556810454,0.018309667613628663,9.154833806814332e-06,0.1,0.9957771671685653,1
2025-04-28,0.003471836829593274,0.0034695578280374145,0.00455800311171925,2.279001555859625e-06,0.1,0.9953599463079438,1
2025-04-29,0.002422012975821366,0.002419887956284131,0.004250039074469525,2.1250195372347624e-06,0.09999999999999998,0.9925001720914521,1
2025-04-30,-0.0029329808014180283,-0.002934967621238325,0.0039736396405934266,1.986819820296713e-06,0.1,0.991911870612957,1
2025-05-01,-0.0019404328613674689,-0.0019416925801917719,0.0025194376486062237,1.2597188243031119e-06,0.09999999999999998,0.9900700612378552,1
2025-05-02,0.0009507215851174073,0.0009482487074216398,0.004945755391535106,2.472877695767553e-06,0.09999999999999999,0.9917064948201169,1
2025-05-05,0.0010865534589946252,0.0010827877371688175,0.007531443651615455,3.7657218258077273e-06,0.10000000000000002,0.993994285961442,1
2025-05-06,0.0021674399375487,0.002161014531702085,0.012850811693230019,6.425405846615009e-06,0.10000000000000002,0.9927742391466469,1
2025-05-07,0.00028836331394574834,0.0002822680046117657,0.012190618667965322,6.095309333982661e-06,0.09999999999999999,0.9943792347885074,1
2025-05-08,-0.0033991886313976616,-0.003402478585190774,0.006579907586224315,3.2899537931121576e-06,0.10000000000000002,1.0008182613433825,1
2025-05-09,0.0011279193299189843,0.001126322461895511,0.003193736046946713,1.5968680234733566e-06,0.09999999999999999,0.9976306201043806,1
2025-05-12,0.0035971550851907905,0.0035950922879117073,0.004125594558166329,2.0627972790831646e-06,0.1,1.0006455495140811,1
2025-05-13,0.001887405249140858,0.0018754589340177206,0.023892630246275068,1.1946315123137534e-05,0.1,1.0074038444189668,1
2025-05-14,-0.00380614355197213,-0.003808572544596751,0.004857985249241803,2.4289926246209013e-06,0.1,1.008702499651981,1
2025-05-15,0.005098658532905689,0.005095711499787666,0.0058940662360448814,2.947033118022441e-06,0.1,1.008771553405783,1
2025-05-16,0.0005572575971445011,0.0005519200018673844,0.010675190554233313,5.337595277116657e-06,0.09999999999999999,1.0169325885705196,1
2025-05-19,0.0009577136429008473,0.0009561371901395684,0.0031529055225577307,1.5764527612788654e-06,0.10000000000000002,1.0173488917540034,1
2025-05-20,-0.0003357084469547708,-0.00033805603036497983,0.004695166820418067,2.3475834102090337e-06,0.10000000000000002,1.0181828910409867,1
2025-05-21,-0.0074205207091387875,-0.007423163119440028,0.005284820602481574,2.642410301240787e-06,0.09999999999999999,1.017704198227844,1
2025-05-22,0.0009308086210237435,0.000924812091507871,0.011993059031745162,5.996529515872581e-06,0.10000000000000002,1.0060870026564712,1
2025-05-23,0.0011483466111265749,0.0011468361134379967,0.0030209953771564435,1.5104976885782218e-06,0.1,1.004426151725065,1
2025-05-27,0.00678967466401382,0.006786586906060093,0.006175515907454188,3.0877579537270937e-06,0.10000000000000002,1.003751161374062,1
2025-05-28,-0.002509309672360371,-0.0025141047189493923,0.009590093178042769,4.795046589021384e-06,0.1,0.9980933331054314,1
2025-05-29,0.0037634172654964835,0.0037621275992591884,0.002579332474590204,1.289666237295102e-06,0.09999999999999999,0.9976904239530329,1
2025-05-30,-6.526984184476313e-05,-6.961928686682164e-05,0.008698890044117016,4.349445022058508e-06,0.1,1.0037348995980697,1
2025-06-02,0.0017104113528049636,0.0017071984405239151,0.00642582456209688,3.21291228104844e-06,0.1,1.0101653339471652,1
2025-06-03,0.0003293148246749532,0.0003262498331647415,0.006129983020423405,3.064991510211702e-06,0.10000000000000002,1.0071952999979095,1
2025-06-04,0.005243601137405293,0.005240982004219358,0.005238266371869332,2.619133185934666e-06,0.10000000000000003,1.0100421909466484,1
2025-06-05,-0.002270469381488083,-0.0022748967824329286,0.008854801889690747,4.427400944845374e-06,0.09999999999999998,1.0031825689226261,1
2025-06-06,-0.0025115414610196066,-0.002513596733557767,0.004110545076320707,2.0552725381603532e-06,0.10000000000000002,1.0070155552611,1
2025-06-09,0.0012349412363204366,0.0012332829054526116,0.0033166617356497757,1.6583308678248878e-06,0.10000000000000002,1.0047661364664924,1
2025-06-10,0.002771888523008945,0.0027687261680347914,0.006324709948307222,3.162354974153611e-06,0.1,1.0041091857051079,1
2025-06-11,0.000987034301949444,0.0009856922112540735,0.002684181390741114,1.3420906953705569e-06,0.10000000000000003,1.004655728223644,1
2025-06-12,0.004864603440577837,0.0048636142772340825,0.001978326687509177,9.891633437545885e-07,0.10000000000000002,1.0045631558424983,1
2025-06-13,-0.003893045109078154,-0.003896759257721855,0.007428297287402158,3.714148643701079e-06,0.09999999999999999,0.9991215384183421,1
2025-06-16,-0.0007927517421108083,-0.0007963639205983746,0.007224356975132448,3.612178487566224e-06,0.1,0.9954775495597536,1
2025-06-17,0.000624761264444588,0.0006220946343687018,0.00533326015177249,2.666630075886245e-06,0.1,0.9967105161735328,1
2025-06-18,0.0002135299796774036,0.00020888509489511452,0.009289769564578165,4.6448847822890824e-06,0.1,0.9964712950155159,1
2025-06-20,-0.00027290378694556455,-0.00027526190421114905,0.004716234531169025,2.3581172655845126e-06,0.1,1.0011929104013624,1
2025-06-23,0.0038031863896652303,0.0038021451359220343,0.0020825074863917853,1.0412537431958926e-06,0.1,1.0013764735285227,1
2025-06-24,0.0033709617427844993,0.0033694824710548722,0.0029585434592542814,1.4792717296271407e-06,0.1,1.0008303437104318,1
2025-06-25,0.0008299975053456401,0.0008278441816453359,0.004306647400608404,2.1533237003042023e-06,0.10000000000000003,0.9977869324635126,1
2025-06-26,0.0035602536632839583,0.0035597975730131005,0.0009121805417154349,4.5609027085771745e-07,0.1,0.9978151911211556,1
2025-06-27,-0.0023323619350134835,-0.0023342261543507587,0.003728438674549972,1.864219337274986e-06,0.09999999999999999,1.0015518341574539,1
2025-06-30,0.005193428623159089,0.005191640358397963,0.003576529522251848,1.788264761125924e-06,0.10000000000000002,0.9993520355651793,1
2025-07-01,2.114882381872856e-05,1.7230109048701536e-05,0.00783742954005405,3.918714770027025e-06,0.1,0.9915654676220284,1
2025-07-02,0.0006702109338088198,0.0006680886581678061,0.0042445512820275255,2.1222756410137626e-06,0.09999999999999999,0.9952002060658725,1
2025-07-03,-0.0004852281387721944,-0.00048731233013026167,0.004168382716134525,2.0841913580672625e-06,0.1,0.9966136477280685,1
2025-07-07,-0.004115608978744386,-0.0041173937425004505,0.0035695275121304243,1.784763756065212e-06,0.1,0.9965210261392714,1
2025-07-08,-0.0014582408425376355,-0.0014696743338784126,0.022866982681554224,1.1433491340777111e-05,0.1,1.0020675701866508,1
2025-07-09,0.004852031323483872,0.00483491779401753,0.034227058932685,1.7113529466342504e-05,0.09999999999999999,1.031606910385452,1
2025-07-10,0.0004219206886539105,0.0004088476044346464,0.02614616843852824,1.3073084219264119e-05,0.1,1.057618028497238,1
2025-07-11,-0.003261106421806769,-0.003270543965814247,0.0188750880149562,9.437544007478101e-06,0.09999999999999999,1.0764826368880593,1
2025-07-14,0.0003841504463806768,0.00023355868190364843,0.3011835289540568,0.0001505917644770284,0.09999999999999999,1.3779265949575594,1
2025-07-15,-0.004633754308354548,-0.004696542065787809,0.12557551486652263,6.278775743326131e-05,0.0943886259456279,1.5,1
2025-07-16,0.0033567214783007246,0.0033514983898319,0.010446176937649598,5.223088468824799e-06,0.09326367402994054,1.5,1
2025-07-17,0.003065412231443124,0.003063799038865658,0.0032263851549323846,1.6131925774661923e-06,0.09268385928948586,1.5,1
2025-07-18,0.0010590653787096273,0.0010564861752080249,0.00515840700320494,2.57920350160247e-06,0.09273818697496938,1.5,1
2025-07-21,0.006244244285792735,0.006223006418443761,0.04247573469794784,2.123786734897392e-05,0.09294931387468253,1.5000000000000004,1
2025-07-22,0.002486218798489545,0.0024818893470845496,0.008658902809990723,4.329451404995362e-06,0.0933829897512372,1.5,1
2025-07-23,0.00044930885201728814,0.00042952386189921347,0.03956998023614937,1.9784990118074686e-05,0.08882807322796873,1.5,1
2025-07-24,-0.0012497386782141832,-0.0012638877589840063,0.02829816153964612,1.414908076982306e-05,0.08689403002462702,1.5,1
2025-07-25,0.002733491929702159,0.0027258701536668974,0.01524355207052315,7.621776035261575e-06,0.08592725799407189,1.5,1
2025-07-28,-0.001959651055250422,-0.0019753286006198027,0.03135509073876147,1.5677545369380735e-05,0.07915121121023123,1.5000000000000002,1
2025-07-29,0.0038391481638156556,0.0038366879979053175,0.0049203318206763325,2.460165910338166e-06,0.07909176595410126,1.5,1
2025-07-30,-0.004322374746520473,-0.0043338672510448316,0.022985009048716948,1.1492504524358473e-05,0.07882523304379653,1.5,1
2025-07-31,-0.0012683240121308748,-0.001271409305932317,0.006170587602884345,3.0852938014421726e-06,0.07941793236849719,1.5,1
2025-08-01,-0.0021163577590541903,-0.002118372746054249,0.004029974000117134,2.014987000058567e-06,0.0787487920993982,1.5,1
2025-08-04,0.011093213596787867,0.011084269079699713,0.017889034176308383,8.944517088154192e-06,0.0778824022283252,1.5,1
2025-08-05,-0.00239568835392419,-0.002404118155965764,0.016859604083148655,8.429802041574328e-06,0.07976480524518821,1.5,1
2025-08-06,0.003698794505126731,0.003693601818527402,0.01038537319865794,5.19268659932897e-06,0.07962104558779942,1.5,1
2025-08-07,0.0006276347306992511,0.0006228259264313593,0.009617608535783667,4.808804267891833e-06,0.07949699931581714,1.5,1
2025-08-08,0.0032123265767098974,0.0032114125969310184,0.0018279595577583574,9.139797788791787e-07,0.07943998762756611,1.5,1
2025-08-11,-0.002793463618557177,-0.0028002918561536305,0.01365647519290658,6.82823759645329e-06,0.07908858061654843,1.5,1
2025-08-12,0.0053977139285024765,0.00539675256094529,0.0019227351143727978,9.613675571863989e-07,0.07960668947805563,1.5000000000000002,1
2025-08-13,0.004760938702117934,0.004718545761480552,0.0847858812747638,4.2392940637381906e-05,0.0777722625774511,1.5,1
2025-08-14,-0.0037674722506064002,-0.003772240027634578,0.00953555405635545,4.767777028177725e-06,0.0778181408964468,1.5,1
2025-08-15,-0.003296822169313397,-0.0033018592691112856,0.010074199595777295,5.037099797888647e-06,0.07764746375543408,1.4999999999999998,1
2025-08-18,-0.0012689537531885644,-0.00127270381806292,0.00750012974871106,3.75006487435553e-06,0.07712249865141217,1.5,1
2025-08-19,-0.004221013930542931,-0.004223126907618628,0.004225954151392847,2.112977075696423e-06,0.07720599921493428,1.5,1
2025-08-20,-0.00030974604557038206,-0.0003139239672200368,0.008355843299309468,4.177921649654734e-06,0.07745738680232067,1.5000000000000002,1
2025-08-21,-0.004796573744931408,-0.004798470357893614,0.0037932259244120026,1.8966129622060014e-06,0.07725726108928256,1.5,1
2025-08-22,0.014828240717726173,0.01481116826919869,0.03414489705496404,1.707244852748202e-05,0.07310603181327659,1.5000000000000004,1
2025-08-25,-0.0038410443514856453,-0.003855707644863401,0.029326586755511197,1.4663293377755598e-05,0.07736000085446981,1.5,1
2025-08-26,0.004051842521541102,0.004045021118602637,0.01364280587693073,6.821402938465365e-06,0.07798759210488818,1.5,1
2025-08-27,0.0016841687168704833,0.0016644130255452632,0.03951138265044021,1.9755691325220106e-05,0.07440738213552976,1.5000000000000004,1
2025-08-28,0.0053477843013716555,0.005344967915240317,0.005632772262677471,2.8163861313387357e-06,0.07356899669489723,1.5,1
2025-08-29,-0.005371000408287221,-0.0053739812836866765,0.0059617507989106755,2.9808753994553377e-06,0.07349072179265984,1.5000000000000002,1
2025-09-02,-0.003366046311825922,-0.0033691311532527053,0.006169682853566477,3.0848414267832385e-06,0.07426291849675937,1.5000000000000002,1
2025-09-03,0.008380635006264903,0.008377048895401955,0.007172221725893324,3.586110862946662e-06,0.07419222494536529,1.5,1
2025-09-04,0.007063777034697875,0.007057399027211816,0.012756014972117563,6.3780074860587816e-06,0.07550867541806264,1.5,1
2025-09-05,0.005558191043278711,0.005549317598681449,0.01774688919452408,8.87344459726204e-06,0.07560984738292947,1.5,1
2025-09-08,0.006948875493818599,0.006935212239042885,0.027326509551428985,1.3663254775714492e-05,0.07518712495130656,1.4999999999999998,1
2025-09-09,-0.000769329801464438,-0.0007733918023950164,0.008124001861156888,4.062000930578444e-06,0.07617771121101759,1.5000000000000002,1
2025-09-10,0.003202956032089555,0.003201645657998671,0.0026207481817673572,1.3103740908836786e-06,0.07627808675135929,1.5000000000000002,1
2025-09-11,0.006379719598078882,0.0063775563696462775,0.00432645686520991,2.163228432604955e-06,0.07600575992410993,1.4999999999999996,1
2025-09-12,-0.00015687956178856723,-0.00016134948606944124,0.008939848561748037,4.469924280874019e-06,0.0765297030198284,1.5,1
2025-09-15,0.006729577696903178,0.0067247262937623386,0.009702806281678245,4.851403140839122e-06,0.07574191189834406,1.5,1
2025-09-16,4.684233231068868e-05,3.8297141887268695e-05,0.017090380846839975,8.545190423419988e-06,0.07447776187179589,1.5,1
2025-09-17,-0.0030354968301406337,-0.003041830125316129,0.012666590350991158,6.3332951754955795e-06,0.07481105407572905,1.5,1
2025-09-18,0.001146088024573932,0.0011378391923535913,0.01649766444068146,8.24883222034073e-06,0.07538012791942594,1.4999999999999998,1
2025-09-19,0.004619706252052337,0.00461567454209701,0.008063419910653818,4.0317099553269095e-06,0.07517320866016505,1.5,1
2025-09-22,0.004768126703956977,0.004764827981048723,0.006597445816508257,3.2987229082541285e-06,0.07522676786990816,1.5000000000000002,1
2025-09-23,-0.001391707898300552,-0.001398676201160877,0.013936605720649892,6.968302860324946e-06,0.0746204304544075,1.5,1
2025-09-24,-0.004669648584345276,-0.004678208031318596,0.01711889394663943,8.559446973319714e-06,0.07390420625329842,1.5000000000000004,1
2025-09-25,-0.0030679387477603104,-0.0030692164325082038,0.0025553694957869966,1.2776847478934983e-06,0.07485550590091587,1.4999999999999998,1
2025-09-26,0.004340496268456116,0.004338143314690365,0.004705907531502657,2.3529537657513285e-06,0.07451868870216741,1.4999999999999998,1
2025-09-29,0.007037351232665445,0.0070310432550726425,0.012615955185605127,6.307977592802563e-06,0.07449623775589806,1.5,1
2025-09-30,0.0025913751230315584,0.002586324145901536,0.010101954260044316,5.050977130022158e-06,0.07401418541349652,1.5000000000000002,1
2025-10-01,0.004005403770259802,0.00400203759367426,0.006732353171085226,3.366176585542613e-06,0.07404983337215039,1.4999999999999998,1
2025-10-02,0.0015594376981351485,0.0015584213581297883,0.0020326800107204612,1.0163400053602307e-06,0.07421433537648232,1.5000000000000002,1
2025-10-03,-0.000680747703827147,-0.0006837457291060139,0.005996050557733945,2.9980252788669725e-06,0.0743830921384709,1.5,1
2025-10-06,0.0038807308609973773,0.003873345192919086,0.014771336156582604,7.385668078291302e-06,0.07246783300880856,1.5,1
2025-10-07,-0.0006697931456561558,-0.0006751034626243748,0.010620633936438112,5.310316968219056e-06,0.07216093158077967,1.4999999999999998,1
2025-10-08,0.007054548052357639,0.00705264067684072,0.0038147510338364388,1.9073755169182196e-06,0.07109376585406647,1.5,1
2025-10-09,-0.0048879769531907985,-0.00489653514249238,0.017116378603163257,8.55818930158163e-06,0.0717708191939359,1.5,1
2025-10-10,-0.013723595906520853,-0.013733213275214005,0.019234737386305795,9.617368693152897e-06,0.07191639995841385,1.5,1
2025-10-13,0.01518394142447552,0.015137243830374965,0.09339518820111187,4.669759410055593e-05,0.07407573470315827,1.4999999999999998,1
2025-10-14,0.0002251873897710993,0.0002030991068312154,0.044176565879767815,2.2088282939883907e-05,0.07702263205608481,1.4999999999999998,1
2025-10-15,0.005496765931394329,0.0054950542820799446,0.003423298628768834,1.711649314384417e-06,0.07689687200385549,1.5,1
2025-10-16,0.0016556627345984058,0.0016507662510314455,0.009792967133920472,4.896483566960236e-06,0.077233745214624,1.5,1
2025-10-17,0.0009399406053518073,0.0009312115708405067,0.017458069022601108,8.729034511300555e-06,0.07705725427752458,1.5,1
2025-10-20,0.012414164789505196,0.01240956917886254,0.009191221285311468,4.595610642655734e-06,0.07617303864319211,1.5,1
2025-10-21,-0.006965829009676544,-0.006981245798149898,0.030833576946707547,1.5416788473353773e-05,0.0786839647130058,1.4999999999999998,1
2025-10-22,-0.0038249922243860533,-0.0038402606037463705,0.030536758720634327,1.5268379360317164e-05,0.0794461395886963,1.5,1
2025-10-23,0.0025867878941092555,0.0025856263551463808,0.002323077925749789,1.1615389628748945e-06,0.0797410774849799,1.5,1
2025-10-24,0.0056537214937853585,0.005650097397325994,0.007248192918728677,3.6240964593643386e-06,0.0796905154327017,1.4999999999999998,1
2025-10-27,0.0063205508973636585,0.0063131160113510795,0.014869772025158198,7.434886012579099e-06,0.07952428959929896,1.5,1
2025-10-28,0.0022302899700047,0.0022133842307392724,0.03381147853085584,1.6905739265427918e-05,0.0788169279754612,1.5000000000000002,1
2025-10-29,-0.003836977666958195,-0.0038403036827881804,0.006652031659971289,3.3260158299856445e-06,0.07786440548573871,1.5,1
2025-10-30,-0.006930455694833256,-0.006934475701024401,0.008040012382288589,4.020006191144294e-06,0.07873355846112133,1.5000000000000002,1
2025-10-31,0.0007272281864611819,0.0007132729918497251,0.027910389222913612,1.3955194611456806e-05,0.08068117474320353,1.4999999999999998,1
2025-11-03,0.00016284147425851781,0.000153679489358483,0.018323969800069603,9.161984900034802e-06,0.07903995967612817,1.5,1
2025-11-04,-0.009035902395260089,-0.009037204056999952,0.002603323479725514,1.301661739862757e-06,0.07890755610194472,1.5,1
2025-11-05,0.0003368071658788928,0.0003319989020435184,0.009616527670748887,4.808263835374443e-06,0.08056825959742075,1.5,1
2025-11-06,-0.004326907138414767,-0.004331210910762496,0.008607544695457256,4.303772347728628e-06,0.08072284917247145,1.5,1
2025-11-07,7.181012641416361e-05,6.741282893646457e-05,0.008794594955398069,4.3972974776990346e-06,0.08079696608574277,1.5,1
2025-11-10,0.013024632395873672,0.013023749978478117,0.0017648347911073808,8.824173955536904e-07,0.08059264038009845,1.5,1
2025-11-11,0.0025683952239775026,0.002551975277710938,0.03283989253312876,1.6419946266564376e-05,0.08286233828667611,1.5,1
2025-11-12,0.0014258537483037973,0.0014244631011622348,0.002781294283125138,1.390647141562569e-06,0.0824414074715966,1.5,1
2025-11-13,-0.01398008072358505,-0.013983272399850694,0.006383352531286593,3.1916762656432966e-06,0.08163690981376712,1.4999999999999996,1
2025-11-14,-0.0032238845309664286,-0.0032321757671676214,0.016582472402385556,8.291236201192778e-06,0.0854541302238579,1.5,1
2025-11-17,-0.005418143827628029,-0.005419033619634239,0.0017795840124209816,8.897920062104908e-07,0.0857380576103701,1.5,1
2025-11-18,-0.0041234483699427085,-0.004127342628368594,0.007788516851772037,3.894258425886019e-06,0.08629342664336573,1.4999999999999998,1
2025-11-19,0.001973890301364893,0.001972607957172453,0.0025646883848794155,1.2823441924397077e-06,0.08656914600293938,1.5,1
2025-11-20,-0.007961024991647574,-0.007963081129804955,0.004112276314762298,2.0561381573811487e-06,0.0857916929726539,1.5,1
2025-11-21,0.0066649957721334205,0.006661042104922575,0.007907334421691989,3.953667210845995e-06,0.08290722434396014,1.5000000000000002,1
2025-11-24,0.013397186511528809,0.013391729185837462,0.01091465138269579,5.457325691347895e-06,0.08303395361570833,1.5000000000000002,1
2025-11-25,0.0059909694843173905,0.005975059249826447,0.03182046898188698,1.591023449094349e-05,0.0855239903069421,1.5,1
2025-11-26,0.006106656238480098,0.006101781050491584,0.009750375977027798,4.875187988513899e-06,0.08591188237703813,1.5,1
2025-11-28,0.0029119798081842754,0.002907998995238692,0.007961625891167334,3.9808129455836674e-06,0.08600021995419109,1.5,1
2025-12-01,-0.006318903594893893,-0.006321966578001319,0.0061259662148522576,3.0629831074261287e-06,0.08511171533949828,1.4999999999999998,1
2025-12-02,0.0022186851131507958,0.002213775752480894,0.009818721339804007,4.909360669902003e-06,0.08617357108348736,1.5,1
2025-12-03,0.002745152639533051,0.0027391970356734864,0.011911207719128764,5.955603859564381e-06,0.08478576824271009,1.5,1
2025-12-04,-0.001607537275215619,-0.0016095136369300852,0.003952723428932409,1.9763617144662045e-06,0.0840152121722748,1.5,1
2025-12-05,-0.0005322464644105224,-0.0005456176679722054,0.026742407123366063,1.3371203561683031e-05,0.08307861991070618,1.4999999999999998,1
2025-12-08,-0.0034182669295222895,-0.0034306391809019437,0.024744502759308312,1.2372251379654156e-05,0.08163691353717632,1.5,1
2025-12-09,0.00032782129770280366,0.0003252627550030958,0.0051170853994157856,2.5585426997078927e-06,0.0818316521876548,1.5,1
2025-12-10,0.005921707139213377,0.005919542326844337,0.004329624738079338,2.164812369039669e-06,0.08153882925897606,1.5,1
2025-12-11,0.0006810060718597292,0.0006792217432363143,0.003568657246829657,1.7843286234148284e-06,0.08133078044474255,1.5,1
2025-12-12,-0.009884757701997452,-0.00988708585002872,0.004656296062533177,2.328148031266589e-06,0.08117704639317222,1.4999999999999996,1
2025-12-15,-0.0006540236535594976,-0.0006577243934946967,0.0074014798703981866,3.700739935199093e-06,0.08290394999222687,1.5,1
2025-12-16,0.0017793296422153012,0.001778565394580055,0.0015284952704924248,7.642476352462124e-07,0.08288612657330928,1.5000000000000002,1
2025-12-17,-0.006256105319735751,-0.006259996217409048,0.007781795346591722,3.890897673295861e-06,0.0827575789500214,1.5,1
2025-12-18,0.0071739734103887,0.0071644937236772345,0.018959373422929596,9.479686711464797e-06,0.08296395860771952,1.5,1
2025-12-19,0.0033998891617526756,0.0033953054812501486,0.009167361005054178,4.583680502527089e-06,0.08372424703743951,1.5,1
2025-12-22,0.004192445502157398,0.004185736535828235,0.013417932658325943,6.7089663291629715e-06,0.08357902002123428,1.5,1
2025-12-23,0.004018164813240185,0.004012137948688629,0.01205372910311038,6.02686455155519e-06,0.08372903422120294,1.5000000000000002,1
2025-12-24,0.0040188594118425,0.004016340858637628,0.005037106409743947,2.5185532048719734e-06,0.08338236653841444,1.4999999999999998,1
2025-12-26,-3.424255907042177e-05,-3.916488939066147e-05,0.00984466064047941,4.922330320239705e-06,0.08351941320963717,1.5,1
2025-12-29,-0.004397378130790296,-0.004398863701212001,0.0029711408434110326,1.4855704217055164e-06,0.08346116560551203,1.5000000000000002,1
2025-12-30,-0.001174125854849279,-0.0011783824086514718,0.008513107604385242,4.256553802192621e-06,0.08272624607055554,1.5,1
2025-12-31,-0.007395981138193867,-0.007397079713121474,0.0021971498552141727,1.0985749276070865e-06,0.08279147352991097,1.5,1
2026-01-02,0.0004187549656443092,0.0004161567471784905,0.005196436931637405,2.5982184658187026e-06,0.08402703457030944,1.5,1
2026-01-05,0.00826877134702427,0.00826716767081871,0.0032073524111181917,1.603676205559096e-06,0.08396396693845726,1.4999999999999998,1
2026-01-06,0.003516683812278068,0.003511801248932218,0.00976512669170046,4.88256334585023e-06,0.08527633904084483,1.5000000000000002,1
2026-01-07,0.0003867255138097558,0.0003808167973884165,0.011817432842678555,5.908716421339277e-06,0.0852603217701482,1.5,1
2026-01-08,-0.00218440266928373,-0.002186598723997165,0.004392109426869989,2.1960547134349946e-06,0.085289371530082,1.5,1
2026-01-09,0.006724905152575336,0.0067224418075191635,0.004926690112344437,2.4633450561722185e-06,0.08523656599502721,1.5,1
2026-01-12,0.0013759285472709154,0.0013699936844708894,0.01186972560005213,5.934862800026065e-06,0.08574776830005056,1.5000000000000002,1
2026-01-13,-0.00029437778400298343,-0.00033001977313439876,0.07128397826283063,3.564198913141531e-05,0.08603713014083592,1.5,1
2026-01-14,-0.0003611611455835294,-0.00037261379140554927,0.022905291644039733,1.1452645822019867e-05,0.08359400362288726,1.5,1
2026-01-15,0.0006744113927005611,0.000669861484400724,0.009099816599674307,4.549908299837153e-06,0.08351402125220937,1.4999999999999998,1
2026-01-16,-0.0028107903384904202,-0.0028119738765597564,0.002367076138672486,1.183538069336243e-06,0.08327046448197124,1.5,1
2026-01-20,-0.012296602891243017,-0.01230180608938997,0.0104063962939039,5.20319814695195e-06,0.08363220630453666,1.5,1
2026-01-21,0.010859293371934354,0.010843319207313452,0.03194832924180299,1.5974164620901495e-05,0.0861070678275979,1.5,1
2026-01-22,0.00617147502792267,0.00616460582233446,0.013738411176420814,6.869205588210407e-06,0.08625488843488555,1.5,1
2026-01-23,0.003032873311602652,0.003019368205263785,0.02701021267773375,1.3505106338866874e-05,0.08628741998336172,1.5,1
2026-01-26,0.005751153256364423,0.005747491748438803,0.00732301585123965,3.661507925619825e-06,0.08629980276615908,1.5,1
2026-01-27,0.0032113178469006295,0.003208159891409708,0.006315910981842338,3.157955490921169e-06,0.08695861111351907,1.5,1
2026-01-28,0.0033056571218887205,0.0033005829154081462,0.010148412961148726,5.074206480574363e-06,0.08681852065580051,1.5,1
2026-01-29,-0.0012442714229544455,-0.0012518612287346265,0.015179611560361975,7.589805780180987e-06,0.08698949886726604,1.5,1
2026-01-30,-0.014942350314998618,-0.014943712949599898,0.0027252692025610536,1.3626346012805269e-06,0.08702251659464076,1.5,1
2026-02-02,-0.0011107627806839378,-0.0011278831056438377,0.03424064991979972,1.712032495989986e-05,0.08947295773620623,1.5,1
2026-02-03,-0.00035067032751210877,-0.0003541069064194911,0.006873157814764663,3.4365789073823317e-06,0.08845131534227907,1.4999999999999996,1
2026-02-04,-0.005817140256735211,-0.00582579002272778,0.017299531985136604,8.649765992568302e-06,0.08778532544010222,1.5000000000000002,1
2026-02-05,-0.004132414370128517,-0.004133883702539295,0.002938664821554096,1.469332410777048e-06,0.0882657262221068,1.5,1
2026-02-06,0.013149501105220856,0.013134839550866563,0.02932310870858397,1.4661554354291984e-05,0.08764893304816065,1.5,1
2026-02-09,0.004842622528608537,0.004816355186559906,0.05253468409726064,2.626734204863032e-05,0.0898381414474345,1.4999999999999998,1
2026-02-10,0.0019464071407644518,0.0019380160442928165,0.016782192943270643,8.391096471635322e-06,0.09038269413706951,1.5,1
2026-02-11,-0.0011097898253128605,-0.0011253910450236626,0.031202439421604444,1.5601219710802224e-05,0.0905717644312271,1.4999999999999998,1
2026-02-12,-0.005959687261718054,-0.005971459628263641,0.023544733091173428,1.1772366545586715e-05,0.08905062933283003,1.5,1
2026-02-13,0.004796969417237994,0.004782770482463363,0.02839786954926244,1.4198934774631219e-05,0.08896097678539291,1.5,1
2026-02-17,-0.0013516963084317223,-0.0013564381289408645,0.009483641018284375,4.741820509142188e-06,0.0894218239859148,1.5,1
2026-02-18,0.003253031728228635,0.003242932200760403,0.020199054936463477,1.0099527468231739e-05,0.08576497492690066,1.5,1
2026-02-19,-0.0009116558433465212,-0.0009168476959406218,0.010383705188201031,5.191852594100516e-06,0.08551648507650698,1.4999999999999996,1
2026-02-20,0.0046103654124676225,0.004605842533853064,0.009045757229117213,4.5228786145586064e-06,0.08511624018085118,1.5000000000000002,1
2026-02-23,-0.002827607431787964,-0.0028300160681441373,0.004817272712346554,2.408636356173277e-06,0.08503210147645016,1.5,1
2026-02-24,0.0038506667977837835,0.003847168545291743,0.006996504984081019,3.4982524920405094e-06,0.08488848864473943,1.5000000000000002,1
2026-02-25,0.0057022580469387315,0.005693791291052195,0.01693351177307302,8.466755886536511e-06,0.08432055368163577,1.5000000000000002,1
2026-02-26,-0.0023164275967092443,-0.002321749699132368,0.010644204846247132,5.322102423123566e-06,0.08385152332846992,1.4999999999999996,1
2026-02-27,0.0005769159483344634,0.0005631068509449695,0.027618194778987623,1.3809097389493813e-05,0.08112503735692578,1.5,1
2026-03-02,-0.002868938350749645,-0.0028751523073840997,0.012427913268909282,6.213956634454641e-06,0.08050378753573209,1.5,1
2026-03-03,-0.009008985512267736,-0.009013850126409454,0.009729228283435615,4.864614141717807e-06,0.08029192972651582,1.5,1
2026-03-04,0.005570373511917112,0.005567347550446573,0.006051922941077197,3.0259614705385983e-06,0.08194992313847098,1.5,1
2026-03-05,-0.005871744144600946,-0.005885849844684231,0.02821140016657004,1.4105700083285019e-05,0.08065877599103492,1.5,1
2026-03-06,-0.008855803735785612,-0.008858386368568163,0.005165265565101565,2.5826327825507825e-06,0.08153685582598286,1.4999999999999996,1
2026-03-09,0.010174646967074413,0.010170557619133153,0.00817869588251912,4.08934794125956e-06,0.08272462391936138,1.5,1
2026-03-10,-0.004207365382803879,-0.004214357049898465,0.013983334189171713,6.991667094585857e-06,0.08469516735850269,1.5,1
2026-03-11,-0.005968164310487246,-0.005972609866610125,0.008891112245758448,4.445556122879224e-06,0.0853495088596969,1.5,1
2026-03-12,-0.012469809258198059,-0.012476834959603765,0.014051402811415113,7.025701405707557e-06,0.08618409850815266,1.5,1
2026-03-13,-0.005733600452577397,-0.005738837842525509,0.010474779896224432,5.237389948112215e-06,0.08895635633202528,1.4999999999999998,1
2026-03-16,0.009219950657251895,0.009217248800862514,0.00540371277876113,2.701856389380565e-06,0.08888660911907378,1.5000000000000002,1
2026-03-17,0.003916047848768263,0.003908300430910413,0.015494835715700005,7.747417857850003e-06,0.09054680747422818,1.5,1
2026-03-18,-0.01294538161295325,-0.012952497771742615,0.014232317578731633,7.1161587893658175e-06,0.0888534926464804,1.5,1
2026-03-19,-0.0008460554966224971,-0.0008507387679663861,0.009366542687777979,4.6832713438889895e-06,0.09201340062033977,1.5000000000000002,1
2026-03-20,-0.01958124517523103,-0.019584325162733812,0.006159975005560668,3.079987502780334e-06,0.091840781220557,1.4999999999999998,1
2026-03-23,0.008798736187680628,0.008783634581580123,0.03020321220100801,1.5101606100504006e-05,0.09896298196443673,1.5,1
2026-03-24,-0.00526118176195987,-0.005265770941646408,0.009178359373074374,4.589179686537187e-06,0.09931862149542407,1.5,1
2026-03-25,0.009111627405995954,0.009106480438909862,0.010293934172186915,5.146967086093458e-06,0.09975138110842986,1.5,1
2026-03-26,-0.01758372597810539,-0.0175907243650547,0.01399677389862286,6.99838694931143e-06,0.1,1.481496176210675,1
2026-03-27,-0.008486721895537664,-0.008522077075052025,0.07071035902872025,3.5355179514360126e-05,0.10000000000000002,1.4194144662752979,1
2026-03-30,0.0022955352471690314,0.0022902457974353124,0.010578899467437612,5.289449733718806e-06,0.1,1.4193607447514158,1
2026-03-31,0.01951735030744887,0.019507160393803954,0.020379827289837615,1.0189913644918808e-05,0.1,1.4159359859048104,1
2026-04-01,0.005345364041868869,0.0053145173851906315,0.06169331335647352,3.084665667823676e-05,0.1,1.3484373903694282,1
2026-04-02,0.001971772569814268,0.0019667511776537434,0.01004278432104902,5.02139216052451e-06,0.1,1.3435987879117848,1
2026-04-06,0.0017635715095760183,0.0017591915847466671,0.008759849658702558,4.379924829351279e-06,0.09999999999999998,1.3516892022545777,1
2026-04-07,0.0009154558145078762,0.0009130084822001725,0.004894664615407447,2.4473323077037237e-06,0.10000000000000002,1.3517222525769153,1
2026-04-08,0.014865051901923224,0.014859583993895146,0.010935816056157406,5.4679080280787034e-06,0.10000000000000002,1.362339681255775,1
2026-04-09,0.0025603378148855507,0.0025432699178471463,0.03413579407680907,1.7067897038404533e-05,0.09999999999999999,1.3281193205316062,1
2026-04-10,-0.002010675398616899,-0.0020138623231733105,0.00637384911282337,3.1869245564116848e-06,0.1,1.3277377669526413,1
2026-04-13,0.005944971756774707,0.005943359711707554,0.0032240901343084313,1.6120450671542156e-06,0.1,1.327187228343039,1
2026-04-14,0.009581994520754034,0.009576976900141967,0.010035241224134642,5.017620612067321e-06,0.09999999999999999,1.3262669620856464,1
2026-04-15,0.0019767207048209286,0.001968644249683529,0.01615291027479923,8.076455137399616e-06,0.1,1.3079422840169328,1
2026-04-16,-0.0010525265429936546,-0.0010579325905483781,0.010812095109446994,5.406047554723497e-06,0.1,1.3098180824915115,1
2026-04-17,0.00980829332816833,0.009806410479419702,0.0037656974972578514,1.8828487486289256e-06,0.10000000000000002,1.307740645593488,1
2026-04-20,-0.0018401642412847721,-0.0018496869408000697,0.01904539903059519,9.522699515297594e-06,0.09999999999999999,1.285708586732014,1
2026-04-21,-0.006285130319420178,-0.0062864968211934465,0.002733003546537084,1.366501773268542e-06,0.10000000000000002,1.2865977955677588,1
2026-04-22,0.006787527548513065,0.006776638836299924,0.02177742442628179,1.0888712213140895e-05,0.1,1.2959320152101177,1
2026-04-23,-0.003522816119553122,-0.003530189731555548,0.01474722400485206,7.373612002426031e-06,0.10000000000000002,1.3052126102543005,1
2026-04-24,0.006246422965801319,0.006244760935773867,0.003324060054904411,1.6620300274522056e-06,0.10000000000000003,1.3060321084870914,1
2026-04-27,-0.0013257754651978175,-0.001330670236086103,0.009789541776570945,4.8947708882854725e-06,0.10000000000000002,1.30139956513286,1
2026-04-28,-0.0039012498576542947,-0.0039025013409218143,0.002502966535039647,1.2514832675198235e-06,0.10000000000000002,1.3043090307855565,1
2026-04-29,-0.003303912224047478,-0.0033068481504091017,0.005871852723246897,2.9359263616234484e-06,0.1,1.3014338428879897,1
2026-04-30,0.0054761912752135655,0.00547134116544942,0.009700219528291636,4.850109764145818e-06,0.1,1.2955234322095444,1
2026-05-01,0.003412733142265813,0.0034083451672714446,0.008775949988737215,4.3879749943686074e-06,0.1,1.2895415438093605,1
2026-05-04,-0.0058372471720614955,-0.005842391649196384,0.010288954269776836,5.144477134888418e-06,0.1,1.2979412245147208,1
2026-05-05,0.0064396862566753685,0.0064305427693947485,0.018286974561240607,9.143487280620304e-06,0.1,1.2849042237358188,1
2026-05-06,0.01154028586628619,0.011527951891428785,0.02466794971481051,1.2333974857405255e-05,0.1,1.2659390347312562,1
2026-05-07,-0.0033241720377163164,-0.003333455663807691,0.018567252182749017,9.283626091374509e-06,0.09999999999999999,1.2443531824021958,1
2026-05-08,0.008045500194375575,0.00803919326569592,0.012613857359311517,6.306928679655759e-06,0.1,1.2390905025123384,1
2026-05-11,-0.0013400422347276024,-0.001347047929521748,0.0140113895882914,7.005694794145701e-06,0.09999999999999998,1.2446115141374499,1
2026-05-12,-0.004184439720270552,-0.004185468015524197,0.0020565905072900126,1.0282952536450063e-06,0.1,1.2448608197848225,1
2026-05-13,0.0020244641649974932,0.0020178583675011554,0.013211594992676046,6.605797496338023e-06,0.1,1.2411332742190826,1
2026-05-14,0.0024126368240811598,0.002409235155522069,0.006803337118181457,3.4016685590907286e-06,0.10000000000000002,1.2416752152697241,1
2026-05-15,-0.012243128684464257,-0.012251391601272301,0.016525833616090876,8.262916808045437e-06,0.1,1.2407500359088488,1
2026-05-18,-0.0005149469626211161,-0.0005335103071464537,0.037126689050675135,1.8563344525337565e-05,0.1,1.2071894299095012,1
2026-05-19,-0.006003619357714064,-0.0060052619706254555,0.0032852258227820813,1.6426129113910407e-06,0.10000000000000002,1.2067044956095232,1
2026-05-20,0.010297158405022128,0.010291569962560441,0.011176884923372252,5.588442461686126e-06,0.1,1.1987876387825898,1
2026-05-21,0.0016618443350823692,0.001650053784655161,0.02358110085441656,1.1790550427208279e-05,0.1,1.1741758754176548,1
2026-05-22,0.0022805643411645633,0.0022786105192373813,0.003907643854363652,1.9538219271818256e-06,0.1,1.1748570092938584,1
2026-05-26,0.0062194412780994645,0.006215004872212025,0.008872811774878059,4.436405887439029e-06,0.09999999999999999,1.1697059785978976,1
2026-05-27,-0.0006459234594897332,-0.000649864325391585,0.007881731803703482,3.9408659018517404e-06,0.1,1.1627959518449396,1
2026-05-28,0.004799727077732923,0.00479772609733897,0.004001960787905545,2.0009803939527726e-06,0.1,1.164224686785285,1
2026-05-29,0.002192554245308323,0.0021899727146473635,0.005163061321918502,2.5815306609592513e-06,0.1,1.1585671434654363,1
2026-06-01,0.00025434738124200957,0.0002523569674063342,0.003980827671350773,1.9904138356753863e-06,0.10000000000000003,1.157368454308615,1
2026-06-02,0.001738597896297211,0.001734791266768367,0.007613259057688088,3.806629528844044e-06,0.09999999999999998,1.1590756392692603,1
2026-06-03,-0.0044071513464085,-0.004411857384632485,0.009412076447969833,4.706038223984917e-06,0.1,1.1679556060862082,1
2026-06-04,0.0019644192268263795,0.001961921519778147,0.004995414096465672,2.497707048232836e-06,0.09999999999999999,1.1646716467608784,1
2026-06-05,-0.017995720136745608,-0.017999419219154916,0.0073981648186141336,3.6990824093070667e-06,0.1,1.1712055108366448,1
2026-06-08,0.0016780986353577248,0.001655841858400485,0.044513553914479684,2.2256776957239843e-05,0.09999999999999999,1.1298338072478893,1
2026-06-09,-0.0013031971762116,-0.0013110477436364826,0.015701134849765153,7.850567424882576e-06,0.09999999999999999,1.1421206776390964,1
2026-06-10,-0.009833096238479068,-0.009835025509323582,0.0038585416890309227,1.9292708445154615e-06,0.10000000000000003,1.1458181174632993,1
2026-06-11,0.01483414726465151,0.014824635833725364,0.019022861852291337,9.51143092614567e-06,0.1,1.1401370529883255,1
2026-06-12,0.001128584925086318,0.001115990518163566,0.025188813845504407,1.2594406922752205e-05,0.1,1.1178653841935204,1
2026-06-15,0.009151880594587025,0.009149410744069495,0.004939701035060057,2.4698505175300286e-06,0.09999999999999999,1.1226454488059256,1
2026-06-16,-0.0016767489356558254,-0.0016892621533334679,0.02502643535528483,1.2513217677642413e-05,0.1,1.1230127435428625,1
2026-06-17,-0.006357154400250219,-0.006360996950943703,0.007685101386967902,3.842550693483951e-06,0.1,1.1273414285064112,1
2026-06-18,0.007097510872421451,0.007091908428134204,0.011204888574492353,5.602444287246177e-06,0.1,1.1393653881788117,1
2026-06-22,-0.003791047955152622,-0.003797883721691237,0.01367153307723018,6.83576653861509e-06,0.1,1.130360274478828,1
2026-06-23,-0.007709375584840349,-0.007737679158922118,0.05660714816353919,2.8303574081769596e-05,0.1,1.187471265108404,1
2026-06-24,0.0014881779054964715,0.0014841244878833816,0.008106835226179734,4.053417613089867e-06,0.1,1.1859278678402267,1
2026-06-25,0.00192544418635059,0.0019125274073300777,0.025833558041024524,1.2916779020512262e-05,0.09999999999999998,1.1903640256951011,1
2026-06-26,-0.0020056770586615535,-0.0020116382747203364,0.01192243211756551,5.961216058782754e-06,0.1,1.2010274871417004,1
2026-06-29,0.006257379514599412,0.006235515916055566,0.04372719708769139,2.1863598543845696e-05,0.10000000000000002,1.2451658671842256,1
2026-06-30,-0.00026157651792857234,-0.0002672956409263207,0.01143824599549674,5.71912299774837e-06,0.09999999999999999,1.2414927486439375,1
2026-07-01,-0.0036947942131041,-0.0036993373371451716,0.00908624808214363,4.543124041071815e-06,0.1,1.242332838801212,1
2026-07-02,9.899866986422831e-05,8.404120929492661e-05,0.029914921138603404,1.49574605693017e-05,0.1,1.2731521195135878,1
2026-07-06,0.005104841732626798,0.0050997971563461,0.010089152561396364,5.044576280698182e-06,0.1,1.2802317634982283,1
2026-07-07,-0.008220932834353534,-0.008225497297002593,0.009128925298117652,4.564462649058826e-06,0.10000000000000003,1.2772778610490478,1
2026-07-08,-0.0021607377349436227,-0.002171065052852987,0.020654635818728617,1.0327317909364308e-05,0.1,1.2589274917273894,1
2026-07-09,0.0056653949646865,0.0056633423587302435,0.004105211912511772,2.052605956255886e-06,0.1,1.2567746173908725,1
2026-07-10,0.0008812758325445683,0.0008699796070468867,0.022592450995363125,1.1296225497681563e-05,0.09999999999999999,1.2772673904244953,1
2026-07-13,-0.00895200210008687,-0.00895326000854865,0.002515816923561412,1.257908461780706e-06,0.1,1.2776182966059757,1
2026-07-14,0.004602440913407532,0.004593832920195997,0.017215986423071303,8.60799321153565e-06,0.1,1.2629116234178452,1
2026-07-15,0.0019598356016462468,0.0019560807333533427,0.007509736585808266,3.754868292904133e-06,0.09999999999999998,1.264822854203076,1
2026-07-16,-0.005017359081040646,-0.0050253625293822215,0.016006896683151098,8.003448341575548e-06,0.10000000000000002,1.2803164948419212,1
2026-07-17,-0.0028531871887535892,-0.0028565409259345242,0.006707474361870205,3.3537371809351027e-06,0.1,1.2759330815183039,1
2026-07-20,-0.002707125972445843,-0.0027097799166116436,0.005307888331601798,2.653944165800899e-06,0.1,1.2788544972194984,1
2026-07-21,0.0050417556058260145,0.005032139030993815,0.019233149664399096,9.616574832199548e-06,0.1,1.2988479955217542,1
2026-07-22,-0.0011464663697646753,-0.0011530225677934434,0.01311239605753603,6.556198028768015e-06,0.09999999999999999,1.2979718435992216,1
2026-07-23,-0.00977636053858226,-0.00978205624563488,0.011391414105239167,5.6957070526195835e-06,0.1,1.3097137863301427,1
2026-07-24,-0.0003205126882844985,-0.0003274394425762464,0.013853508583495697,6.9267542917478486e-06,0.09999999999999999,1.2993322061955084,1
2026-07-27,0.002391350638372244,0.002389585416433003,0.0035304438784814207,1.7652219392407104e-06,0.1,1.3029676243717492,1
2026-07-28,0.0008960576140007214,0.0008904752705897831,0.011164686821876699,5.5823434109383495e-06,0.1,1.3067936073608912,1
2026-07-29,-0.01141226141621882,-0.011415015425900708,0.0055080193637769975,2.7540096818884987e-06,0.1,1.3080942979075236,1
2026-07-30,0.00998087392216934,0.0099655603451079,0.030627154122879627,1.5313577061439815e-05,0.1,1.2810274397914105,1
2026-07-31,-0.0006755671693935295,-0.0006891592287013029,0.027184118615546676,1.3592059307773337e-05,0.1,1.2720517822872315,1
2026-08-03,0.006377440317764402,0.006374494165521515,0.005892304485773367,2.9461522428866834e-06,0.10000000000000003,1.278057876792527,1
2026-08-04,0.011996573252582408,0.011989443537378016,0.014259430408785675,7.129715204392838e-06,0.10000000000000002,1.27434517128008,1
2026-08-05,0.002755089995930603,0.0027451786440404508,0.019822703780303846,9.911351890151922e-06,0.09999999999999999,1.259306572193758,1
2026-08-06,-0.003005258160619614,-0.003019102227484948,0.027688133730667475,1.3844066865333737e-05,0.1,1.2719877387535476,1
2026-08-07,0.006494805567016191,0.006483334756752479,0.022941620527424683,1.1470810263712342e-05,0.1,1.2957668907288167,1
2026-08-10,-0.002721714778986312,-0.002725522016566976,0.007614475161326947,3.807237580663474e-06,0.1,1.2914715436819986,1
2026-08-11,-0.0008801777269071087,-0.0008848978882671667,0.009440322720115926,4.720161360057963e-06,0.09999999999999998,1.3001092515039683,1
2026-08-12,0.0024733163349435015,0.00247210351211527,0.0024256456564628742,1.2128228282314372e-06,0.10000000000000003,1.3012754247027205,1
2026-08-13,0.004552334425042086,0.0045487644166290015,0.0071400168261676195,3.5700084130838097e-06,0.10000000000000002,1.3054490214761525,1
2026-08-14,-0.002503220999253073,-0.0025068850689308054,0.007328139355464863,3.6640696777324317e-06,0.1,1.301312678197586,1
