date,gross_return,net_return,turnover,transaction_cost,forecast_volatility,gross_exposure,rebalanced
2020-04-03,-0.0030037741486475433,-0.0034174596864734127,0.8273710756517385,0.00041368553782586924,0.1,0.8273710756517385,1
2020-04-06,0.014963648379865592,0.014963648379865592,0.0,0.0,0.09916402474370657,0.8271942043493393,0
2020-04-07,-0.0017416721958011538,-0.0017416721958011538,0.0,0.0,0.10786810344867069,0.8297418868877702,0
2020-04-08,0.004792305176593035,0.004792305176593035,0.0,0.0,0.10808854924878594,0.829444835700259,0
2020-04-09,0.008956976230942899,0.008941659070940832,0.030634320004133575,1.5317160002066788e-05,0.1,0.8074312196587862,1
2020-04-13,1.5508163896250753e-06,1.5508163896250753e-06,0.0,0.0,0.10273830907634005,0.8091530254003786,0
2020-04-14,0.006448126512276414,0.006448126512276414,0.0,0.0,0.10272929990690574,0.8091533213685358,0
2020-04-15,-0.0009813100241296336,-0.0009813100241296336,0.0,0.0,0.10548915675715226,0.8103760406481949,0
2020-04-16,0.0027260083711632046,0.0027260083711632046,0.0,0.0,0.10409347296967347,0.8101897779746392,0
2020-04-17,-0.0005230217637845543,-0.000536642331384971,0.027241135200833565,1.3620567600416783e-05,0.1,0.8001271451182372,1
2020-04-20,-0.0015762429217278154,-0.0015762429217278154,0.0,0.0,0.10121823894993585,0.8000334551730226,0
2020-04-21,-0.005358690026330515,-0.005358690026330515,0.0,0.0,0.10023925092904207,0.7997177617125744,0
2020-04-22,0.005113771508363177,0.005113771508363177,0.0,0.0,0.09868537303456679,0.7986387290783974,0
2020-04-23,0.001431838150138517,0.001431838150138517,0.0,0.0,0.10084734952153722,0.7996632056693225,0
2020-04-24,0.0013638295643984813,0.0013602430518693989,0.007173025058164806,3.586512529082403e-06,0.10000000000000002,0.7968457941475773,1
2020-04-27,-0.0006871212312522791,-0.0006871212312522791,0.0,0.0,0.10070252842573675,0.7971253395074418,0
2020-04-28,-0.0006157811625444101,-0.0006157811625444101,0.0,0.0,0.1016054255583337,0.7969858441707267,0
2020-04-29,0.0055198096172822415,0.0055198096172822415,0.0,0.0,0.10086026324906323,0.7968607548501899,0
2020-04-30,-0.0031456941126951853,-0.0031456941126951853,0.0,0.0,0.10332629679299492,0.7979758894783702,0
2020-05-01,-0.003977467165775292,-0.003983340881404788,0.011747431258991546,5.873715629495773e-06,0.1,0.7929951430755087,1
2020-05-04,0.0007504153551729858,0.0007504153551729858,0.0,0.0,0.0986820996834849,0.7921731716896769,0
2020-05-05,0.001699562365203324,0.001699562365203324,0.0,0.0,0.0991028429602763,0.7923290111885051,0
2020-05-06,-0.003388992188340474,-0.003388992188340474,0.0,0.0,0.09986717485169389,0.792681362143012,0
2020-05-07,0.0055253167443499295,0.0055253167443499295,0.0,0.0,0.10013032910713551,0.7919763716916849,0
2020-05-08,0.000702968254890874,0.0006985593774018759,0.008817754977996348,4.408877488998174e-06,0.1,0.7843016972682726,1
2020-05-11,-0.0012367707490735643,-0.0012367707490735643,0.0,0.0,0.10105666669367433,0.7844566759560089,0
2020-05-12,-0.0015326651663241733,-0.0015326651663241733,0.0,0.0,0.10129416593561885,0.7841897681739357,0
2020-05-13,-0.0008028812603429617,-0.0008028812603429617,0.0,0.0,0.10005647906539866,0.7838584956191743,0
2020-05-14,0.0032813186867661137,0.0032813186867661137,0.0,0.0,0.09915210602018981,0.7836848202149973,0
2020-05-15,0.0014055221047604715,0.0014033839030674034,0.0042764033861364265,2.138201693068213e-06,0.10000000000000003,0.7844278790748687,1
2020-05-18,0.0013265977585149651,0.0013265977585149651,0.0,0.0,0.10035568605037264,0.7847321207531441,0
2020-05-19,0.0006631419286706569,0.0006631419286706569,0.0,0.0,0.1021644381605121,0.7850173162994607,0
2020-05-20,0.00383334424858966,0.00383334424858966,0.0,0.0,0.10172425364752447,0.7851597858534259,0
2020-05-21,-0.0026652850734661393,-0.0026652850734661393,0.0,0.0,0.10309767435637522,0.7859801974326817,0
2020-05-22,0.001734616421432435,0.0017289597029470551,0.011313436970759531,5.656718485379766e-06,0.1,0.7836002905347734,1
2020-05-26,-0.001612017740200243,-0.001612017740200243,0.0,0.0,0.0999958800556628,0.7839794380997923,0
2020-05-27,0.0015726029454939993,0.0015726029454939993,0.0,0.0,0.09982119484643917,0.7836306468641016,0
2020-05-28,-1.765616864190839e-05,-1.765616864190839e-05,0.0,0.0,0.10050585764842973,0.7839703756876091,0
2020-05-29,0.003028631396537319,0.003026106115618467,0.005050561837704061,2.5252809188520307e-06,0.10000000000000002,0.7859338760698411,1
2020-06-01,0.0007256959695141348,0.0007256959695141348,0.0,0.0,0.10059883680009804,0.7865822261812945,0
2020-06-02,0.0006394663167377289,0.0006394663167377289,0.0,0.0,0.10013124663022559,0.786736990287889,0
2020-06-03,-0.001911112609186407,-0.001911112609186407,0.0,0.0,0.1006158093170693,0.7868732776480298,0
2020-06-04,-0.0011149063859893357,-0.0011149063859893357,0.0,0.0,0.10069945964814964,0.7864651885774199,0
2020-06-05,0.0008598113531250374,0.0008501948693879089,0.019232967474257012,9.616483737128507e-06,0.1,0.7815835919455176,1
2020-06-08,0.0030462928006223427,0.0030462928006223427,0.0,0.0,0.10122349954988785,0.7817787390257265,0
2020-06-09,0.0017038658116514374,0.0017038658116514374,0.0,0.0,0.1002389725205077,0.7824414859607584,0
2020-06-10,0.003515635130563976,0.003515635130563976,0.0,0.0,0.1000733814957558,0.7828115459423126,0
2020-06-11,-0.008636533456680641,-0.008636533456680641,0.0,0.0,0.09654352830133323,0.7835724263235522,0
2020-06-12,0.001570300203533311,0.0015353801416902457,0.06984012368613082,3.492006184306541e-05,0.10000000000000002,0.8515270821221863,1
2020-06-15,0.0022196719588920564,0.0022196719588920564,0.0,0.0,0.09874737946357605,0.8517895615480198,0
2020-06-16,0.001619630898810329,0.001619630898810329,0.0,0.0,0.09251697693033582,0.8521178114950638,0
2020-06-17,0.0003588016239117529,0.0003588016239117529,0.0,0.0,0.09308662062079771,0.8523569387590446,0
2020-06-18,0.001137753665047887,0.001137753665047887,0.0,0.0,0.08304065116595287,0.8524098943286329,0
2020-06-19,0.0006641479260189938,0.0006087229822723431,0.11084988749330138,5.542494374665069e-05,0.10000000000000002,0.9572572284515097,1
2020-06-22,0.0027063425446138874,0.0027063425446138874,0.0,0.0,0.09983840528447234,0.9573386223562835,0
2020-06-23,0.0016597870090517663,0.0016597870090517663,0.0,0.0,0.09946391071019643,0.9574537670366652,0
2020-06-24,-0.004739827860156836,-0.004739827860156836,0.0,0.0,0.088178996039506,0.9575242677053277,0
2020-06-25,0.0026337391626437244,0.0026337391626437244,0.0,0.0,0.08776329025905119,0.9573219812430072,0
2020-06-26,-0.004083056037588318,-0.004175545180151034,0.18497828512543166,9.248914256271583e-05,0.1,1.1424123738758905,1
2020-06-29,0.002422646556289732,0.002422646556289732,0.0,0.0,0.09879739503012691,1.1431023935280171,0
2020-06-30,0.004712378582297498,0.004712378582297498,0.0,0.0,0.09815407960863395,1.142756544876185,0
2020-07-01,0.0014800782775301006,0.0014800782775301006,0.0,0.0,0.09593866196394957,1.142086977247779,0
2020-07-02,0.00331072764282462,0.003285010852201801,0.05143358124563881,2.5716790622819403e-05,0.10000000000000002,1.1924471661612128,1
2020-07-06,0.00642652939227931,0.00642652939227931,0.0,0.0,0.09822989791783479,1.1918426776737618,0
2020-07-07,0.0012705050464348032,0.0012705050464348032,0.0,0.0,0.0986947462860205,1.1906176676300495,0
2020-07-08,0.0034110438358246316,0.0034110438358246316,0.0,0.0,0.08369161531337306,1.1903757942227704,0
2020-07-09,0.003427877033318519,0.003427877033318519,0.0,0.0,0.08362915539582147,1.1897286215776588,0
2020-07-10,0.0015467496095311743,0.0014886194893564758,0.11626024034939718,5.813012017469858e-05,0.09645043517283745,1.3053407173026588,1
2020-07-13,-0.004511392580089341,-0.004511392580089341,0.0,0.0,0.09242980151284945,1.3049449005007683,0
2020-07-14,0.005892412387172006,0.005892412387172006,0.0,0.0,0.09242755073075244,1.3063268612296017,0
2020-07-15,0.0018224046154257803,0.0018224046154257803,0.0,0.0,0.08930981149078067,1.3045324305634538,0
2020-07-16,-0.0023416934219433164,-0.0023416934219433164,0.0,0.0,0.08947766372637489,1.3039784588171157,0
2020-07-17,0.0025285601704999354,0.0024795858452714703,0.09794865045692994,4.8974325228464964e-05,0.09665366431625012,1.4026406044183561,1
2020-07-20,0.008858125150098017,0.008858125150098017,0.0,0.0,0.09672819829578448,1.4016935451149803,0
2020-07-21,0.0022487062237879028,0.0022487062237879028,0.0,0.0,0.09781002408932234,1.3981665361075586,0
2020-07-22,0.006096315106877297,0.006096315106877297,0.0,0.0,0.09280255274761606,1.3972731854229539,0
2020-07-23,-0.0018919118944917964,-0.0018919118944917964,0.0,0.0,0.09072240074762139,1.3948659581172917,0
2020-07-24,-0.0008892202495067275,-0.000922033242847468,0.06562598668148106,3.281299334074053e-05,0.09649995671727588,1.4612404124364913,1
2020-07-27,0.008413215634338729,0.008413215634338729,0.0,0.0,0.09618586982707848,1.4616989271888874,0
2020-07-28,-0.00011132280280906094,-0.00011132280280906094,0.0,0.0,0.09732740066658767,1.4578469619703043,0
2020-07-29,0.006946074037013737,0.006946074037013737,0.0,0.0,0.09658805333945594,1.4578979364519904,0
2020-07-30,0.0006431309087648983,0.0006431309087648983,0.0,0.0,0.09401837845649377,1.4547392837197344,0
2020-07-31,0.007233798271771357,0.007206844140823753,0.0539082618952077,2.6954130947603848e-05,0.09496053341088523,1.5,1
2020-08-03,0.0028656477258883623,0.0028656477258883623,0.0,0.0,0.09232994237669252,1.4964491226799446,0
2020-08-04,0.00908735553936156,0.00908735553936156,0.0,0.0,0.09280277476010247,1.4950305395400663,0
2020-08-05,0.0017461311960099116,0.0017461311960099116,0.0,0.0,0.0933877593145203,1.490572532519219,0
2020-08-06,0.008961312922306697,0.008961312922306697,0.0,0.0,0.09098495193211897,1.489717421652043,0
2020-08-07,-0.007850527849022853,-0.007875683637096741,0.05031157614777704,2.5155788073888518e-05,0.08867027567943371,1.5,1
2020-08-10,-0.0021386682349448976,-0.0021386682349448976,0.0,0.0,0.09110140487320745,1.5039944566837657,0
2020-08-11,-0.022242352247027808,-0.022242352247027808,0.0,0.0,0.09106160636664153,1.5050746437806957,0
2020-08-12,0.00404240681919911,0.00404240681919911,0.0,0.0,0.10251550326514575,1.5165642477370849,0
2020-08-13,0.0011970785455678893,0.0011970785455678893,0.0,0.0,0.1028678948349731,1.514484492117776,0
2020-08-14,-0.0024129152881039607,-0.0024515067359274917,0.07718289564706227,3.859144782353113e-05,0.09914933142199825,1.4954311281635366,1
2020-08-17,0.008462512772348817,0.008462512772348817,0.0,0.0,0.09960257509617555,1.4966873520004396,0
2020-08-18,0.006304307061870266,0.006304307061870266,0.0,0.0,0.10022716637109952,1.4925194002848992,0
2020-08-19,-0.009976784655351033,-0.009976784655351033,0.0,0.0,0.10053006490394632,1.489433858951592,0
2020-08-20,0.007852615224737812,0.007852615224737812,0.0,0.0,0.1014509811425976,1.494366042498518,0
2020-08-21,0.002707806521349642,0.00268383845437139,0.047936133956503646,2.3968066978251824e-05,0.1,1.4762181840164923,1
2020-08-24,0.0032473706563055987,0.0032473706563055987,0.0,0.0,0.09984766380545802,1.4749674162671194,0
2020-08-25,0.0004125502801888936,0.0004125502801888936,0.0,0.0,0.09984411745151107,1.4734300135333567,0
2020-08-26,0.006978931272257738,0.006978931272257738,0.0,0.0,0.10008395037869078,1.4732347803921109,0
2020-08-27,-0.007153300482204899,-0.007153300482204899,0.0,0.0,0.10107263770486918,1.4699549967686087,0
2020-08-28,0.005153119229665746,0.005143732390197251,0.01877367893698892,9.38683946849446e-06,0.1,1.4618927295746675,1
2020-08-31,0.0026700150646543986,0.0026700150646543986,0.0,0.0,0.1004329235100597,1.459538373995278,0
2020-09-01,0.009994044227831962,0.009994044227831962,0.0,0.0,0.10029175392007421,1.4583146669302223,0
2020-09-02,0.006515470686470979,0.006515470686470979,0.0,0.0,0.10141801826889317,1.4537795737999788,0
2020-09-03,-0.019395012952545365,-0.019395012952545365,0.0,0.0,0.10083234829004116,1.4508421251493422,0
2020-09-04,-0.009830740606279554,-0.00986370376009411,0.06592630762911356,3.296315381455678e-05,0.1,1.3955552908370525,1
2020-09-08,-0.01317387007362951,-0.01317387007362951,0.0,0.0,0.10212848614492276,1.3995290905839268,0
2020-09-09,0.01109641480027769,0.01109641480027769,0.0,0.0,0.10460958575382052,1.4048626991805908,0
2020-09-10,-0.00695277672587105,-0.00695277672587105,0.0,0.0,0.10676420630811992,1.400419478552462,0
2020-09-11,0.000338395908553008,0.0002911615344848355,0.09446874813634495,4.723437406817248e-05,0.1,1.4189411319543952,1
2020-09-14,0.006543588918367842,0.006543588918367842,0.0,0.0,0.09967958496721847,1.418866408542208,0
2020-09-15,0.0029131849508888855,0.0029131849508888855,0.0,0.0,0.10020783994159065,1.416143337609772,0
2020-09-16,-0.003710260090744025,-0.003710260090744025,0.0,0.0,0.10045520164168228,1.4149345565041602,0
2020-09-17,-0.004649582855076306,-0.004649582855076306,0.0,0.0,0.10065774512080275,1.4164798049028922,0
2020-09-18,-0.0059649694899159365,-0.005987875016159443,0.04581105248701209,2.2905526243506045e-05,0.1,1.4286789593357634,1
2020-09-21,-0.005757450749181591,-0.005757450749181591,0.0,0.0,0.10071021450470598,1.43128434159591,0
2020-09-22,0.005073853474940811,0.005073853474940811,0.0,0.0,0.10127577833094628,1.4337818190550093,0
2020-09-23,-0.015001658507019826,-0.015001658507019826,0.0,0.0,0.10199598055827039,1.4315919845643708,0
2020-09-24,0.003101305292676282,0.003101305292676282,0.0,0.0,0.10435782920774996,1.4381651891009268,0
2020-09-25,0.006121634199048357,0.006091795038345758,0.05967832140519738,2.983916070259869e-05,0.1,1.377132184960441,1
2020-09-28,0.008743184039070807,0.008743184039070807,0.0,0.0,0.09985783113261935,1.3748783420967754,0
2020-09-29,-0.0003618472370908126,-0.0003618472370908126,0.0,0.0,0.10153920551940857,1.3716291203036823,0
2020-09-30,0.00011207945719906124,0.00011207945719906124,0.0,0.0,0.10071076882840511,1.3717636419503725,0
2020-10-01,0.006033233406480192,0.006033233406480192,0.0,0.0,0.10098463243265278,1.3717219795526754,0
2020-10-02,-0.007031579809383433,-0.007050938224349219,0.03871682993157294,1.9358414965786468e-05,0.1,1.379439166160522,1
2020-10-05,0.003456413323420204,0.003456413323420204,0.0,0.0,0.09965936688272309,1.382153062209372,0
2020-10-06,-0.006191716996794024,-0.006191716996794024,0.0,0.0,0.10068456691096608,1.380836733051206,0
2020-10-07,0.005049925808205539,0.005049925808205539,0.0,0.0,0.10083541178904033,1.3832094575629306,0
2020-10-08,0.005476811028804509,0.005476811028804509,0.0,0.0,0.10166718614478923,1.3812840016427788,0
2020-10-09,0.006736913593905965,0.006723384207710242,0.027058772391446453,1.3529386195723225e-05,0.1,1.3757770662885276,1
2020-10-12,0.009593666476955122,0.009593666476955122,0.0,0.0,0.10051344117863692,1.3732808848683593,0
2020-10-13,-0.002558764483793037,-0.002558764483793037,0.0,0.0,0.10177577525351693,1.3697337822759406,0
2020-10-14,-0.0021186646568769813,-0.0021186646568769813,0.0,0.0,0.10170355921058752,1.370682270905505,0
2020-10-15,-0.0013139466148921802,-0.0013139466148921802,0.0,0.0,0.10157575146060437,1.3714692897608367,0
2020-10-16,-0.002396495354882895,-0.0024097054301543486,0.026420150542907167,1.3210075271453584e-05,0.1,1.3709136809453046,1
2020-10-19,-0.007531530253235398,-0.007531530253235398,0.0,0.0,0.09898863443655832,1.371822874620605,0
2020-10-20,-0.00016254611053663926,-0.00016254611053663926,0.0,0.0,0.09989182930112644,1.3746445211659752,0
2020-10-21,-0.000681587893986226,-0.000681587893986226,0.0,0.0,0.09970275192416847,1.3747054280759061,0
2020-10-22,-0.0026376995459186352,-0.0026376995459186352,0.0,0.0,0.09972148655171212,1.3749609969521455,0
2020-10-23,0.00305983688529501,0.003048690018575121,0.02229373343977771,1.1146866719888855e-05,0.1,1.3626165934987837,1
2020-10-26,-0.005752693727348616,-0.005752693727348616,0.0,0.0,0.09948653716939512,1.361525560996235,0
2020-10-27,0.0026136474219056113,0.0026136474219056113,0.0,0.0,0.09963716171367942,1.3636173401882912,0
2020-10-28,-0.016362533947917767,-0.016362533947917767,0.0,0.0,0.09896259765913128,1.362669450114994,0
2020-10-29,0.001702959998089981,0.001702959998089981,0.0,0.0,0.10311415943028819,1.3687023549139508,0
2020-10-30,-0.006972109842918253,-0.0069976608135685955,0.051101941300683934,2.5550970650341964e-05,0.1,1.324210073581784,1
2020-11-02,0.0066162885319117504,0.0066162885319117504,0.0,0.0,0.10040142659441857,1.3265205042901322,0
2020-11-03,0.006939539415707781,0.006939539415707781,0.0,0.0,0.10043947595508791,1.3243743499981928,0
2020-11-04,0.018592828014595476,0.018592828014595476,0.0,0.0,0.10207996135774508,1.3221388547185429,0
2020-11-05,0.011462753608678121,0.011462753608678121,0.0,0.0,0.10854609029035636,1.3162587108986856,0
2020-11-06,-0.0037261233508958137,-0.003770907144334886,0.08956758687814449,4.4783793439072244e-05,0.1,1.2251251527626081,1
2020-11-09,-0.008913721565229429,-0.008913721565229429,0.0,0.0,0.10048841231929122,1.2260222454562166,0
2020-11-10,-0.003620953906910345,-0.003620953906910345,0.0,0.0,0.09725000959901008,1.2280550648054327,0
2020-11-11,0.004040748797615203,0.004040748797615203,0.0,0.0,0.09718109572127026,1.2288838426497037,0
2020-11-12,0.001091433707892352,0.001091433707892352,0.0,0.0,0.09796241872431043,1.2279627026331377,0
2020-11-13,0.005074707868898687,0.005054767082609896,0.03988157257758075,1.9940786288790373e-05,0.1,1.2467551724374517,1
2020-11-16,0.004121835736156896,0.004121835736156896,0.0,0.0,0.09993228278311439,1.2455339960627805,0
2020-11-17,-0.00027085652079859054,-0.00027085652079859054,0.0,0.0,0.10010695045811563,1.244526099646833,0
2020-11-18,-0.003698200481232459,-0.003698200481232459,0.0,0.0,0.09847103304392923,1.2445923490795188,0
2020-11-19,0.0035795193924481414,0.0035795193924481414,0.0,0.0,0.09772790493492348,1.2455002582527317,0
2020-11-20,0.00024439129381024414,0.00022443362011877527,0.03991534738293774,1.9957673691468868e-05,0.10000000000000002,1.2788737207545329,1
2020-11-23,-0.002674824347333793,-0.002674824347333793,0.0,0.0,0.09953355348983563,1.2788310993551946,0
2020-11-24,0.0005714980386634601,0.0005714980386634601,0.0,0.0,0.09985421131847082,1.2795789238677573,0
2020-11-25,-0.0005581727176953528,-0.0005581727176953528,0.0,0.0,0.09999357658298078,1.2794192363222343,0
2020-11-27,0.0030080446012434375,0.0029964365624083134,0.023216077670247873,1.1608038835123937e-05,0.10000000000000003,1.2996578196458324,1
2020-11-30,-0.002153203588098009,-0.002153203588098009,0.0,0.0,0.09982003639150286,1.2987741698382613,0
2020-12-01,0.0032427943556215177,0.0032427943556215177,0.0,0.0,0.09984782456298279,1.2994188796442554,0
2020-12-02,0.0003709337597264449,0.0003709337597264449,0.0,0.0,0.09930929451171037,1.298451064217781,0
2020-12-03,0.0036265223035363264,0.0036265223035363264,0.0,0.0,0.09898483279398154,1.298340399691645,0
2020-12-04,-0.0009532590555470289,-0.0009782251961465876,0.04993228119911751,2.4966140599558757e-05,0.1,1.344411387214506,1
2020-12-07,0.004831398374987613,0.004831398374987613,0.0,0.0,0.0987925427264885,1.3447736195967617,0
2020-12-08,0.0025428226968943405,0.0025428226968943405,0.0,0.0,0.09591813260104831,1.3431158900431748,0
2020-12-09,-0.008629794875367367,-0.008629794875367367,0.0,0.0,0.09382807149360957,1.3422456201124398,0
2020-12-10,0.0030164731000419443,0.0030164731000419443,0.0,0.0,0.09412274066491501,1.3452248396646271,0
2020-12-11,0.0005599227436800655,0.0005352404986222887,0.049364490115553564,2.468224505777678e-05,0.1,1.3833936460308345,1
2020-12-14,-0.0016004057770119169,-0.0016004057770119169,0.0,0.0,0.09920717160426455,1.3832132170425238,0
2020-12-15,0.00658982218564021,0.00658982218564021,0.0,0.0,0.09929228923684898,1.3838274967857556,0
2020-12-16,0.0008369015300559613,0.0008369015300559613,0.0,0.0,0.10010479062501688,1.3813147007112976,0
2020-12-17,0.00347839165287928,0.00347839165287928,0.0,0.0,0.09975040346415028,1.380995844705918,0
2020-12-18,-0.0022344044333424892,-0.0022450673599139315,0.02132585314288432,1.066292657144216e-05,0.1,1.3903687591988168,1
2020-12-21,-0.0014756647901968583,-0.0014756647901968583,0.0,0.0,0.09917452038521227,1.3912578222915257,0
2020-12-22,0.0005516610213719687,0.0005516610213719687,0.0,0.0,0.09881509710994875,1.3918360409406723,0
2020-12-23,-0.0001038990509146995,-0.0001038990509146995,0.0,0.0,0.09328342526947059,1.3916199994517848,0
2020-12-24,0.0038738156211095606,0.0038344971178382653,0.07863700654259059,3.9318503271295296e-05,0.1,1.4702976991686199,1
2020-12-28,0.0036683504233519133,0.0036683504233519133,0.0,0.0,0.09952314560410834,1.4685404008552208,0
2020-12-29,-0.0005100623735744479,-0.0005100623735744479,0.0,0.0,0.09814742657003604,1.4668279124848247,0
2020-12-30,0.0027910534288153556,0.0027910534288153556,0.0,0.0,0.09819729163552107,1.467066145351539,0
2020-12-31,0.002887303794689106,0.0028770929965679965,0.020421596242219148,1.0210798121109574e-05,0.1,1.4861877633360647,1
2021-01-04,-0.003174285382451912,-0.003174285382451912,0.0,0.0,0.099383949050542,1.4848031503854977,0
2021-01-05,0.0016185673177481889,0.0016185673177481889,0.0,0.0,0.09779723580639132,1.486346954413693,0
2021-01-06,-0.009366916591171776,-0.009366916591171776,0.0,0.0,0.09764854916441269,1.4855610411816644,0
2021-01-07,0.005873487481056781,0.005873487481056781,0.0,0.0,0.0985557017926578,1.4901522564851353,0
2021-01-08,-0.0019462737778153563,-0.00196225926740421,0.03197097917770775,1.5985489588853874e-05,0.1,1.4965568036588237,1
2021-01-11,-0.006619855829431771,-0.006619855829431771,0.0,0.0,0.09996375505026593,1.4975491094995164,0
2021-01-12,0.0009300811044025264,0.0009300811044025264,0.0,0.0,0.0997651482956626,1.5008647620140927,0
2021-01-13,0.0050782240974007005,0.0050782240974007005,0.0,0.0,0.09723561387445848,1.5003993500339705,0
2021-01-14,-0.004417775818641311,-0.004417775818641311,0.0,0.0,0.09726488406051731,1.497871049274148,0
2021-01-15,-0.004519082267727876,-0.0045291314892857044,0.02009844311565584,1.004922155782792e-05,0.09856782375741253,1.5,1
2021-01-19,0.007627839571883538,0.007627839571883538,0.0,0.0,0.09885153051791662,1.5022849638680071,0
2021-01-20,0.010747782230921574,0.010747782230921574,0.0,0.0,0.09979171506618799,1.4984826184252866,0
2021-01-21,-0.00047444745382985653,-0.00047444745382985653,0.0,0.0,0.10024636292977654,1.4931820056285812,0
2021-01-22,-0.0023204903742400896,-0.0023336026294798586,0.026224510479538027,1.3112255239769013e-05,0.09951156845031622,1.5,1
2021-01-25,0.005762215100191266,0.005762215100191266,0.0,0.0,0.09962810288885543,1.5011826734598754,0
2021-01-26,-0.001551550112019933,-0.001551550112019933,0.0,0.0,0.09988377328663847,1.4983112965821141,0
2021-01-27,-0.012414470868936465,-0.012414470868936465,0.0,0.0,0.09999435199286556,1.4990856529829073,0
2021-01-28,0.0028716875893723326,0.0028716875893723326,0.0,0.0,0.10143513056917051,1.5053594228157967,0
2021-01-29,-0.011046423714996336,-0.011063050907961405,0.03325438593013724,1.6627192965068622e-05,0.1,1.4942998768457387,1
2021-02-01,0.011008194142419093,0.011008194142419093,0.0,0.0,0.09354186705852482,1.4998463294273159,0
2021-02-02,0.003639769588795909,0.003639769588795909,0.0,0.0,0.095900329323083,1.4944038360156984,0
2021-02-03,-0.002607204336298431,-0.002607204336298431,0.0,0.0,0.09455657764526681,1.4926108460391738,0
2021-02-04,0.0019983616606748774,0.0019983616606748774,0.0,0.0,0.09406740031473293,1.493898540455541,0
2021-02-05,0.0013737153291330118,0.0013554418985422332,0.0365468611815572,1.8273430590778598e-05,0.09489052042707115,1.5,1
2021-02-08,0.006594268811924325,0.006594268811924325,0.0,0.0,0.08454544998141086,1.4993414451142044,0
2021-02-09,-0.00026607249077343503,-0.00026607249077343503,0.0,0.0,0.0807336240875248,1.4960702247029214,0
2021-02-10,0.0016782031159607836,0.0016782031159607836,0.0,0.0,0.08023957308395249,1.496202250471632,0
2021-02-11,-0.001089048894147237,-0.001089048894147237,0.0,0.0,0.07779335726231447,1.4953709174544039,0
2021-02-12,-0.0008898731205444012,-0.0009360198898185903,0.09229353854837827,4.614676927418914e-05,0.08071111065363465,1.5,1
2021-02-16,-0.007552427043857694,-0.007552427043857694,0.0,0.0,0.08026495043376214,1.5005146384259864,0
2021-02-17,-0.0007475110680800565,-0.0007475110680800565,0.0,0.0,0.08221608740103203,1.5043235049032713,0
2021-02-18,-0.003590139488922505,-0.003590139488922505,0.0,0.0,0.08104007545977913,1.5047007743181424,0
2021-02-19,-0.004303663925000442,-0.004316668825972805,0.026009801944725852,1.3004900972362927e-05,0.08142656794481519,1.5,1
2021-02-22,-0.008116152834687754,-0.008116152834687754,0.0,0.0,0.0820403987779006,1.5021807529020283,0
2021-02-23,-0.000522694870121436,-0.000522694870121436,0.0,0.0,0.082681045189551,1.506289878938146,0
2021-02-24,0.003219987315396051,0.003219987315396051,0.0,0.0,0.08214139593597304,1.5065546524564208,0
2021-02-25,-0.024131307176306994,-0.024131307176306994,0.0,0.0,0.08252977164239254,1.5049287881633566,0
2021-02-26,0.004288066713400717,0.004269762942288334,0.03660754222476584,1.830377111238292e-05,0.09261509337950587,1.5,1
2021-03-01,0.011582292969718402,0.011582292969718402,0.0,0.0,0.09261893315161496,1.4978924211619888,0
2021-03-02,-0.004678088444277487,-0.004678088444277487,0.0,0.0,0.09597127052201553,1.4921917125499675,0
2021-03-03,-0.014504893012845726,-0.014504893012845726,0.0,0.0,0.09583294978329271,1.4945050509142865,0
2021-03-04,-0.010707306776684591,-0.010707306776684591,0.0,0.0,0.09982965544609784,1.5017833649383432,0
2021-03-05,0.009248056928218472,0.009209674201638426,0.07676545316009378,3.838272658004689e-05,0.09922957901649712,1.5,1
2021-03-08,-0.011952832138100961,-0.011952832138100961,0.0,0.0,0.101301825878115,1.4954752173993464,0
2021-03-09,0.017478800618135858,0.017478800618135858,0.0,0.0,0.10352443779625516,1.5014691945036776,0
2021-03-10,0.003719191746830724,0.003719191746830724,0.0,0.0,0.10997766378986663,1.4928546857182934,0
2021-03-11,0.005945700419725815,0.005945700419725815,0.0,0.0,0.10966844239517838,1.491028456734547,0
2021-03-12,-0.006838570138121414,-0.006875994765294577,0.07484925434632456,3.742462717316228e-05,0.09999999999999998,1.4132769502089195,1
2021-03-15,0.005132785810969748,0.005132785810969748,0.0,0.0,0.09940385559431474,1.4161759988254579,0
2021-03-16,-0.0011421255145384192,-0.0011421255145384192,0.0,0.0,0.0998988814268469,1.4140507649341822,0
2021-03-17,0.001215789199098621,0.001215789199098621,0.0,0.0,0.10006538213040383,1.4145242036035115,0
2021-03-18,-0.013744413370411704,-0.013744413370411704,0.0,0.0,0.10015369405264248,1.4140208415361701,0
2021-03-19,0.0032067659080161257,0.003189754412581301,0.034022990869648884,1.7011495434824442e-05,0.1,1.385767626439843,1
2021-03-22,0.007978030509248463,0.007978030509248463,0.0,0.0,0.1001372557155514,1.3845579923821831,0
2021-03-23,-0.0012114292831234275,-0.0012114292831234275,0.0,0.0,0.10141568921592477,1.3815142599763783,0
2021-03-24,-0.0015388815943021793,-0.0015388815943021793,0.0,0.0,0.10118308227981258,1.381976998097353,0
2021-03-25,-0.000600512504606148,-0.000600512504606148,0.0,0.0,0.10079292590811706,1.3825657214446951,0
2021-03-26,0.006645221367949133,0.006633457190279681,0.023528355338903684,1.1764177669451841e-05,0.09999999999999999,1.3746333446640195,1
2021-03-29,-0.003669165467738849,-0.003669165467738849,0.0,0.0,0.10127504336124597,1.37217629333263,0
2021-03-30,-0.0034297806909338014,-0.0034297806909338014,0.0,0.0,0.10131950965661174,1.3735468987139723,0
2021-03-31,0.005381931264571969,0.005381931264571969,0.0,0.0,0.10117218772853874,1.374832491957222,0
2021-04-01,0.011003901991841213,0.010992865247592765,0.02207348849689761,1.1036744248448805e-05,0.1,1.36003371199534,1
2021-04-05,0.005248730744343811,0.005248730744343811,0.0,0.0,0.10253970672337993,1.3561298611651558,0
2021-04-06,0.0029696487718585693,0.0029696487718585693,0.0,0.0,0.10343091645629134,1.3542703912706828,0
2021-04-07,-0.0013939580923219208,-0.0013939580923219208,0.0,0.0,0.10331880144222505,1.3532214476325266,0
2021-04-08,0.0061148617275099395,0.0061148617275099395,0.0,0.0,0.10339840077218089,1.3537145108372797,0
2021-04-09,0.0003913988236712037,0.00037960571725136164,0.023586212839684206,1.1793106419842103e-05,0.1,1.3304521169301708,1
2021-04-12,-0.0014024060395608302,-0.0014024060395608302,0.0,0.0,0.09963696671854039,1.3303385116489403,0
2021-04-13,0.005095455223963841,0.005095455223963841,0.0,0.0,0.09961368973495519,1.3308024309760424,0
2021-04-14,-0.003784807391662871,-0.003784807391662871,0.0,0.0,0.09952627446358608,1.3291253873019755,0
2021-04-15,0.011669215110395321,0.011669215110395321,0.0,0.0,0.09965792482410038,1.3303757960569182,0
2021-04-16,-0.0003680488286976324,-0.00038501960047024575,0.03394154354522677,1.6970771772613386e-05,0.1,1.302798398286561,1
2021-04-19,-0.003800714948389575,-0.003800714948389575,0.0,0.0,0.09983697212230616,1.302932003817413,0
2021-04-20,-0.0016495765053674027,-0.0016495765053674027,0.0,0.0,0.09963760522885025,1.3040877546922942,0
2021-04-21,0.006247512538070449,0.006247512538070449,0.0,0.0,0.09872720881080158,1.3045901995292029,0
2021-04-22,-0.00433438178075612,-0.00433438178075612,0.0,0.0,0.09787899034939337,1.302699083211576,0
2021-04-23,0.003867996667140815,0.003860280698678826,0.015431936923978332,7.715968461989165e-06,0.1,1.3194487450497379,1
2021-04-26,0.0012402195875121837,0.0012402195875121837,0.0,0.0,0.10042346149654634,1.318228011567368,0
2021-04-27,-0.003187758594610011,-0.003187758594610011,0.0,0.0,0.10017093785468473,1.3178338278285209,0
2021-04-28,0.0007231965669468795,0.0007231965669468795,0.0,0.0,0.10036102881512214,1.3188502454388118,0
2021-04-29,0.0012090778538281655,0.0012090778538281655,0.0,0.0,0.09776946779075606,1.318619820678336,0
2021-04-30,-0.0026715418905040476,-0.002682000733040906,0.020917685073717385,1.0458842536858693e-05,0.09999999999999999,1.3391527348011163,1
2021-05-03,0.002067496489622994,0.002067496489622994,0.0,0.0,0.0979375358193035,1.3400752757825911,0
2021-05-04,-0.00375532754448801,-0.00375532754448801,0.0,0.0,0.09588876795829113,1.3393736220104138,0
2021-05-05,0.0012933474283606853,0.0012933474283606853,0.0,0.0,0.09575621462775018,1.3406528851732142,0
2021-05-06,0.005792313875704379,0.005792313875704379,0.0,0.0,0.09557819446599046,1.3402128717304662,0
2021-05-07,0.003775437321126358,0.0037571107854786176,0.036653071295481385,1.8326535647740695e-05,0.1,1.3608199066853213,1
2021-05-10,-0.008490765734846206,-0.008490765734846206,0.0,0.0,0.1003336680663463,1.3594875984874462,0
2021-05-11,-0.004138024150282775,-0.004138024150282775,0.0,0.0,0.10082781957599987,1.3625660619831508,0
2021-05-12,-0.014453786357359374,-0.014453786357359374,0.0,0.0,0.10117249398803578,1.3640726032076804,0
2021-05-13,0.006422713452283288,0.006422713452283288,0.0,0.0,0.10486804686506106,1.3694120054117456,0
2021-05-14,0.01077527852491807,0.01074522521699163,0.06010661585288048,3.0053307926440238e-05,0.1,1.306947903559315,1
2021-05-17,-0.0005753693689570457,-0.0005753693689570457,0.0,0.0,0.10265207111666474,1.3037144764164854,0
2021-05-18,-0.0038741209273245674,-0.0038741209273245674,0.0,0.0,0.10173528450948624,1.3038893250256582,0
2021-05-19,-0.0017539338898087408,-0.0017539338898087408,0.0,0.0,0.10190755573835579,1.3050712077760274,0
2021-05-20,0.00880796875583046,0.00880796875583046,0.0,0.0,0.1018682870344974,1.3056072226407873,0
2021-05-21,0.00022873183710219141,0.0002113100610247575,0.03484355215486781,1.7421776077433906e-05,0.1,1.2779834328734965,1
2021-05-24,0.005820537585152526,0.005820537585152526,0.0,0.0,0.09928515171685712,1.2779421226826684,0
2021-05-25,0.0029531919371890386,0.0029531919371890386,0.0,0.0,0.10014171384515173,1.2763337119263563,0
2021-05-26,0.0004213680131295479,0.0004213680131295479,0.0,0.0,0.10014090729136822,1.2755200483410614,0
2021-05-27,-0.0012152745113507152,-0.0012152745113507152,0.0,0.0,0.09189209030621599,1.2754040019039712,0
2021-05-28,0.0010314177706319957,0.000986345132168133,0.09014527692772532,4.507263846386266e-05,0.1,1.3658843775324443,1
2021-06-01,-0.000373459963713539,-0.000373459963713539,0.0,0.0,0.09843431273872034,1.3655688730924616,0
2021-06-02,0.0024520654972464157,0.0024520654972464157,0.0,0.0,0.09802372396906156,1.3657054494363376,0
2021-06-03,-0.007270872641279055,-0.007270872641279055,0.0,0.0,0.09422822775762917,1.3648109091928866,0
2021-06-04,0.011032332561042881,0.011002271249104276,0.06012262387720932,3.0061311938604662e-05,0.09999999999999999,1.4241568045728636,1
2021-06-07,0.0001051997501535615,0.0001051997501535615,0.0,0.0,0.10084513038670655,1.4195706359400309,0
2021-06-08,0.0016347803665047894,0.0016347803665047894,0.0,0.0,0.09772225651901234,1.4195265018568528,0
2021-06-09,0.0016853728403328247,0.0016853728403328247,0.0,0.0,0.09219696084952791,1.4188417875259334,0
2021-06-10,0.005668501552058941,0.005668501552058941,0.0,0.0,0.09199179093827135,1.4181370706635008,0
2021-06-11,-0.0015182207986542485,-0.001560493620446509,0.08454564358452135,4.227282179226067e-05,0.09999999999999999,1.4993120530411084,1
2021-06-14,-0.001136190394648282,-0.001136190394648282,0.0,0.0,0.09881047436551299,1.5001347830011373,0
2021-06-15,-0.0027179332154987352,-0.0027179332154987352,0.0,0.0,0.09863677485867905,1.5007036777103169,0
2021-06-16,-0.00633784260450768,-0.00633784260450768,0.0,0.0,0.09880049718712734,1.502068265726182,0
2021-06-17,0.0004759846293623687,0.0004759846293623687,0.0,0.0,0.09995977101357559,1.5052705912059317,0
2021-06-18,-0.0017889506386642644,-0.0018171678350873334,0.056434392846137965,2.821719642306898e-05,0.09466228051109332,1.5,1
2021-06-21,0.003473586648932025,0.003473586648932025,0.0,0.0,0.09451421814821823,1.5009385065378604,0
2021-06-22,0.0037092078103650294,0.0037092078103650294,0.0,0.0,0.09323380693635573,1.4992044765330883,0
2021-06-23,-0.0016085456424691454,-0.0016085456424691454,0.0,0.0,0.09327920623262413,1.497359666174752,0
2021-06-24,0.004251263262470497,0.004251263262470497,0.0,0.0,0.09325193884262659,1.4981609808497462,0
2021-06-25,-0.001033378140452419,-0.001053999872817455,0.041243464730072094,2.0621732365036045e-05,0.09348024067442434,1.5,1
2021-06-28,0.005563394196524134,0.005563394196524134,0.0,0.0,0.09254152238254162,1.500548199470946,0
2021-06-29,-2.8762644921199554e-05,-2.8762644921199554e-05,0.0,0.0,0.09238141210217655,1.4977788594531123,0
2021-06-30,0.0019860311955962715,0.0019860311955962715,0.0,0.0,0.09189499931466076,1.4977931773015154,0
2021-07-01,0.0028879239166677596,0.0028879239166677596,0.0,0.0,0.09127988398357519,1.4968065040862248,0
2021-07-02,0.007806905902433742,0.007792099907374247,0.029611990118989545,1.4805995059494772e-05,0.08915157582361896,1.4999999999999998,1
2021-07-06,0.004011441995098867,0.004011441995098867,0.0,0.0,0.08933996466411827,1.4961487652473318,0
2021-07-07,0.004609794566687936,0.004609794566687936,0.0,0.0,0.08935497800021905,1.4941664452164218,0
2021-07-08,-0.003271909227450474,-0.003271909227450474,0.0,0.0,0.08940557441592072,1.4918988923749918,0
2021-07-09,0.0019102477336766985,0.0018997552319462729,0.020985003460851026,1.0492501730425514e-05,0.08947350447455243,1.5,1
2021-07-12,0.0012102233803114723,0.0012102233803114723,0.0,0.0,0.08965624288763231,1.4990623961036649,0
2021-07-13,-0.0039249073890173045,-0.0039249073890173045,0.0,0.0,0.08957094657331051,1.4984591491871886,0
2021-07-14,0.006123111674694455,0.006123111674694455,0.0,0.0,0.08954346715535721,1.5004232641543038,0
2021-07-15,0.0002509114849576558,0.0002509114849576558,0.0,0.0,0.08917158625085626,1.497377764557409,0
2021-07-16,-0.006635080421897067,-0.006645219963300957,0.020279082807779403,1.0139541403889701e-05,0.08535720778235112,1.5,1
2021-07-19,-0.002425253236977405,-0.002425253236977405,0.0,0.0,0.08662158820292427,1.5033550445319557,0
2021-07-20,0.0056674469390315466,0.0056674469390315466,0.0,0.0,0.08583364024814939,1.5045787758413751,0
2021-07-21,0.0008400730087242611,0.0008400730087242611,0.0,0.0,0.08630150010471418,1.5017352181152634,0
2021-07-22,0.004849707067568057,0.004849707067568057,0.0,0.0,0.08534162717750404,1.5013140776897023,0
2021-07-23,0.004084138226527018,0.004057263172860119,0.053750107333798286,2.687505366689914e-05,0.084347276214055,1.5,1
2021-07-26,-0.000638742139338546,-0.000638742139338546,0.0,0.0,0.08427841662023086,1.4980063323017678,0
2021-07-27,-0.0012618887656300041,-0.0012618887656300041,0.0,0.0,0.08439598608300393,1.4983246332440912,0
2021-07-28,0.001780766317878579,0.001780766317878579,0.0,0.0,0.08376309905300816,1.498954258016846,0
2021-07-29,0.002946466065832216,0.002946466065832216,0.0,0.0,0.08377420754108471,1.498067316515559,0
2021-07-30,-0.0031888064529265034,-0.0031936742312807112,0.009735556708416082,4.867778354208041e-06,0.08374478017651332,1.5000000000000002,1
2021-08-02,0.000594610494071767,0.000594610494071767,0.0,0.0,0.08359962470567946,1.5016068366066593,0
2021-08-03,0.004120517547819231,0.004120517547819231,0.0,0.0,0.08351006413336541,1.5013087531612594,0
2021-08-04,-0.0013951297423703912,-0.0013951297423703912,0.0,0.0,0.08281083874655577,1.4992515782722127,0
2021-08-05,0.0019318747714578714,0.0019318747714578714,0.0,0.0,0.08297086381631552,1.4999490720923594,0
2021-08-06,-0.009090180288000682,-0.009106295144081943,0.03222971216252157,1.6114856081260787e-05,0.08281543402712953,1.4999999999999996,1
2021-08-09,-0.004601860860032225,-0.004601860860032225,0.0,0.0,0.08506394402883542,1.5046112538668175,0
2021-08-10,-0.0024066724033776454,-0.0024066724033776454,0.0,0.0,0.08258599370003708,1.5069441402641215,0
2021-08-11,0.0033376584112234896,0.0033376584112234896,0.0,0.0,0.08213517962554188,1.5081671320771954,0
2021-08-12,0.0018801527245162941,0.0018801527245162941,0.0,0.0,0.07301355995226633,1.5064766859063914,0
2021-08-13,0.0076631998125502605,0.007600139403001784,0.1261208190969529,6.306040954847645e-05,0.07449573710592652,1.5000000000000004,1
2021-08-16,0.002376735758365376,0.002376735758365376,0.0,0.0,0.07028120851187912,1.4962911782702148,0
2021-08-17,-0.005356368431883722,-0.005356368431883722,0.0,0.0,0.0701006238918043,1.4951144221186832,0
2021-08-18,-0.005852155720097783,-0.005852155720097783,0.0,0.0,0.07005734274338828,1.4977807190481933,0
2021-08-19,0.00277727484583835,0.00277727484583835,0.0,0.0,0.07116226667178374,1.5007109575424913,0
2021-08-20,0.006342641169118462,0.006310438991108396,0.06440435602013184,3.220217801006592e-05,0.06936205061828882,1.4999999999999998,1
2021-08-23,0.009463400080837549,0.009463400080837549,0.0,0.0,0.07010769852037943,1.496896566708902,0
2021-08-24,3.5228594870721796e-05,3.5228594870721796e-05,0.0,0.0,0.07022680337427312,1.4922383185652008,0
2021-08-25,-0.0014115839240025764,-0.0014115839240025764,0.0,0.0,0.07025620739914061,1.4922209783117688,0
2021-08-26,-0.003199118816880923,-0.003199118816880923,0.0,0.0,0.0705046191762646,1.4929167717025753,0
2021-08-27,0.010217514334580426,0.010208801149267714,0.017426370625422932,8.713185312711466e-06,0.07045302596943596,1.5,1
2021-08-30,0.0046013695117946025,0.0046013695117946025,0.0,0.0,0.0727620473114775,1.4949558077661527,0
2021-08-31,-0.0017989877782931334,-0.0017989877782931334,0.0,0.0,0.07296631851586302,1.4926887647054337,0
2021-09-01,0.0011663889625340793,0.0011663889625340793,0.0,0.0,0.07322866883668576,1.4935767031620724,0
2021-09-02,0.0018039736437641069,0.0018039736437641069,0.0,0.0,0.07064070990203626,1.4930016714539776,0
2021-09-03,0.0005119572626559564,0.0005034020283862037,0.01711046853950554,8.55523426975277e-06,0.0673270069137517,1.4999999999999998,1
2021-09-07,-0.006384239877734801,-0.006384239877734801,0.0,0.0,0.06744088204752831,1.4997569765585697,0
2021-09-08,5.494414568147157e-06,5.494414568147157e-06,0.0,0.0,0.06920765366084368,1.5029680452100258,0
2021-09-09,0.0010041990928196316,0.0010041990928196316,0.0,0.0,0.06913139539481798,1.502965281710255,0
2021-09-10,-0.007813399634246761,-0.007822463545832105,0.018127823170686064,9.063911585343031e-06,0.06787691573387865,1.5,1
2021-09-13,0.0031676257510183333,0.0031676257510183333,0.0,0.0,0.07010750879303053,1.5039512038324432,0
2021-09-14,0.0006246891446762277,0.0006246891446762277,0.0,0.0,0.07016951342044844,1.5023599156274225,0
2021-09-15,0.0037280373222892457,0.0037280373222892457,0.0,0.0,0.069542466427601,1.5020462927582117,0
2021-09-16,-0.004779851434435968,-0.004779851434435968,0.0,0.0,0.06829995548712677,1.5001815970963144,0
2021-09-17,-0.008152564561373976,-0.008173793025720332,0.04245692869271325,2.1228464346356627e-05,0.06972710228588852,1.5,1
2021-09-20,-0.008552522687893535,-0.008552522687893535,0.0,0.0,0.07136592013915248,1.5041419806699188,0
2021-09-21,0.0014243972762363782,0.0014243972762363782,0.0,0.0,0.07292933227611444,1.5084908602891283,0
2021-09-22,0.006743319756195786,0.006743319756195786,0.0,0.0,0.07251873416949917,1.507767597506279,0
2021-09-23,0.00010640995847289536,0.00010640995847289536,0.0,0.0,0.07341267843483056,1.5043664929698726,0
2021-09-24,-0.0019013522133456851,-0.0019233635809023074,0.04402273511324445,2.2011367556622223e-05,0.07165954543225331,1.5,1
2021-09-27,-0.0036643203728699545,-0.0036643203728699545,0.0,0.0,0.07192886423752165,1.5009855888036183,0
2021-09-28,-0.01988081798701059,-0.01988081798701059,0.0,0.0,0.0716469525881306,1.5028281120988338,0
2021-09-29,0.0003867432854190774,0.0003867432854190774,0.0,0.0,0.08245695020865053,1.5130275188228788,0
2021-09-30,-0.0024273971664728732,-0.0024273971664728732,0.0,0.0,0.08235332642321873,1.5128291855787896,0
2021-10-01,0.008227749617531295,0.008201387836160543,0.05272356274150361,2.6361781370751803e-05,0.07962936901268435,1.5000000000000004,1
2021-10-04,-0.00996028269634883,-0.00996028269634883,0.0,0.0,0.07964728783719256,1.4959588112197963,0
2021-10-05,0.003476725271966922,0.003476725271966922,0.0,0.0,0.08168836092124662,1.5009483988890142,0
2021-10-06,0.00425484007414672,0.00425484007414672,0.0,0.0,0.08176743050812338,1.4992127732242566,0
2021-10-07,0.0018224792274126773,0.0018224792274126773,0.0,0.0,0.08190596936883497,1.4970977020010166,0
2021-10-08,-0.004094272836043128,-0.0041219416059858445,0.05533753988543294,2.766876994271647e-05,0.08032802065267976,1.5,1
2021-10-11,-0.0059806720915200765,-0.0059806720915200765,0.0,0.0,0.08074987453846687,1.5020972844569986,0
2021-10-12,0.0036122926958195864,0.0036122926958195864,0.0,0.0,0.08132547624616368,1.5051182309638418,0
2021-10-13,0.008680583647248913,0.008680583647248913,0.0,0.0,0.08057466885320139,1.5033001634595722,0
2021-10-14,0.012125113939976166,0.012125113939976166,0.0,0.0,0.08242285612526268,1.4989688228554063,0
2021-10-15,-0.0008839568472754611,-0.0008980600979095075,0.02820650126809282,1.410325063404641e-05,0.08414625138336403,1.5,1
2021-10-18,0.0033745985319029405,0.0033745985319029405,0.0,0.0,0.08407813321541258,1.5004635495949832,0
2021-10-19,0.0018926787234078398,0.0018926787234078398,0.0,0.0,0.08349414046886852,1.4987803661037877,0
2021-10-20,0.001134658067432441,0.001134658067432441,0.0,0.0,0.08363263469237325,1.4978381184892213,0
2021-10-21,0.0006766399431938587,0.0006766399431938587,0.0,0.0,0.08317020849436435,1.4972738826665304,0
2021-10-22,0.0005616683921494204,0.0005384565213149024,0.04642374166903607,2.3211870834518034e-05,0.0833316547696111,1.5000000000000004,1
2021-10-25,0.005284319368725527,0.005284319368725527,0.0,0.0,0.08324423384559698,1.4997541160080166,0
2021-10-26,0.0016868180399723272,0.0016868180399723272,0.0,0.0,0.08383025312035264,1.4971271374468866,0
2021-10-27,0.0033751126024653983,0.0033751126024653983,0.0,0.0,0.08382037139244639,1.4962899865445258,0
2021-10-28,0.005392758918371415,0.005392758918371415,0.0,0.0,0.08383472697820996,1.4946205863700295,0
2021-10-29,0.00029081258867160847,0.0002740919962704036,0.03344118480240979,1.6720592401204896e-05,0.084020491552047,1.5,1
2021-11-01,8.935176894908853e-05,8.935176894908853e-05,0.0,0.0,0.08410881405552409,1.4998797075654593,0
2021-11-02,0.0038544872116705563,0.0038544872116705563,0.0,0.0,0.08380472010442543,1.499835046419879,0
2021-11-03,0.0012007922807571875,0.0012007922807571875,0.0,0.0,0.08397515292076886,1.4979158361967702,0
2021-11-04,0.009426331747660542,0.009426331747660542,0.0,0.0,0.0840345426470976,1.4973186597890193,0
2021-11-05,0.008019666559605093,0.008006253986018983,0.026825147172218428,1.3412573586109214e-05,0.08366991317245262,1.5,1
2021-11-08,-0.0005245508756583098,-0.0005245508756583098,0.0,0.0,0.08412918714251477,1.4960419745377107,0
2021-11-09,0.0016092271170995345,0.0016092271170995345,0.0,0.0,0.08395138195523995,1.4963023103491955,0
2021-11-10,-0.010099091846772996,-0.010099091846772996,0.0,0.0,0.08368615308368725,1.4955049303785737,0
2021-11-11,0.0005977297003491016,0.0005977297003491016,0.0,0.0,0.08650752273443266,1.5005601331379672,0
2021-11-12,0.004342290373255667,0.004332061843779106,0.020457058953121388,1.0228529476560694e-05,0.08484205227192758,1.5000000000000002,1
2021-11-15,-0.003214261503738762,-0.003214261503738762,0.0,0.0,0.08517040377337746,1.4978534963939565,0
2021-11-16,0.00110933062770392,0.00110933062770392,0.0,0.0,0.08483885979127552,1.4994588878699369,0
2021-11-17,0.002342848114848972,0.002342848114848972,0.0,0.0,0.08405955405485906,1.4989054367885792,0
2021-11-18,0.0032202544103564906,0.0032202544103564906,0.0,0.0,0.08397215571305595,1.4977393091863656,0
2021-11-19,0.0011394584057226834,0.0011317880765268548,0.015340658391656964,7.670329195828482e-06,0.08377296625248434,1.5,1
2021-11-22,-0.011058745785090977,-0.011058745785090977,0.0,0.0,0.08219213216494352,1.4994424073676251,0
2021-11-23,-0.005391616459779942,-0.005391616459779942,0.0,0.0,0.08558232062259771,1.505027376741521,0
2021-11-24,0.004595296328377451,0.004595296328377451,0.0,0.0,0.08633758035523259,1.5077650511489968,0
2021-11-26,-0.008355015793373919,-0.008366640294632428,0.023249002517017142,1.1624501258508572e-05,0.08617249997579218,1.5,1
2021-11-29,0.008711551683534656,0.008711551683534656,0.0,0.0,0.08558026353893874,1.5042303383680244,0
2021-11-30,-0.009137692820759533,-0.009137692820759533,0.0,0.0,0.08708459415024203,1.499875645843915,0
2021-12-01,-0.005253526583716415,-0.005253526583716415,0.0,0.0,0.08884816677264928,1.5044854791852433,0
2021-12-02,0.007706461805346299,0.007706461805346299,0.0,0.0,0.08920190014844556,1.5071498041633422,0
2021-12-03,-0.0020602213491462554,-0.0021101766978168413,0.09991069734117197,4.9955348670585987e-05,0.08689517658644161,1.5,1
2021-12-06,0.0030577110205301152,0.0030577110205301152,0.0,0.0,0.08665711607362445,1.5011073804660342,0
2021-12-07,0.012486714208276387,0.012486714208276387,0.0,0.0,0.0858949531291713,1.4995798097760475,0
2021-12-08,-0.0014780521304902168,-0.0014780521304902168,0.0,0.0,0.08979350191397512,1.4934186323291154,0
2021-12-09,-0.0065706138522641285,-0.0065706138522641285,0.0,0.0,0.09006551621814819,1.4941490103266084,0
2021-12-10,0.005936780071579129,0.005902969271214201,0.06762160072985504,3.3810800364927515e-05,0.08669120173489417,1.4999999999999998,1
2021-12-13,-0.0016939356062215796,-0.0016939356062215796,0.0,0.0,0.0873312810807217,1.4970994480338828,0
2021-12-14,-0.006865906665037707,-0.006865906665037707,0.0,0.0,0.08701133403169715,1.4979429312950698,0
2021-12-15,0.008883120158793441,0.008883120158793441,0.0,0.0,0.08806029729750632,1.5013853966315551,0
2021-12-16,-0.004894448915508144,-0.004894448915508144,0.0,0.0,0.08928467120532589,1.4969707457813743,0
2021-12-17,-0.002504418961410386,-0.002520521180123344,0.03220443742591561,1.6102218712957805e-05,0.08656033276477959,1.5000000000000002,1
2021-12-20,-0.007461796300416541,-0.007461796300416541,0.0,0.0,0.08577571355221729,1.5012795880375251,0
2021-12-21,0.009453548729827572,0.009453548729827572,0.0,0.0,0.08713367312439128,1.5050481544882177,0
2021-12-22,0.008530263107319289,0.008530263107319289,0.0,0.0,0.08887403247751605,1.500318370393277,0
2021-12-23,0.0025852660668795853,0.002574572777640904,0.021386578477361945,1.0693289238680972e-05,0.08960275401024229,1.5,1
2021-12-27,0.007931344314693185,0.007931344314693185,0.0,0.0,0.08967959653960993,1.4987266851421885,0
2021-12-28,-0.002840882226997981,-0.002840882226997981,0.0,0.0,0.09082822663234946,1.4948022382231598,0
2021-12-29,-0.0024624576752389766,-0.0024624576752389766,0.0,0.0,0.08370369904817607,1.49621191784138,0
2021-12-30,0.00187922594572485,0.00187922594572485,0.0,0.0,0.08415100523022394,1.4974368349936569,0
2021-12-31,-4.950339226734036e-05,-6.108062952910258e-05,0.023154474523524454,1.1577237261762227e-05,0.08466786483562781,1.5,1
2022-01-03,-0.005797121496548543,-0.005797121496548543,0.0,0.0,0.08350926827243921,1.5000421201247505,0
2022-01-04,-0.0022126035243933227,-0.0022126035243933227,0.0,0.0,0.08319289738281098,1.5029578277599147,0
2022-01-05,-0.015342699516747358,-0.015342699516747358,0.0,0.0,0.0832786888438131,1.5040731417699469,0
2022-01-06,-0.0027587763076417247,-0.0027587763076417247,0.0,0.0,0.08894896794796725,1.5119274914455585,0
2022-01-07,-0.004354956733196577,-0.004364694278891939,0.019475091390722732,9.737545695361365e-06,0.08876781042419608,1.5,1
2022-01-10,0.000929707650045852,0.000929707650045852,0.0,0.0,0.08884422621735179,1.5022016944081282,0
2022-01-11,0.010537820657449657,0.010537820657449657,0.0,0.0,0.08794511853164878,1.501735227328983,0
2022-01-12,0.0016449258939838917,0.0016449258939838917,0.0,0.0,0.08993333788307056,1.4965031660097168,0
2022-01-13,-0.00815423302763884,-0.00815423302763884,0.0,0.0,0.08857067893963429,1.4956877963182211,0
2022-01-14,-0.003197052134198516,-0.0032014217062242595,0.008739144051486986,4.369572025743493e-06,0.08715997679127566,1.5000000000000002,1
2022-01-18,-0.014416239903315019,-0.014416239903315019,0.0,0.0,0.08766222679005074,1.5016102354679173,0
2022-01-19,-0.00024006545715986858,-0.00024006545715986858,0.0,0.0,0.09220324471398655,1.5089473424549018,0
2022-01-20,-0.0052444187232254715,-0.0052444187232254715,0.0,0.0,0.09171563119936228,1.5090695524697415,0
2022-01-21,-0.007917250067370572,-0.007923126768165931,0.011753401590718165,5.876700795359083e-06,0.0911555436416229,1.5,1
2022-01-24,0.0012374843492241065,0.0012374843492241065,0.0,0.0,0.09182134238183007,1.50399912566448,0
2022-01-25,-0.007763156173673257,-0.007763156173673257,0.0,0.0,0.0919793024820353,1.503376205488416,0
2022-01-26,-0.00858726119213085,-0.00858726119213085,0.0,0.0,0.0922221062279939,1.5073145677067026,0
2022-01-27,-0.0037117433891885165,-0.0037117433891885165,0.0,0.0,0.09397268699947292,1.5117087443487227,0
2022-01-28,0.012160472085548199,0.012150567087990845,0.0198099951147096,9.9049975573548e-06,0.09290103054850765,1.5,1
2022-01-31,0.010285498443816262,0.010285498443816262,0.0,0.0,0.09648141380924245,1.4940074345224263,0
2022-02-01,0.003764530291115562,0.003764530291115562,0.0,0.0,0.09958387695144448,1.4889780515343098,0
2022-02-02,0.005996875716720817,0.005996875716720817,0.0,0.0,0.1000723761705591,1.487144182503136,0
2022-02-03,-0.018140161476778383,-0.018140161476778383,0.0,0.0,0.10071515538413608,1.484240253883563,0
2022-02-04,-0.0017966539729387483,-0.0018432612094927594,0.09321447310802233,4.6607236554011164e-05,0.1,1.4964973680946585,1
2022-02-07,-0.00036521251774849155,-0.00036521251774849155,0.0,0.0,0.09874170801647261,1.4974609257589022,0
2022-02-08,0.002233273394392238,0.002233273394392238,0.0,0.0,0.09675712924815331,1.4976426710917505,0
2022-02-09,0.009579405912638256,0.009579405912638256,0.0,0.0,0.09733692914509956,1.4965337754216845,0
2022-02-10,-0.018003740916252845,-0.018003740916252845,0.0,0.0,0.09969574874913889,1.4918224089296162,0
2022-02-11,-0.001487918070374593,-0.0015250705005104925,0.07430486027179908,3.715243013589954e-05,0.1,1.461800850496869,1
2022-02-14,-0.003329418388009289,-0.003329418388009289,0.0,0.0,0.09883457157176218,1.4625434142432725,0
2022-02-15,0.003031767040249477,0.003031767040249477,0.0,0.0,0.09881964446490486,1.4640885592260244,0
2022-02-16,0.005998934863754217,0.005998934863754217,0.0,0.0,0.09978225756542472,1.4626858036565074,0
2022-02-17,-0.005359919753970311,-0.005359919753970311,0.0,0.0,0.10040421003957746,1.4599267331422876,0
2022-02-18,-0.00043484001224308624,-0.0004574053293567596,0.0451306342273467,2.256531711367335e-05,0.1,1.4705615599310284,1
2022-02-22,-0.0038619160919871405,-0.0038619160919871405,0.0,0.0,0.09941344531271819,1.470799471435435,0
2022-02-23,-0.010374932648912014,-0.010374932648912014,0.0,0.0,0.09925817955653204,1.4726247084022845,0
2022-02-24,0.009028035910847968,0.009028035910847968,0.0,0.0,0.09842969638260637,1.4775795642155174,0
2022-02-25,0.008153327275611636,0.008131842341483632,0.04296986825601043,2.1484934128005216e-05,0.1,1.4871176213593285,1
2022-02-28,0.008009688703150103,0.008009688703150103,0.0,0.0,0.10162294018687999,1.4832097210242154,0
2022-03-01,0.0014696058989530707,0.0014696058989530707,0.0,0.0,0.10235024284263182,1.4793701156244703,0
2022-03-02,-0.004477660726372491,-0.004477660726372491,0.0,0.0,0.10084713333901969,1.4786666642710253,0
2022-03-03,-0.0001936121493095629,-0.0001936121493095629,0.0,0.0,0.10158668728620815,1.4808196113612873,0
2022-03-04,0.0019696295803871347,0.00194759344042651,0.044072279921249485,2.2036139960624742e-05,0.1,1.4594428112710007,1
2022-03-07,-0.012730424014629057,-0.012730424014629057,0.0,0.0,0.09884386783290103,1.4585717361057569,0
2022-03-08,0.0004226639823121537,0.0004226639823121537,0.0,0.0,0.10088747639499554,1.4644848248747735,0
2022-03-09,0.0033834707032375545,0.0033834707032375545,0.0,0.0,0.1004857447511439,1.4642885868117295,0
2022-03-10,-0.007584743204732275,-0.007584743204732275,0.0,0.0,0.10037068181995533,1.4627229771747436,0
2022-03-11,-0.008340216550455396,-0.008377467785626829,0.07450247034286445,3.725123517143222e-05,0.09999999999999999,1.4176554082271873,1
2022-03-14,-0.01643939031477408,-0.01643939031477408,0.0,0.0,0.10047751447079976,1.4212214284094746,0
2022-03-15,0.007410409971415434,0.007410409971415434,0.0,0.0,0.10468829954896636,1.428261791151112,0
2022-03-16,0.016899852263154082,0.016899852263154082,0.0,0.0,0.10710079734854228,1.4251115403535126,0
2022-03-17,0.00563269342779202,0.00563269342779202,0.0,0.0,0.11325668634512567,1.418046614332187,0
2022-03-18,0.006341467549293352,0.006274548421665104,0.13383825525649556,6.691912762824779e-05,0.1,1.2818668198313445,1
2022-03-21,-0.007686373735308195,-0.007686373735308195,0.0,0.0,0.1014850436598206,1.2801757625701495,0
2022-03-22,0.0018800385550861508,0.0018800385550861508,0.0,0.0,0.10258677546692703,1.2823459792896312,0
2022-03-23,0.001772907414276696,0.001772907414276696,0.0,0.0,0.10282793470123952,1.2818161540545625,0
2022-03-24,0.005822504548147307,0.005822504548147307,0.0,0.0,0.10119030991881034,1.2813174043426385,0
2022-03-25,-0.0050357863585292865,-0.005047828599372453,0.024084481686332898,1.204224084316645e-05,0.09999999999999998,1.2750936979376597,1
2022-03-28,0.002945169779651733,0.002945169779651733,0.0,0.0,0.10056885107904369,1.2765014722177321,0
2022-03-29,0.009169404222321082,0.009169404222321082,0.0,0.0,0.1004935564871353,1.2756895197755225,0
2022-03-30,-0.0002468072558943198,-0.0002468072558943198,0.0,0.0,0.10275806781110755,1.2731845799347954,0
2022-03-31,-0.005052541487387294,-0.005052541487387294,0.0,0.0,0.10228060593671551,1.2732520205161464,0
2022-04-01,-0.0007097087329868962,-0.0007233435226675775,0.027269579361362525,1.3634789680681264e-05,0.1,1.252847986786282,1
2022-04-04,0.0054423589481510885,0.0054423589481510885,0.0,0.0,0.10013327352185977,1.2530446597915688,0
2022-04-05,-0.013982054839855694,-0.013982054839855694,0.0,0.0,0.10077007645681624,1.2516749543517272,0
2022-04-06,-0.007180761306468874,-0.007180761306468874,0.0,0.0,0.10400098387079772,1.255243786978797,0
2022-04-07,0.0004813262191834377,0.0004813262191834377,0.0,0.0,0.10212859505761149,1.2570898880995465,0
2022-04-08,-0.0047595729759036115,-0.004776885592540971,0.03462523327471817,1.7312616637359084e-05,0.09999999999999998,1.2287494036567097,1
2022-04-11,-0.009627805432480213,-0.009627805432480213,0.0,0.0,0.09993364722055287,1.2298647539045064,0
2022-04-12,0.002213965628864325,0.002213965628864325,0.0,0.0,0.10081155206257246,1.2320993613970401,0
2022-04-13,0.0071514555215230185,0.0071514555215230185,0.0,0.0,0.09909109367644388,1.2315866365436283,0
2022-04-14,-0.011344532306048944,-0.011353713176718702,0.018361741339514362,9.180870669757181e-06,0.1,1.216005821511937,1
2022-04-18,-0.0005378423768451438,-0.0005378423768451438,0.0,0.0,0.10145612453477784,1.2184957403488623,0
2022-04-19,0.000843518071660296,0.000843518071660296,0.0,0.0,0.1013409186086079,1.218613319856424,0
2022-04-20,0.0035266004656407082,0.0035266004656407082,0.0,0.0,0.1003042718403437,1.21842907098767,0
2022-04-21,-0.009273111175147557,-0.009273111175147557,0.0,0.0,0.1002337563314797,1.2176614659604617,0
2022-04-22,-0.012448484478707823,-0.012459701603011634,0.022434248607622817,1.1217124303811408e-05,0.1,1.1986159079550516,1
2022-04-25,0.0035337393071098243,0.0035337393071098243,0.0,0.0,0.10169976394925348,1.2011331845412023,0
2022-04-26,-0.008307678532093774,-0.008307678532093774,0.0,0.0,0.10251266458019262,1.2004249350700205,0
2022-04-27,-0.0043303852498511285,-0.0043303852498511285,0.0,0.0,0.10203349145268152,1.2021039497143133,0
2022-04-28,0.010756770120404536,0.010756770120404536,0.0,0.0,0.10172535124616143,1.2029829440612474,0
2022-04-29,-0.016830327770344145,-0.01685169647649034,0.04273741229238792,2.136870614619396e-05,0.09999999999999999,1.1580853277196008,1
2022-05-02,-0.003493279519219847,-0.003493279519219847,0.0,0.0,0.10226283370855213,1.1608167311677267,0
2022-05-03,0.003365732175974058,0.003365732175974058,0.0,0.0,0.1018192517996932,1.1613804782873298,0
2022-05-04,0.014462060113181047,0.014462060113181047,0.0,0.0,0.1020643390896368,1.1608391368293474,0
2022-05-05,-0.021259372675570685,-0.021259372675570685,0.0,0.0,0.10702005163233444,1.1585462316958437,0
2022-05-06,-0.005187199676316494,-0.005243182302143479,0.11196525165397027,5.598262582698513e-05,0.1,1.0500247866356014,1
2022-05-09,-0.01046455570629383,-0.01046455570629383,0.0,0.0,0.09999565613337355,1.050344735889651,0
2022-05-10,0.0023917769636190933,0.0023917769636190933,0.0,0.0,0.10059293558380053,1.0508771425823813,0
2022-05-11,-0.00173551525681569,-0.00173551525681569,0.0,0.0,0.10111545500028533,1.0507557461579493,0
2022-05-12,-0.0025620414936177063,-0.0025620414936177063,0.0,0.0,0.09929184279332623,1.0508439866725372,0
2022-05-13,0.00398023909908694,0.00396716608163039,0.02614603491309958,1.3073017456549791e-05,0.1,1.0646850683038158,1
2022-05-16,-0.0006395011802625392,-0.0006395011802625392,0.0,0.0,0.10173875891422816,1.064442487271553,0
2022-05-17,0.0022911241321399616,0.0022911241321399616,0.0,0.0,0.10126767995236631,1.0644837246896,0
2022-05-18,-0.009518887127260973,-0.009518887127260973,0.0,0.0,0.10227728554034551,1.064336322189259,0
2022-05-19,0.0025303811720436926,0.0025303811720436926,0.0,0.0,0.10125296505652912,1.0649546178651113,0
2022-05-20,0.0019119059259675969,0.001902458703285854,0.018894445363485807,9.447222681742904e-06,0.1,1.0714314964616865,1
2022-05-23,0.0029751738389140647,0.0029751738389140647,0.0,0.0,0.10009563625630531,1.0713052883180172,0
2022-05-24,0.0028343034087050744,0.0028343034087050744,0.0,0.0,0.10100522612658497,1.0710937719874902,0
2022-05-25,0.005058596620273053,0.005058596620273053,0.0,0.0,0.0997907103034054,1.0708928401689468,0
2022-05-26,0.007067160375030388,0.007067160375030388,0.0,0.0,0.0999630403504946,1.070536026861856,0
2022-05-27,0.009016485349869662,0.009003229646168847,0.026511407401631062,1.325570370081553e-05,0.1,1.0683709873524294,1
2022-05-31,-0.007932870601116148,-0.007932870601116148,0.0,0.0,0.10215702062668622,1.0677740576510453,0
2022-06-01,-0.002466415447893709,-0.002466415447893709,0.0,0.0,0.10310617776732346,1.0683159996361447,0
2022-06-02,0.00851814702403875,0.00851814702403875,0.0,0.0,0.10273827608236256,1.0684849118807551,0
2022-06-03,-0.00798840364221723,-0.00801317062129039,0.04953395814632075,2.4766979073160375e-05,0.1,1.0412547169901165,1
2022-06-06,-0.00454587936889548,-0.00454587936889548,0.0,0.0,0.10012215150304905,1.0416129355215769,0
2022-06-07,0.005445997073720061,0.005445997073720061,0.0,0.0,0.09942388527057061,1.041802966765756,0
2022-06-08,-0.005416439166328285,-0.005416439166328285,0.0,0.0,0.10048024605536286,1.0415765410448903,0
2022-06-09,-0.007373963756160382,-0.007373963756160382,0.0,0.0,0.10040639279236899,1.0418029642577646,0
2022-06-10,-0.009835884946753429,-0.009862498920358823,0.053227947210789675,2.6613973605394836e-05,0.1,1.0346012267718987,1
2022-06-13,-0.02571366881153165,-0.02571366881153165,0.0,0.0,0.09996057817879427,1.034972759548796,0
2022-06-14,-0.0035803665827118915,-0.0035803665827118915,0.0,0.0,0.10831807940569717,1.035895771529644,0
2022-06-15,0.013471435772541656,0.013471435772541656,0.0,0.0,0.10812022873370727,1.0360247533526983,0
2022-06-16,-0.0067433778457856395,-0.0067433778457856395,0.0,0.0,0.10996223672482483,1.0355458990565805,0
2022-06-17,0.0007455335101776802,0.0006962265841064638,0.09861385214243285,4.930692607121642e-05,0.1,0.9371733737000559,1
2022-06-21,0.0022704361264791317,0.0022704361264791317,0.0,0.0,0.09982954019966529,0.9372663574557845,0
2022-06-22,0.005137239960878347,0.005137239960878347,0.0,0.0,0.10078637016770742,0.9374084675323107,0
2022-06-23,0.003937182551505547,0.003937182551505547,0.0,0.0,0.10140456207727741,0.9377283718289797,0
2022-06-24,0.005560747695195485,0.005550811046354078,0.019873297682814012,9.936648841407006e-06,0.1,0.9355535044765656,1
2022-06-27,-0.003556858034335227,-0.003556858034335227,0.0,0.0,0.10157114901806535,0.935919141860627,0
2022-06-28,-0.006216229586659831,-0.006216229586659831,0.0,0.0,0.10137445859801071,0.9356904017494044,0
2022-06-29,0.002350705664608009,0.002350705664608009,0.0,0.0,0.10081659639397626,0.9352881379579709,0
2022-06-30,-0.0012539148016628165,-0.0012539148016628165,0.0,0.0,0.10005673916373566,0.9354398997513332,0
2022-07-01,0.00528365527752492,0.005274841829241835,0.01762689656616928,8.81344828308464e-06,0.10000000000000002,0.9446299595922689,1
2022-07-05,-0.0008843729231318032,-0.0008843729231318032,0.0,0.0,0.10108767670251972,0.9449292624704402,0
2022-07-06,-0.0054145634777875915,-0.0054145634777875915,0.0,0.0,0.10156400810442819,0.9448805162915114,0
2022-07-07,0.004157007579069971,0.004157007579069971,0.0,0.0,0.10172964709489783,0.9445804435853936,0
2022-07-08,-0.0018947787327452054,-0.0019034369862191995,0.017316506947988433,8.658253473994216e-06,0.10000000000000002,0.9442896178904359,1
2022-07-11,-0.002082708360919979,-0.002082708360919979,0.0,0.0,0.09980513619727896,0.9441920492262821,0
2022-07-12,-0.0010782588377495515,-0.0010782588377495515,0.0,0.0,0.09922472850471753,0.9440755749586689,0
2022-07-13,0.001220410957633789,0.001220410957633789,0.0,0.0,0.09885270607738761,0.9440152088628457,0
2022-07-14,-0.0038909799073330057,-0.0038909799073330057,0.0,0.0,0.09824103953050481,0.9440834500331384,0
2022-07-15,0.006235297959235702,0.006226859767036504,0.016876384398394978,8.438192199197488e-06,0.1,0.9502488108429332,1
2022-07-18,-0.004500987664414949,-0.004500987664414949,0.0,0.0,0.10098569820664667,0.9505650733907222,0
2022-07-19,0.006984917460489531,0.006984917460489531,0.0,0.0,0.09981131179771835,0.9503415613710191,0
2022-07-20,0.00155011804973981,0.00155011804973981,0.0,0.0,0.10219518788947374,0.9506860154825216,0
2022-07-21,0.009640138014637471,0.009640138014637471,0.0,0.0,0.10278750222717657,0.9507623396685285,0
2022-07-22,0.0009214941660206893,0.0009074081048468598,0.028172122347659034,1.4086061173829517e-05,0.1,0.9311307124608137,1
2022-07-25,-0.0025164699044249632,-0.0025164699044249632,0.0,0.0,0.09882240149437758,0.9312072216466203,0
2022-07-26,-0.004052541962023991,-0.004052541962023991,0.0,0.0,0.09744195105266441,0.9310336699526375,0
2022-07-27,0.009072911520346425,0.009072911520346425,0.0,0.0,0.09705419068834115,0.9307530437567193,0
2022-07-28,0.007316912603716001,0.007316912603716001,0.0,0.0,0.0996254259914448,0.9313756662648409,0
2022-07-29,0.003701053305095496,0.003696662546288581,0.008781517613829282,4.390758806914641e-06,0.1,0.9230926196348159,1
2022-08-01,0.004036195130024201,0.004036195130024201,0.0,0.0,0.09960580538825972,0.9233802477620269,0
2022-08-02,-0.00675939322971098,-0.00675939322971098,0.0,0.0,0.09681083515639816,0.9236882568481003,0
2022-08-03,0.008015460596705888,0.008015460596705888,0.0,0.0,0.09744520938516615,0.9231689254026354,0
2022-08-04,0.003544786079525408,0.003544786079525408,0.0,0.0,0.09935737011955334,0.9237798648922669,0
2022-08-05,-0.007988305769573944,-0.008002013445655716,0.027415352163543377,1.3707676081771689e-05,0.09999999999999999,0.9430477470060747,1
2022-08-08,0.003613623758181546,0.003613623758181546,0.0,0.0,0.09581805195783981,0.9426021563656429,0
2022-08-09,-0.0026581705208791285,-0.0026581705208791285,0.0,0.0,0.09554561258942096,0.9428088237588661,0
2022-08-10,0.005837600495586605,0.005837600495586605,0.0,0.0,0.09355758426074214,0.9426563946776374,0
2022-08-11,-0.004937077322809784,-0.004937077322809784,0.0,0.0,0.09493160748386109,0.9429892009464461,0
2022-08-12,0.008444603877592206,0.008430451118451157,0.0283055182820955,1.4152759141047749e-05,0.1,0.9710118559876872,1
2022-08-15,-0.0007894972907818149,-0.0007894972907818149,0.0,0.0,0.10164957069030614,0.9712682305249345,0
2022-08-16,-0.0003538396967164261,-0.0003538396967164261,0.0,0.0,0.10168254248283912,0.9712455289479409,0
2022-08-17,-0.006131851816279087,-0.006131851816279087,0.0,0.0,0.10169136314319496,0.9712353508732177,0
2022-08-18,0.0010763964853527112,0.0010763964853527112,0.0,0.0,0.10219782468815511,0.9710578820949747,0
2022-08-19,-0.008702642255991919,-0.008718374468984182,0.03146442598452798,1.5732212992263988e-05,0.1,0.9481583826011335,1
2022-08-22,-0.008849218091623336,-0.008849218091623336,0.0,0.0,0.10107707481441923,0.9477183034053398,0
2022-08-23,0.00027267578389415586,0.00027267578389415586,0.0,0.0,0.1019535130682108,0.9472515206071913,0
2022-08-24,1.126286121076324e-06,1.126286121076324e-06,0.0,0.0,0.10167741722256411,0.9472658999192687,0
2022-08-25,0.007435309717528801,0.007435309717528801,0.0,0.0,0.10169016587553015,0.947265959312887,0
2022-08-26,-0.011405575028601454,-0.01141985253855315,0.028555019903391446,1.4277509951695721e-05,0.09999999999999999,0.9191001395113614,1
2022-08-29,-0.0035161303332499486,-0.0035161303332499486,0.0,0.0,0.10064535667779986,0.9181800452028183,0
2022-08-30,-0.004445404968807655,-0.004445404968807655,0.0,0.0,0.09922340707851543,0.9178913404543674,0
2022-08-31,-0.004768832629388302,-0.004768832629388302,0.0,0.0,0.09837513090564663,0.9175247043653492,0
2022-09-01,-0.0034542761054914134,-0.0034542761054914134,0.0,0.0,0.09851661230849537,0.9171295088632025,0
2022-09-02,-0.0001759379336112965,-0.00018616659045992724,0.020457313697261503,1.0228656848630752e-05,0.1,0.9252466993914559,1
2022-09-06,-0.006546603502408175,-0.006546603502408175,0.0,0.0,0.098537049992328,0.9252430107945109,0
2022-09-07,0.01022245218725336,0.01022245218725336,0.0,0.0,0.09894166847476663,0.9247503813776832,0
2022-09-08,-0.0008321072459333331,-0.0008321072459333331,0.0,0.0,0.10121513483967357,0.9255118331023111,0
2022-09-09,0.005674359150139301,0.005670037501195527,0.008643297887547627,4.321648943773813e-06,0.10000000000000003,0.9168065014526086,1
2022-09-12,0.0027052312696981664,0.0027052312696981664,0.0,0.0,0.1003360452883927,0.9172798494572343,0
2022-09-13,-0.01683711177379891,-0.01683711177379891,0.0,0.0,0.09904853659639032,0.9175030228594505,0
2022-09-14,0.0010705919636883172,0.0010705919636883172,0.0,0.0,0.09204591160803298,0.9160902245919914,0
2022-09-15,-0.007187483742649915,-0.007187483742649915,0.0,0.0,0.09202413147179797,0.9161799616514433,0
2022-09-16,-0.0016382696025445756,-0.0016857151217499968,0.09489103841084216,4.7445519205421086e-05,0.09999999999999999,1.0104641834145567,1
2022-09-19,0.0026538737794753685,0.0026538737794753685,0.0,0.0,0.0986693207613772,1.010529378466265,0
2022-09-20,-0.006573103187891125,-0.006573103187891125,0.0,0.0,0.09904632138018417,1.0105015087874492,0
2022-09-21,-0.0018512879138847713,-0.0018512879138847713,0.0,0.0,0.09943709864839394,1.0105709930153373,0
2022-09-22,-0.00791354652240966,-0.00791354652240966,0.0,0.0,0.09830143517119659,1.0105905992637552,0
2022-09-23,-0.00868455439202737,-0.00870064631594991,0.03218384784508177,1.6091923922540887e-05,0.1,0.9995911106206294,1
2022-09-26,-0.009005138936166243,-0.009005138936166243,0.0,0.0,0.09963563246205961,0.9996037549565747,0
2022-09-27,-0.004271781095929584,-0.004271781095929584,0.0,0.0,0.10070770682170874,0.9996001542904067,0
2022-09-28,0.017212483416827115,0.017212483416827115,0.0,0.0,0.10005170346166348,0.9995984389093309,0
2022-09-29,-0.008722576697630323,-0.008722576697630323,0.0,0.0,0.10657265684188666,0.9996052338157311,0
2022-09-30,-0.006593250554337282,-0.006632503569935995,0.07850603119742552,3.9253015598712756e-05,0.1,0.9210957289405652,1
2022-10-03,0.01425674559960708,0.01425674559960708,0.0,0.0,0.099497555980454,0.9206084169984835,0
2022-10-04,0.012264187498242027,0.012264187498242027,0.0,0.0,0.10464209722369608,0.9217243727034994,0
2022-10-05,-0.0032067611733890256,-0.0032067611733890256,0.0,0.0,0.10837495955452461,0.9226727288555425,0
2022-10-06,-0.004032744968097087,-0.004032744968097087,0.0,0.0,0.1079520689864671,0.9224239610257745,0
2022-10-07,-0.011940958263060637,-0.011965909868741,0.049903211360724384,2.4951605680362193e-05,0.10000000000000002,0.8722066385542304,1
2022-10-10,-0.007453242080805462,-0.007453242080805462,0.0,0.0,0.10149908200014948,0.8706842090609288,0
2022-10-11,-0.0014495645117548318,-0.0014495645117548318,0.0,0.0,0.1020749717451541,0.8697131496251393,0
2022-10-12,0.0013177099243202942,0.0013177099243202942,0.0,0.0,0.10175271605343535,0.8695240162694873,0
2022-10-13,0.0030355917866912614,0.0030355917866912614,0.0,0.0,0.10163062834729454,0.8696957195130665,0
2022-10-14,-0.009120927543024335,-0.009129681358366974,0.0175076306852784,8.7538153426392e-06,0.09999999999999998,0.8570165369044915,1
2022-10-17,0.007674497401764091,0.007674497401764091,0.0,0.0,0.10033944401942885,0.8557079502833758,0
2022-10-18,0.0037603861906898017,0.0037603861906898017,0.0,0.0,0.10143085804237191,0.856806885468796,0
2022-10-19,-0.006922987281555672,-0.006922987281555672,0.0,0.0,0.1020282653151435,0.8573433296420198,0
2022-10-20,-0.004861471565791957,-0.004861471565791957,0.0,0.0,0.10072665765820991,0.8563488344499361,0
2022-10-21,0.00707210025587901,0.007063314282660659,0.017571946436702693,8.785973218351346e-06,0.1,0.8517763627238372,1
2022-10-24,0.0011794966696197467,0.0011794966696197467,0.0,0.0,0.10200087065927406,0.8528246941370126,0
2022-10-25,0.00932985665827484,0.00932985665827484,0.0,0.0,0.10220420349412579,0.8529980824092386,0
2022-10-26,0.00012409082220598286,0.00012409082220598286,0.0,0.0,0.10269546386896071,0.8543569115477663,0
2022-10-27,1.7298686196665905e-05,1.7298686196665905e-05,0.0,0.0,0.10111162577891178,0.8543749822759493,0
2022-10-28,0.004207735695184171,0.0041977212563372255,0.020028877693892,1.0014438846946e-05,0.1,0.8542094354070915,1
2022-10-31,-0.005948897290853489,-0.005948897290853489,0.0,0.0,0.10104224220306023,0.8548288379188138,0
2022-11-01,0.0012689467364535487,0.0012689467364535487,0.0,0.0,0.10070715130333972,0.8539600613232634,0
2022-11-02,-0.009203130094513696,-0.009203130094513696,0.0,0.0,0.09902485229528561,0.8541451433675828,0
2022-11-03,-0.0055644050339908975,-0.0055644050339908975,0.0,0.0,0.0989961776329448,0.8527903538428311,0
2022-11-04,0.006468003643668085,0.006456286240032112,0.02343480727194594,1.171740363597297e-05,0.1,0.8707493363663565,1
2022-11-07,0.00015958168301491102,0.00015958168301491102,0.0,0.0,0.10132807135712514,0.8715901048093955,0
2022-11-08,0.006402461876191734,0.006402461876191734,0.0,0.0,0.10166795825765237,0.871610593406981,0
2022-11-09,-0.005987958360671458,-0.005987958360671458,0.0,0.0,0.10204104701026365,0.872427372292325,0
2022-11-10,0.028229815187142432,0.028229815187142432,0.0,0.0,0.10148676741305604,0.8716588709556459,0
2022-11-11,0.0031015696393254188,0.0030513409385447996,0.10045740156123842,5.0228700780619204e-05,0.1,0.7747250458364812,1
2022-11-14,-0.002605488293820297,-0.002605488293820297,0.0,0.0,0.1007862951860893,0.7754604213459324,0
2022-11-15,0.005468441630493254,0.005468441630493254,0.0,0.0,0.10055913790424124,0.774873857817844,0
2022-11-16,0.00030827051908607233,0.00030827051908607233,0.0,0.0,0.10139701549080167,0.7760982514606964,0
2022-11-17,-0.0033652976720391094,-0.0033652976720391094,0.0,0.0,0.10107327577314362,0.7761672524979575,0
2022-11-18,-0.0011718866058922687,-0.0011775272545974996,0.01128129741046198,5.64064870523099e-06,0.09999999999999999,0.7749462762217081,1
2022-11-21,-0.0014606706534927836,-0.0014606706534927836,0.0,0.0,0.09920162775005904,0.7746866042060402,0
2022-11-22,0.0053626996720225195,0.0053626996720225195,0.0,0.0,0.0989920291614049,0.7743570141183964,0
2022-11-23,0.0050528275498244665,0.0050528275498244665,0.0,0.0,0.10018377839706112,0.7755606151340063,0
2022-11-25,-0.000983139639645305,-0.000987537524773624,0.008795770256637886,4.397885128318943e-06,0.1,0.775970885536017,1
2022-11-28,-0.004473404828812122,-0.004473404828812122,0.0,0.0,0.09824855810014489,0.775753831915375,0
2022-11-29,-0.0013412041200547297,-0.0013412041200547297,0.0,0.0,0.09791597391579736,0.7747461803910278,0
2022-11-30,0.011618133778121572,0.011618133778121572,0.0,0.0,0.09755992367390753,0.7744436633029453,0
2022-12-01,0.006730123496139889,0.006730123496139889,0.0,0.0,0.10138180966018313,0.7770341108312655,0
2022-12-02,0.0004673834792613495,0.000460217849969389,0.014331258583921008,7.165629291960504e-06,0.09999999999999999,0.764193408588622,1
2022-12-05,-0.008487891106760284,-0.008487891106760284,0.0,0.0,0.0999610282688727,0.7643090434032161,0
2022-12-06,-0.001519148688527391,-0.001519148688527391,0.0,0.0,0.10019368506407567,0.7622913986800723,0
2022-12-07,0.004242557435921665,0.004242557435921665,0.0,0.0,0.09835902694780022,0.7619297345485343,0
2022-12-08,0.0013634269884124318,0.0013634269884124318,0.0,0.0,0.09875100440964815,0.7629354943298582,0
2022-12-09,-0.004076532676383488,-0.004082767588757075,0.012469824747174715,6.234912373587357e-06,0.10000000000000002,0.7664099381979788,1
2022-12-12,0.002305217280227463,0.002305217280227463,0.0,0.0,0.09992653737636073,0.7654585950640584,0
2022-12-13,0.006381956562800805,0.006381956562800805,0.0,0.0,0.09664682365990653,0.7659980204708763,0
2022-12-14,-0.001616012030558854,-0.001616012030558854,0.0,0.0,0.09780417822238813,0.7674819406258688,0
2022-12-15,-0.007250030915217618,-0.007250030915217618,0.0,0.0,0.0969273078108283,0.767105580442013,0
2022-12-16,-0.0027460621888440616,-0.0027550146102959445,0.017904842903766094,8.952421451883046e-06,0.1,0.776462978117433,1
2022-12-19,-0.0051172015959900785,-0.0051172015959900785,0.0,0.0,0.0997139129279824,0.7758544061530029,0
2022-12-20,-0.000187493578974595,-0.000187493578974595,0.0,0.0,0.09933673035605746,0.7747015083519675,0
2022-12-21,0.004100569490181419,0.004100569490181419,0.0,0.0,0.09925210223819785,0.774659258409838,0
2022-12-22,-0.00585203768809745,-0.00585203768809745,0.0,0.0,0.09926956627100486,0.7755795102231884,0
2022-12-23,-0.00030103297092395095,-0.0003088762429951252,0.015686544142348435,7.843272071174217e-06,0.1,0.780026584856823,1
2022-12-27,-0.004200780345066535,-0.004200780345066535,0.0,0.0,0.09908677589199695,0.7799664649972696,0
2022-12-28,-0.005013715847387356,-0.005013715847387356,0.0,0.0,0.09891924656682442,0.7790382532344454,0
2022-12-29,0.007428629326678489,0.007428629326678489,0.0,0.0,0.09573332835105013,0.7779248314425375,0
2022-12-30,-0.0014426226814767255,-0.0014557304527134424,0.026215542473433828,1.3107771236716914e-05,0.1,0.8057779232786251,1
2023-01-03,0.00256884373964559,0.00256884373964559,0.0,0.0,0.0992845906073787,0.8055079029814198,0
2023-01-04,0.005503536298417422,0.005503536298417422,0.0,0.0,0.09653010646176509,0.8060062426305685,0
2023-01-05,-0.004236493424041602,-0.004236493424041602,0.0,0.0,0.09536940385431414,0.8070680506171216,0
2023-01-06,0.01250661106900865,0.012490242221500894,0.032737695015511825,1.6368847507755913e-05,0.10000000000000002,0.8346117740682368,1
2023-01-09,0.0020295680500588605,0.0020295680500588605,0.0,0.0,0.10351333528650766,0.8366681967014185,0
2023-01-10,-0.00021298060191983774,-0.00021298060191983774,0.0,0.0,0.10084856320626702,0.8369990182860333,0
2023-01-11,0.006082447560983961,0.006082447560983961,0.0,0.0,0.0998505943794386,0.8369642948434146,0
2023-01-12,0.005953893833254247,0.005953893833254247,0.0,0.0,0.10081900215667705,0.837949955739882,0
2023-01-13,0.0010386254694900226,0.001030933302749489,0.01538433348106713,7.692166740533565e-06,0.09999999999999999,0.8342412614479862,1
2023-01-17,-0.0018224439275605514,-0.0018224439275605514,0.0,0.0,0.10008607028749097,0.8344196559057342,0
2023-01-18,-0.00020366238955143263,-0.00020366238955143263,0.0,0.0,0.09823604038402117,0.8341173440667411,0
2023-01-19,-0.0013427737722192363,-0.0013427737722192363,0.0,0.0,0.09692273599025031,0.834083553126705,0
2023-01-20,0.0029870926406887744,0.0029745330758020275,0.025119129773494023,1.255956488674701e-05,0.1,0.8477893299660342,1
2023-01-23,0.003319674978679359,0.003319674978679359,0.0,0.0,0.09960062694638701,0.8482532652126908,0
2023-01-24,0.001856944137916795,0.001856944137916795,0.0,0.0,0.09956636299242015,0.8487553482986029,0
2023-01-25,0.0008232155931297415,0.0008232155931297415,0.0,0.0,0.0986574391476125,0.8490356806065351,0
2023-01-26,0.0019990558250961164,0.0019990558250961164,0.0,0.0,0.09862154209435821,0.8491598545663259,0
2023-01-27,0.00044762381164837494,0.00042754964172414214,0.04014833984846565,2.0074169924232828e-05,0.10000000000000003,0.8811204524782706,1
2023-01-30,-0.005488671213750044,-0.005488671213750044,0.0,0.0,0.10015193739075415,0.8811913232553708,0
2023-01-31,0.006468529878616004,0.006468529878616004,0.0,0.0,0.10047676324363278,0.8805356225658796,0
2023-02-01,0.008357062555114444,0.008357062555114444,0.0,0.0,0.10122490877213217,0.8813034149726187,0
2023-02-02,0.00383030983533535,0.00383030983533535,0.0,0.0,0.10175649713685869,0.882287148635017,0
2023-02-03,-0.010294596462505051,-0.010301662456318193,0.01413198762628494,7.065993813142469e-06,0.1,0.869791399048861,1
2023-02-06,-0.0038441776034164035,-0.0038441776034164035,0.0,0.0,0.09991565168645349,0.8684432114128118,0
2023-02-07,0.003508132171892456,0.003508132171892456,0.0,0.0,0.09927567858467795,0.8679355321432698,0
2023-02-08,-0.0028012749287824015,-0.0028012749287824015,0.0,0.0,0.09925863228480152,0.8683972121173517,0
2023-02-09,-0.005164431269715266,-0.005164431269715266,0.0,0.0,0.09916419125914128,0.8680275209204168,0
2023-02-10,-0.0023297923679497616,-0.002338869693432846,0.01815465096616878,9.07732548308439e-06,0.09999999999999999,0.8656431951594683,1
2023-02-13,0.00399393644480516,0.00399393644480516,0.0,0.0,0.09901319544231652,0.8653373140098528,0
2023-02-14,-0.00010866824468959532,-0.00010866824468959532,0.0,0.0,0.08228371165313796,0.8658730086886832,0
2023-02-15,-0.0013123018146255845,-0.0013123018146255845,0.0,0.0,0.0821240016309686,0.8658584317599226,0
2023-02-16,-0.0065569504367152375,-0.0065569504367152375,0.0,0.0,0.08193712835237822,0.8656821662229204,0
2023-02-17,0.001003467282053793,0.0009273283326290238,0.1522778988495384,7.61389494247692e-05,0.09999999999999998,1.0170735367714854,1
2023-02-21,-0.012604826226248868,-0.012604826226248868,0.0,0.0,0.09986171827803476,1.0171337870747106,0
2023-02-22,0.0013148892544122483,0.0013148892544122483,0.0,0.0,0.10228341922046681,1.0173525124790985,0
2023-02-23,0.00486385759468351,0.00486385759468351,0.0,0.0,0.10228106398847511,1.0173297258088507,0
2023-02-24,-0.0080689269404038,-0.00808262994356804,0.02740600632847931,1.3703003164239655e-05,0.1,0.9898398381487341,1
2023-02-27,0.003488000497599346,0.003488000497599346,0.0,0.0,0.10009504030836969,0.9897708628214421,0
2023-02-28,0.00011378905699833627,0.00011378905699833627,0.0,0.0,0.09959983968650274,0.9898064180403893,0
2023-03-01,-0.003122426517133022,-0.003122426517133022,0.0,0.0,0.09950426124415519,0.989807577826497,0
2023-03-02,0.0013556245993587013,0.0013556245993587013,0.0,0.0,0.09860450894246532,0.9897756530544738,0
2023-03-03,0.011836884938884417,0.01183010162611297,0.013566625542894645,6.783312771447322e-06,0.09999999999999999,0.9976613279087134,1
2023-03-06,-0.0016866082992915115,-0.0016866082992915115,0.0,0.0,0.09754722551272592,0.9976953751674638,0
2023-03-07,-0.007541568313478825,-0.007541568313478825,0.0,0.0,0.09626601341302195,0.9976914816011732,0
2023-03-08,0.00018738768494207784,0.00018738768494207784,0.0,0.0,0.09724858831266943,0.9976739394566846,0
2023-03-09,-0.0036262677984001193,-0.0036262677984001193,0.0,0.0,0.09437296690705536,0.9976743752501225,0
2023-03-10,0.005217333712299215,0.005193346377637365,0.04797466932370033,2.3987334661850162e-05,0.1,1.0456405805428381,1
2023-03-13,0.0065077074556563535,0.0065077074556563535,0.0,0.0,0.099560254380926,1.0454286412082403,0
2023-03-14,0.0025598387624908136,0.0025598387624908136,0.0,0.0,0.10005589773232963,1.045134916376427,0
2023-03-15,0.004638690547547705,0.004638690547547705,0.0,0.0,0.09990919466639021,1.0450196732717112,0
2023-03-16,0.005600398981869194,0.005600398981869194,0.0,0.0,0.09991397418880828,1.044811805174629,0
2023-03-17,0.004125141502576358,0.004107436885339299,0.03540923447411669,1.7704617237058345e-05,0.1,1.06203847002186,1
2023-03-20,0.00039202016396155037,0.00039202016396155037,0.0,0.0,0.09979476338608029,1.0618023254877886,0
2023-03-21,0.0007428420646703186,0.0007428420646703186,0.0,0.0,0.09699410390919498,1.0617781072240655,0
2023-03-22,0.0007438749212328927,0.0007438749212328927,0.0,0.0,0.09682814346725857,1.061732249912084,0
2023-03-23,0.004157218003870114,0.004157218003870114,0.0,0.0,0.09502010633266034,1.061686362973686,0
2023-03-24,0.0008466315848765025,0.00081603634652873,0.06119047669554503,3.0595238347772516e-05,0.1,1.1034963604428487,1
2023-03-27,-0.007141988410019063,-0.007141988410019063,0.0,0.0,0.09937157963844519,1.103442542806489,0
2023-03-28,-0.00018795259407337482,-0.00018795259407337482,0.0,0.0,0.09862281295529877,1.1041866426004199,0
2023-03-29,0.006347575682930611,0.006347575682930611,0.0,0.0,0.0985606237256658,1.104206228431372,0
2023-03-30,0.005452294780279709,0.005452294780279709,0.0,0.0,0.09831979101129447,1.103548943674511,0
2023-03-31,0.009237802714879131,0.00922213850893463,0.031328411889001234,1.5664205944500617e-05,0.1,1.1343158377590066,1
2023-04-03,0.0025622579464707616,0.0025622579464707616,0.0,0.0,0.09904490062532649,1.133103998455105,0
2023-04-04,0.0019336639293577335,0.0019336639293577335,0.0,0.0,0.09880025424651241,1.1327638232938666,0
2023-04-05,-0.0008334988251711578,-0.0008334988251711578,0.0,0.0,0.09857262430432497,1.1325075981309949,0
2023-04-06,0.0018832061476000324,0.001868741366355275,0.028929562489514643,1.4464781244757321e-05,0.1,1.1583996546202804,1
2023-04-10,-0.0048075019999724074,-0.0048075019999724074,0.0,0.0,0.09885755674827425,1.1581186365645852,0
2023-04-11,0.0006878101980918161,0.0006878101980918161,0.0,0.0,0.09330932700781518,1.1588824643296105,0
2023-04-12,-0.0013872353629607803,-0.0013872353629607803,0.0,0.0,0.093126339610629,1.158773258463255,0
2023-04-13,0.00778949893337637,0.00778949893337637,0.0,0.0,0.09305817904817387,1.158993820313286,0
2023-04-14,-0.006283328573076806,-0.006324982282198676,0.0833074182437393,4.165370912186965e-05,0.1,1.2410723289533285,1
2023-04-17,-0.002675223246028751,-0.002675223246028751,0.0,0.0,0.0998884555140066,1.2426487315905588,0
2023-04-18,0.001418768361808248,0.001418768361808248,0.0,0.0,0.10020671107193821,1.243299612369319,0
2023-04-19,-0.001980642523735526,-0.001980642523735526,0.0,0.0,0.09997824540908923,1.242954915621689,0
2023-04-20,0.00015671231393868878,0.00015671231393868878,0.0,0.0,0.10010786753728525,1.2434370774491386,0
2023-04-21,-0.001805242243323999,-0.0018137357261320353,0.01698696561607227,8.493482808036135e-06,0.09999999999999998,1.2413818830165053,1
2023-04-24,0.003038657495890661,0.003038657495890661,0.0,0.0,0.09969916556850257,1.2418289903787778,0
2023-04-25,-0.002493246983926566,-0.002493246983926566,0.0,0.0,0.09924904672390505,1.241096381053258,0
2023-04-26,-0.004087953192879811,-0.004087953192879811,0.0,0.0,0.09897849825027695,1.2416989963469183,0
2023-04-27,0.007250229399686531,0.007250229399686531,0.0,0.0,0.09950203904865716,1.2426911062295127,0
2023-04-28,0.0073349303164414225,0.007331146148179728,0.007568336523388425,3.784168261694212e-06,0.10000000000000002,1.2341584950962574,1
2023-05-01,-0.00793502725469339,-0.00793502725469339,0.0,0.0,0.10099175244875845,1.2324580949967703,0
2023-05-02,0.004025923360589865,0.004025923360589865,0.0,0.0,0.10079874652951952,1.2343174100316205,0
2023-05-03,0.00025722688029389024,0.00025722688029389024,0.0,0.0,0.09901843984884054,1.2333778486987002,0
2023-05-04,-0.0031045586716623662,-0.0031045586716623662,0.0,0.0,0.09585349066854262,1.2333178330803798,0
2023-05-05,0.005955509792378828,0.005915860301182503,0.0792989823926494,3.96494911963247e-05,0.1,1.2851040867424433,1
2023-05-08,-0.0027262518953991245,-0.0027262518953991245,0.0,0.0,0.09590918421082584,1.2834667863257117,0
2023-05-09,-0.002420779080793121,-0.002420779080793121,0.0,0.0,0.095247170037754,1.2842417008012723,0
2023-05-10,0.006538729042541021,0.006538729042541021,0.0,0.0,0.09442417751346542,1.284931456911624,0
2023-05-11,0.0004812464068583217,0.0004812464068583217,0.0,0.0,0.09445645665676897,1.2830804704183234,0
2023-05-12,-0.004205120644789794,-0.00425566731928784,0.10109334899609321,5.054667449804661e-05,0.1,1.3840376534845404,1
2023-05-15,0.000513060397569102,0.000513060397569102,0.0,0.0,0.10010397194953065,1.3857297375974091,0
2023-05-16,-0.0062257637045211416,-0.0062257637045211416,0.0,0.0,0.09910128543623245,1.3855319364288294,0
2023-05-17,0.00496531049293418,0.00496531049293418,0.0,0.0,0.10023557846235598,1.3879472040510812,0
2023-05-18,0.002471555980258752,0.002471555980258752,0.0,0.0,0.10071357463838869,1.3860304430416543,0
2023-05-19,-0.0005937337947645141,-0.0006116300000347648,0.03579241054050128,1.789620527025064e-05,0.1,1.4208711100195877,1
2023-05-22,0.0005478010436578645,0.0005478010436578645,0.0,0.0,0.09996977913195473,1.421146592115008,0
2023-05-23,-0.006298866830561365,-0.006298866830561365,0.0,0.0,0.09156775942226128,1.4209160138833101,0
2023-05-24,-0.007399497358195664,-0.007399497358195664,0.0,0.0,0.09268776275271592,1.4235841138077263,0
2023-05-25,0.004356916002051659,0.004356916002051659,0.0,0.0,0.09339449179152785,1.4267417885446947,0
2023-05-26,0.013090993952402371,0.013053439240399882,0.07510942400497883,3.755471200248942e-05,0.09532077819158784,1.5,1
2023-05-30,0.005850362874485957,0.005850362874485957,0.0,0.0,0.09794031143487557,1.4935944495553333,0
2023-05-31,-0.0013294113795145636,-0.0013294113795145636,0.0,0.0,0.09815353726182874,1.4907235387824045,0
2023-06-01,0.009509357080202323,0.009509357080202323,0.0,0.0,0.0972580837614887,1.4913767806662515,0
2023-06-02,0.0015460894309083288,0.0015332828669278827,0.02561312796089235,1.2806563980446175e-05,0.09826179387795012,1.4999999999999998,1
2023-06-05,6.372870865835865e-05,6.372870865835865e-05,0.0,0.0,0.0921023963635883,1.4992473192030866,0
2023-06-06,0.002225840646204851,0.002225840646204851,0.0,0.0,0.0918534624991819,1.4992155048436206,0
2023-06-07,-0.011155687128025575,-0.011155687128025575,0.0,0.0,0.08805955769890103,1.4981067984854008,0
2023-06-08,0.011140757527546199,0.011140757527546199,0.0,0.0,0.09168636341372968,1.5037262104877887,0
2023-06-09,5.605158661767869e-05,4.4164651884856316e-05,0.023773869465644748,1.1886934732822375e-05,0.09257377056936843,1.5,1
2023-06-12,0.006916672272138204,0.006916672272138204,0.0,0.0,0.09249134135531574,1.499989805059046,0
2023-06-13,0.0002341724059123313,0.0002341724059123313,0.0,0.0,0.09245185261951433,1.4965552948197829,0
2023-06-14,0.0034449957821717377,0.0034449957821717377,0.0,0.0,0.09213668354970118,1.496439042494813,0
2023-06-15,0.011517135685259125,0.011517135685259125,0.0,0.0,0.09191604058873953,1.4947346835965287,0
2023-06-16,-0.004581321269250461,-0.004600826409121206,0.03901027974149046,1.9505139870745232e-05,0.09351606882275705,1.5,1
2023-06-20,-0.0028271000573999814,-0.0028271000573999814,0.0,0.0,0.09423568457166995,1.502330641220107,0
2023-06-21,-0.004857242847212995,-0.004857242847212995,0.0,0.0,0.09467967770992433,1.5037548064623723,0
2023-06-22,-0.001747379958432803,-0.001747379958432803,0.0,0.0,0.09526350477728739,1.5062136088933313,0
2023-06-23,-0.0021313424054635742,-0.0021626128659979447,0.06254092106874123,3.127046053437061e-05,0.09540889403181829,1.5,1
2023-06-26,-0.003102860772150183,-0.003102860772150183,0.0,0.0,0.09507843290417833,1.5011149881813197,0
2023-06-27,0.00602015545909414,0.00602015545909414,0.0,0.0,0.09529839200608156,1.502674717844471,0
2023-06-28,0.0028038485915111,0.0028038485915111,0.0,0.0,0.09373675261009404,1.499666646952095,0
2023-06-29,-0.004465984693742752,-0.004465984693742752,0.0,0.0,0.09367497081528829,1.4982695745074193,0
2023-06-30,0.011977814180499027,0.011960335169519814,0.034958021958424706,1.7479010979212355e-05,0.09221058180753684,1.5,1
2023-07-03,-0.0008813994830061693,-0.0008813994830061693,0.0,0.0,0.09369082605201964,1.4941077843008719,0
2023-07-05,-0.0039837079059790986,-0.0039837079059790986,0.0,0.0,0.09045394996794628,1.4945436748402,0
2023-07-06,-0.009621465023151289,-0.009621465023151289,0.0,0.0,0.09088961979238261,1.4965216721510382,0
2023-07-07,-0.000589100611812974,-0.000605633654661926,0.03306608569790381,1.6533042848951908e-05,0.09278278795095164,1.5,1
2023-07-10,0.003113507876494431,0.003113507876494431,0.0,0.0,0.09258703345278473,1.5003195433964147,0
2023-07-11,0.006209000622272002,0.006209000622272002,0.0,0.0,0.09252087114396382,1.4987666295667261,0
2023-07-12,0.012946669301620948,0.012946669301620948,0.0,0.0,0.09225284174434305,1.4956888968974371,0
2023-07-13,0.010500299793502713,0.010500299793502713,0.0,0.0,0.09521298905917543,1.489353400252741,0
2023-07-14,-0.004748290638833825,-0.004763332674342896,0.03008407101814292,1.504203550907146e-05,0.09770856562387711,1.5000000000000002,1
2023-07-17,0.0038012181438192606,0.0038012181438192606,0.0,0.0,0.0963471526132535,1.5024081793319783,0
2023-07-18,0.007967693965690319,0.007967693965690319,0.0,0.0,0.09494482886968596,1.5005056481810288,0
2023-07-19,0.0033339141561603484,0.0033339141561603484,0.0,0.0,0.09546857231519525,1.496549295356747,0
2023-07-20,-0.011640794688221781,-0.011640794688221781,0.0,0.0,0.09551461211165493,1.4948993434298117,0
2023-07-21,-0.0004592259022072326,-0.00046910856434437894,0.0197653242742927,9.88266213714635e-06,0.098062573972858,1.5,1
2023-07-24,-0.0006549762407680114,-0.0006549762407680114,0.0,0.0,0.09806414321745224,1.50024455166559,0
2023-07-25,0.0027445336005900265,0.0027445336005900265,0.0,0.0,0.09800941356470705,1.500572414704005,0
2023-07-26,0.0019571882712893706,0.0019571882712893706,0.0,0.0,0.09791566895321753,1.4992023371162961,0
2023-07-27,-0.01231467687781955,-0.01231467687781955,0.0,0.0,0.09725543778734119,1.4982272126592424,0
2023-07-28,0.011218346757648441,0.011198867688037375,0.03895813922213234,1.9479069611066173e-05,0.10000000000000002,1.482118648180102,1
2023-07-31,0.002413598745251053,0.002413598745251053,0.0,0.0,0.10025721697326313,1.4767985236692889,0
2023-08-01,-0.00818770641903832,-0.00818770641903832,0.0,0.0,0.09896541467691851,1.4756504942332294,0
2023-08-02,-0.012917175682097121,-0.012917175682097121,0.0,0.0,0.09883608882960535,1.479577130987036,0
2023-08-03,-0.006597148144813382,-0.006597148144813382,0.0,0.0,0.10246160368858993,1.4858529792760147,0
2023-08-04,0.0038911230987462514,0.0038465053232107074,0.08923555107108835,4.461777553554418e-05,0.1,1.4225780755305872,1
2023-08-07,0.0024044503248752897,0.0024044503248752897,0.0,0.0,0.09969800424945562,1.4210033018644121,0
2023-08-08,-0.0011641315842676853,-0.0011641315842676853,0.0,0.0,0.0989983433847717,1.4199934484807673,0
2023-08-09,-0.004132228457092966,-0.004132228457092966,0.0,0.0,0.09875817467149588,1.4204829459588035,0
2023-08-10,-0.003449182583146405,-0.003449182583146405,0.0,0.0,0.09903059398750819,1.4222276872233202,0
2023-08-11,-0.0024049977984358937,-0.0024284873515878747,0.046979106303962154,2.3489553151981076e-05,0.09999999999999999,1.4447223472162145,1
2023-08-14,0.002588917577226779,0.002588917577226779,0.0,0.0,0.10017261787944075,1.4458285257050183,0
2023-08-15,-0.008349976703955597,-0.008349976703955597,0.0,0.0,0.09986917499211577,1.4446772928453773,0
2023-08-16,-0.00802426405649535,-0.00802426405649535,0.0,0.0,0.10147574043271809,1.4484216027821588,0
2023-08-17,-0.006390510696947534,-0.006390510696947534,0.0,0.0,0.10180027555728627,1.45204896302796,0
2023-08-18,0.0009420414920533586,0.000923903210179424,0.03627656374786911,1.8138281873934555e-05,0.1,1.424882596654773,1
2023-08-21,0.0024707274486559516,0.0024707274486559516,0.0,0.0,0.09992856015352289,1.4245085301428995,0
2023-08-22,0.0006569783300170921,0.0006569783300170921,0.0,0.0,0.10012314060940455,1.423462270288228,0
2023-08-23,0.015792798738895764,0.015792798738895764,0.0,0.0,0.10012191849495482,1.4231842474080767,0
2023-08-24,-0.01106535287270295,-0.01106535287270295,0.0,0.0,0.10382483990772354,1.416604890223143,0
2023-08-25,0.004570000766915501,0.004542787763435003,0.05442600696099584,2.721300348049792e-05,0.1,1.3676842999222174,1
2023-08-28,0.0050416859952566555,0.0050416859952566555,0.0,0.0,0.1001778151796191,1.3660486316808762,0
2023-08-29,0.014058064941749082,0.014058064941749082,0.0,0.0,0.09789604439689727,1.3642123871890859,0
2023-08-30,0.0024906387347823126,0.0024906387347823126,0.0,0.0,0.10110817531169296,1.359163246938929,0
2023-08-31,0.0005719978719806432,0.0005719978719806432,0.0,0.0,0.10112774042793254,1.3582709234993156,0
2023-09-01,-0.001955999879827181,-0.001962641098690912,0.013282437727461377,6.641218863730688e-06,0.10000000000000002,1.362705997259839,1
2023-09-05,-0.0071088917251095505,-0.0071088917251095505,0.0,0.0,0.10004773587246825,1.363425913112106,0
2023-09-06,-0.005001716356169514,-0.005001716356169514,0.0,0.0,0.10130573595681167,1.3660279662928438,0
2023-09-07,-0.000218867634149676,-0.000218867634149676,0.0,0.0,0.1018306394199628,1.3678679373721083,0
2023-09-08,0.0012380281008760514,0.0012236514842190243,0.028753233314054105,1.4376616657027053e-05,0.1,1.3691891603927462,1
2023-09-11,0.0036799169870642863,0.0036799169870642863,0.0,0.0,0.09775823264580157,1.3687523126946652,0
2023-09-12,-0.004264129391624039,-0.004264129391624039,0.0,0.0,0.09802038240977684,1.36740031005265,0
2023-09-13,0.0012660132676026638,0.0012660132676026638,0.0,0.0,0.09770942092873305,1.3689736614873331,0
2023-09-14,0.003206016950787578,0.003206016950787578,0.0,0.0,0.09772900715415028,1.368507126575882,0
2023-09-15,-0.007286702527503656,-0.007303144444845406,0.03288383468350106,1.6441917341750532e-05,0.09999999999999999,1.4002132967773864,1
2023-09-18,0.002909900998520155,0.002909900998520155,0.0,0.0,0.09845126278442831,1.403174177952749,0
2023-09-19,-0.0034500501773182405,-0.0034500501773182405,0.0,0.0,0.09826779089751334,1.4020043849914532,0
2023-09-20,-0.005003084722052689,-0.005003084722052689,0.0,0.0,0.09828217721537874,1.403396121853182,0
2023-09-21,-0.016165270165691536,-0.016165270165691536,0.0,0.0,0.09835137202581148,1.4054244949498114,0
2023-09-22,0.0021257842265335926,0.002102292478654704,0.04698349575777708,2.3491747878888538e-05,0.1,1.3651024803269367,1
2023-09-25,-0.003801467779518615,-0.003801467779518615,0.0,0.0,0.10002825479850826,1.3643599808275988,0
2023-09-26,-0.010400177184029916,-0.010400177184029916,0.0,0.0,0.10020837518801873,1.3657503690709691,0
2023-09-27,-0.0038822708369733836,-0.0038822708369733836,0.0,0.0,0.10168872899133019,1.369594214386784,0
2023-09-28,0.003963749204430625,0.003963749204430625,0.0,0.0,0.10189953671730123,1.3710346714713433,0
2023-09-29,-0.0032025024007675106,-0.003218715102400257,0.032425403265493064,1.621270163274653e-05,0.10000000000000003,1.3371443862466896,1
2023-10-02,-0.005451411009427594,-0.005451411009427594,0.0,0.0,0.09762246783546431,1.3382493271660483,0
2023-10-03,-0.01354722102867962,-0.01354722102867962,0.0,0.0,0.09825050624748294,1.3401033704239207,0
2023-10-04,0.0084583942547655,0.0084583942547655,0.0,0.0,0.10137776927188218,1.3447741013802839,0
2023-10-05,-0.0013645680200835542,-0.0013645680200835542,0.0,0.0,0.10195828154524067,1.341882325879261,0
2023-10-06,0.0055346104737290305,0.005522692253883489,0.023836439691082928,1.1918219845541464e-05,0.1,1.318513045347153,1
2023-10-09,0.012889135327792407,0.012889135327792407,0.0,0.0,0.10061540212078418,1.3167755099121865,0
2023-10-10,0.001648445688141923,0.001648445688141923,0.0,0.0,0.10332289206872532,1.312744503681216,0
2023-10-11,0.007263849027338247,0.007263849027338247,0.0,0.0,0.10049596365362613,1.312229809797546,0
2023-10-12,-0.008851484530298836,-0.008851484530298836,0.0,0.0,0.09996411977319937,1.3099781751316202,0
2023-10-13,0.005923555580912594,0.005897608951160243,0.05189325950470072,2.594662975235036e-05,0.1,1.3176814807972124,1
2023-10-16,0.001259621813557822,0.001259621813557822,0.0,0.0,0.10042428639815604,1.3158446989035348,0
2023-10-17,-0.003384801823820191,-0.003384801823820191,0.0,0.0,0.09919520487711281,1.3154473545347338,0
2023-10-18,-0.005321357642179931,-0.005321357642179931,0.0,0.0,0.09911439799476164,1.3165187076336051,0
2023-10-19,-0.004788210978683768,-0.004788210978683768,0.0,0.0,0.0976865108179317,1.318212027638714,0
2023-10-20,-0.004131322854355473,-0.004188072417947815,0.11349912718468455,5.674956359234228e-05,0.1,1.3409059506770027,1
2023-10-23,0.0023518973383397004,0.0023518973383397004,0.0,0.0,0.10005735176895132,1.342396682341908,0
2023-10-24,0.007159719651817505,0.007159719651817505,0.0,0.0,0.10006192803768302,1.3415932899923806,0
2023-10-25,-0.012971532008925538,-0.012971532008925538,0.0,0.0,0.10131491718800291,1.3391649639348877,0
2023-10-26,-0.0029224123903126304,-0.0029224123903126304,0.0,0.0,0.10210399163435711,1.3436222712250634,0
2023-10-27,0.0009881611281260059,0.0009702215048696295,0.035879246512752844,1.7939623256376422e-05,0.1,1.364851788372228,1
2023-10-30,0.003756299239794356,0.003756299239794356,0.0,0.0,0.09975795339849412,1.364516066668732,0
2023-10-31,0.0014975432184309583,0.0014975432184309583,0.0,0.0,0.09960423702493543,1.3631519592403076,0
2023-11-01,0.01185066775364068,0.01185066775364068,0.0,0.0,0.09744364265197747,1.3626089366862306,0
2023-11-02,0.01585293452644196,0.01585293452644196,0.0,0.0,0.10031138557366708,1.3583621064274638,0
2023-11-03,0.009235154540271073,0.009203072560703391,0.0641639591353653,3.208197956768265e-05,0.09999999999999999,1.3090324424574133,1
2023-11-06,-0.003045154159387083,-0.003045154159387083,0.0,0.0,0.1016063793418101,1.306246119180727,0
2023-11-07,0.004002824795743245,0.004002824795743245,0.0,0.0,0.10188591681124116,1.3071815343076107,0
2023-11-08,0.0009826556980487627,0.0009826556980487627,0.0,0.0,0.1021179389857619,1.3059568426713386,0
2023-11-09,-0.008026346028938735,-0.008026346028938735,0.0,0.0,0.10226016551728898,1.3056564875821701,0
2023-11-10,0.007886349482218839,0.007868533485002176,0.035631994433326236,1.781599721666312e-05,0.1,1.2724976482830592,1
2023-11-13,-0.00017523258961438205,-0.00017523258961438205,0.0,0.0,0.1015463851200493,1.270387907972455,0
2023-11-14,0.017109406664041205,0.017109406664041205,0.0,0.0,0.10045238797220808,1.27043529704988,0
2023-11-15,-0.002938051125727891,-0.002938051125727891,0.0,0.0,0.10518191458294608,1.2658861429045922,0
2023-11-16,0.005064463794965668,0.005064463794965668,0.0,0.0,0.10475482071662498,1.2666696319168427,0
2023-11-17,0.0012154088334496943,0.0011908974666387376,0.049022733621913395,2.4511366810956697e-05,0.1,1.2218353203642804,1
2023-11-20,0.004744215468065652,0.004744215468065652,0.0,0.0,0.09997580399566966,1.2215959336950366,0
2023-11-21,0.0007804467316642274,0.0007804467316642274,0.0,0.0,0.10051931625067749,1.2205495988765704,0
2023-11-22,0.0017650422976748033,0.0017650422976748033,0.0,0.0,0.09724861081407264,1.2203776058943183,0
2023-11-24,-0.0012345233279138627,-0.001258449538630599,0.047852421433472375,2.392621071673619e-05,0.1,1.2678417368809891,1
2023-11-27,0.003564657080142275,0.003564657080142275,0.0,0.0,0.09966986978240525,1.2682031832639438,0
2023-11-28,0.004864055744205306,0.004864055744205306,0.0,0.0,0.09951099481232985,1.2672505267814804,0
2023-11-29,0.003390591090226433,0.003390591090226433,0.0,0.0,0.09652861010567303,1.2659568976059692,0
2023-11-30,-0.0023121894866495124,-0.0023121894866495124,0.0,0.0,0.09663865068300789,1.2650581936561671,0
2023-12-01,0.010586648135062939,0.010565778125692137,0.04174001874160346,2.087000937080173e-05,0.10000000000000002,1.299129989637427,1
2023-12-04,-0.008587497268903666,-0.008587497268903666,0.0,0.0,0.1018306973273697,1.2960231447789936,0
2023-12-05,0.0033177044122816588,0.0033177044122816588,0.0,0.0,0.10277261598749833,1.2985872620766057,0
2023-12-06,0.00033254686094783334,0.00033254686094783334,0.0,0.0,0.10253437666603255,1.2975999135303915,0
2023-12-07,0.004701354289614134,0.004701354289614134,0.0,0.0,0.10256262926703662,1.2975009805131927,0
2023-12-08,-0.0023340174373594792,-0.0023495188378837,0.031002801048441164,1.5501400524220584e-05,0.09999999999999998,1.2651060667688458,1
2023-12-11,0.0004959933199456439,0.0004959933199456439,0.0,0.0,0.10016189313200717,1.2657459432691724,0
2023-12-12,0.0035572205957217513,0.0035572205957217513,0.0,0.0,0.09985711615529955,1.2656142004000912,0
2023-12-13,0.017677984027831477,0.017677984027831477,0.0,0.0,0.10008140867424535,1.2646727012161998,0
2023-12-14,0.006626900556281866,0.006626900556281866,0.0,0.0,0.1054204352923154,1.2600750977914066,0
2023-12-15,-0.001551660759478251,-0.0015783079256937017,0.05329433243090165,2.6647166215450824e-05,0.09999999999999999,1.20506861976885,1
2023-12-18,0.0024404622176033416,0.0024404622176033416,0.0,0.0,0.10025831621263553,1.205419482131806,0
2023-12-19,0.004933050990810252,0.004933050990810252,0.0,0.0,0.09993156504401705,1.2049193841172134,0
2023-12-20,-0.006091932900609583,-0.006091932900609583,0.0,0.0,0.09945063112325135,1.203913468579,0
2023-12-21,0.006079728780678202,0.006079728780678202,0.0,0.0,0.09603283990639241,1.2051633096953311,0
2023-12-22,0.0007903884163855154,0.0007709956884597648,0.03878545585150121,1.9392727925750608e-05,0.1,1.2427089659136505,1
2023-12-26,0.004092429924658053,0.004092429924658053,0.0,0.0,0.09966159855014252,1.242541360298513,0
2023-12-27,0.0050609456050236465,0.0050609456050236465,0.0,0.0,0.09721003065570831,1.241552822300146,0
2023-12-28,-0.0024742918081843077,-0.0024742918081843077,0.0,0.0,0.09709927830981943,1.2403364923852818,0
2023-12-29,-0.00377111943304505,-0.003785416054803546,0.02859324351699155,1.4296621758495775e-05,0.1,1.2695258735350512,1
2024-01-02,-0.007039262262599294,-0.007039262262599294,0.0,0.0,0.10021047473359838,1.2705643688625599,0
2024-01-03,-0.005638703339524979,-0.005638703339524979,0.0,0.0,0.10107009047531079,1.2724824442495868,0
2024-01-04,-0.004796192089927633,-0.004796192089927633,0.0,0.0,0.09780545430400912,1.2740276046188734,0
2024-01-05,-0.00056143378380699,-0.0005759561459988821,0.029044724383784193,1.4522362191892097e-05,0.1,1.2959121105401685,1
2024-01-08,0.009889473425218398,0.009889473425218398,0.0,0.0,0.09987914381663213,1.2960971718883227,0
2024-01-09,-0.0005201328316294239,-0.0005201328316294239,0.0,0.0,0.10102553418776178,1.2931976019950548,0
2024-01-10,0.002446123159755712,0.002446123159755712,0.0,0.0,0.09915535083766912,1.293350183056427,0
2024-01-11,0.0026808631528818876,0.0026808631528818876,0.0,0.0,0.09918746972946976,1.2926343633628647,0
2024-01-12,0.002433200042905424,0.002417986560786046,0.030426964238755766,1.5213482119377883e-05,0.1,1.3134065551695588,1
2024-01-16,-0.007038089056079823,-0.007038089056079823,0.0,0.0,0.09775080346028003,1.3126657470772274,0
2024-01-17,-0.006287439630502009,-0.006287439630502009,0.0,0.0,0.09928748817171615,1.3148819140303218,0
2024-01-18,0.006031537121198503,0.006031537121198503,0.0,0.0,0.10066403419558094,1.3168742416954429,0
2024-01-19,0.008589741821794748,0.008569001413718958,0.04148081615157992,2.074040807578996e-05,0.09999999999999998,1.303768564938197,1
2024-01-22,0.0014384259913091653,0.0014384259913091653,0.0,0.0,0.09974793397852398,1.3012082514140817,0
2024-01-23,0.0008638639039299548,0.0008638639039299548,0.0,0.0,0.09859355312571537,1.3007756079620374,0
2024-01-24,-0.0011046384007486433,-0.0011046384007486433,0.0,0.0,0.09775294212594372,1.3005160030344627,0
2024-01-25,0.005616313802021711,0.005616313802021711,0.0,0.0,0.09802064729457695,1.3008483316544093,0
2024-01-26,-0.002278311729442197,-0.0022912278280847517,0.025832197285109243,1.2916098642554621e-05,0.1,1.3231294149259134,1
2024-01-29,0.008153881310900425,0.008153881310900425,0.0,0.0,0.09545987774848012,1.3238844240299767,0
2024-01-30,-0.00033082386218363487,-0.00033082386218363487,0.0,0.0,0.09545710471070329,1.3212648684234898,0
2024-01-31,-0.007594725783605944,-0.007594725783605944,0.0,0.0,0.09559444238471027,1.3213711856803312,0
2024-02-01,0.012813535866351325,0.012813535866351325,0.0,0.0,0.09753032792272082,1.3238305902133445,0
2024-02-02,-9.266411136978547e-05,-0.00010563152559485207,0.0259348284501332,1.29674142250666e-05,0.1,1.316866006473431,1
2024-02-05,-0.006847483844389421,-0.006847483844389421,0.0,0.0,0.09821456055593532,1.3169124498332117,0
2024-02-06,0.0040326959097932305,0.0040326959097932305,0.0,0.0,0.09572303354982592,1.3190974645666171,0
2024-02-07,0.0042215349408977025,0.0042215349408977025,0.0,0.0,0.09444032681357845,1.3178158100493638,0
2024-02-08,-0.0006608569162966307,-0.0006608569162966307,0.0,0.0,0.09417019041078126,1.3164797796016878,0
2024-02-09,0.003423695032254168,0.003382622768128367,0.0821445282516026,4.10722641258013e-05,0.1,1.3988335940127141,1
2024-02-12,-0.0017060525030000635,-0.0017060525030000635,0.0,0.0,0.10004170179719381,1.3975299723413843,0
2024-02-13,-0.01580015852502686,-0.01580015852502686,0.0,0.0,0.09786725108846063,1.3982093383798453,0
2024-02-14,0.007447250572889208,0.007447250572889208,0.0,0.0,0.10290038331678993,1.4046021159514392,0
2024-02-15,0.006062900331621985,0.006062900331621985,0.0,0.0,0.10337057469143208,1.4016112165886208,0
2024-02-16,-0.005106983336813422,-0.005125497083728394,0.03702749382994383,1.8513746914971916e-05,0.1,1.4309690713797578,1
2024-02-20,-0.0017280817004625584,-0.0017280817004625584,0.0,0.0,0.10053154044794525,1.4332079914233613,0
2024-02-21,-0.0023628290382365362,-0.0023628290382365362,0.0,0.0,0.100378385454834,1.4339579061397325,0
2024-02-22,0.015629987540006947,0.015629987540006947,0.0,0.0,0.10068823908685877,1.4349857029899749,0
2024-02-23,0.003175087120141818,0.0031452543755402613,0.0596654892031136,2.98327446015568e-05,0.1,1.388840723563912,1
2024-02-26,-0.0031747440417999187,-0.0031747440417999187,0.0,0.0,0.10001338930371263,1.3876512943786852,0
2024-02-27,6.754936058964915e-06,6.754936058964915e-06,0.0,0.0,0.10048251493095844,1.388885907596768,0
2024-02-28,0.00015318730962452713,0.00015318730962452713,0.0,0.0,0.10032473735914937,1.3888832807150724,0
2024-02-29,0.005553679194513942,0.005553679194513942,0.0,0.0,0.10018556778937082,1.3888237178558156,0
2024-03-01,0.011880260916564776,0.011873414233062332,0.013693367004887491,6.846683502443746e-06,0.1,1.3840393365332446,1
2024-03-04,0.0009013977762199084,0.0009013977762199084,0.0,0.0,0.10197521833463408,1.3795397505406648,0
2024-03-05,-0.0032315310166899946,-0.0032315310166899946,0.0,0.0,0.10165087710266643,1.379197942358675,0
2024-03-06,0.006000312429012437,0.006000312429012437,0.0,0.0,0.09989880743673898,1.3804273049943605,0
2024-03-07,0.007619802832804508,0.007619802832804508,0.0,0.0,0.09801204641850335,1.3781582374222223,0
2024-03-08,-0.0031448709417548877,-0.0031706898052501304,0.05163772699048502,2.5818863495242512e-05,0.1,1.4083537136434465,1
2024-03-11,-0.0009814346101024948,-0.0009814346101024948,0.0,0.0,0.10033354640469051,1.4096784959374409,0
2024-03-12,0.0024293625844040738,0.0024293625844040738,0.0,0.0,0.1002074997342866,1.4100809635880502,0
2024-03-13,-0.0015302645505151167,-0.0015302645505151167,0.0,0.0,0.09996171000222044,1.4090871425900813,0
2024-03-14,-0.006066800756765453,-0.006066800756765453,0.0,0.0,0.10006158606281103,1.4097141135739293,0
2024-03-15,-0.005323579500840107,-0.0053346621847882615,0.022165367896308796,1.1082683948154398e-05,0.10000000000000003,1.3974152381692855,1
2024-03-18,0.003963560735049322,0.003963560735049322,0.0,0.0,0.0930045525218114,1.3995578268829423,0
2024-03-19,0.003727359758648944,0.003727359758648944,0.0,0.0,0.0920409012736464,1.3979804073669837,0
2024-03-20,0.008546094713628934,0.008546094713628934,0.0,0.0,0.09199888692825255,1.3965024999046354,0
2024-03-21,0.0019671750915581944,0.0019671750915581944,0.0,0.0,0.09315658216927537,1.3931426654497336,0
2024-03-22,-0.0002012560254123941,-0.00025562567855962114,0.10873930629445408,5.436965314722704e-05,0.09871330307007407,1.5,1
2024-03-25,-0.002515951960256589,-0.002515951960256589,0.0,0.0,0.0976321690172593,1.5001822290748579,0
2024-03-26,-0.000192922519018927,-0.000192922519018927,0.0,0.0,0.09715594742060937,1.5014438376812307,0
2024-03-27,0.008763006967528655,0.008763006967528655,0.0,0.0,0.0971493865135487,1.5015405961564312,0
2024-03-28,0.0013118175147278797,0.001297642606002371,0.02834981745101739,1.4174908725508694e-05,0.09860534590603352,1.4999999999999998,1
2024-04-01,-0.003551386257924893,-0.003551386257924893,0.0,0.0,0.0977731288793588,1.4993661760826442,0
2024-04-02,-0.0019914301806774983,-0.0019914301806774983,0.0,0.0,0.09784846328557761,1.5011459388832087,0
2024-04-03,0.0030710292887193985,0.0030710292887193985,0.0,0.0,0.09719805854156945,1.5021459274382136,0
2024-04-04,-0.00662119806065622,-0.00662119806065622,0.0,0.0,0.09550732615765921,1.5006085439375978,0
2024-04-05,0.005464175817829199,0.005445809070008574,0.03673349564125131,1.8366747820625655e-05,0.09589052794166861,1.5,1
2024-04-08,0.0018586581708361092,0.0018586581708361092,0.0,0.0,0.09514469769713718,1.4973101108356253,0
2024-04-09,0.004936394802451364,0.004936394802451364,0.0,0.0,0.09497430158254103,1.4963874961599863,0
2024-04-10,-0.014936969872120311,-0.014936969872120311,0.0,0.0,0.09314562614806156,1.4939491680541288,0
2024-04-11,0.008643875826626499,0.008643875826626499,0.0,0.0,0.09888074127973388,1.5014391495232595,0
2024-04-12,-0.008991203463453609,-0.009012213425601021,0.0420199242948239,2.1009962147411952e-05,0.09970360337572269,1.5000000000000002,1
2024-04-15,-0.008838650368415638,-0.008838650368415638,0.0,0.0,0.10156572151778392,1.5045682870528578,0
2024-04-16,-0.0028701876380987975,-0.0028701876380987975,0.0,0.0,0.10329917699405017,1.509067758988389,0
2024-04-17,-0.0027927893031572506,-0.0027927893031572506,0.0,0.0,0.1017909167162107,1.5105330847370417,0
2024-04-18,-0.0020581902805974456,-0.0020581902805974456,0.0,0.0,0.10066461192314996,1.5119628892176622,0
2024-04-19,-0.004716407943147316,-0.004726580885990644,0.020345885686655157,1.0172942843327578e-05,0.09912705982449,1.4999999999999998,1
2024-04-22,0.0016968948676362922,0.0016968948676362922,0.0,0.0,0.09798717389695984,1.502384735028844,0
2024-04-23,0.007713742570984931,0.007713742570984931,0.0,0.0,0.0981223754748937,1.5015336850926633,0
2024-04-24,-0.0020940764811987972,-0.0020940764811987972,0.0,0.0,0.09921042952009174,1.4976945970917277,0
2024-04-25,-0.003365489393052337,-0.003365489393052337,0.0,0.0,0.0993736460965781,1.498738994690766,0
2024-04-26,0.008582867145391134,0.008568408461991927,0.02891736679841403,1.4458683399207015e-05,0.0983604510658993,1.5,1
2024-04-29,0.0043701972241165,0.0043701972241165,0.0,0.0,0.0995359807141364,1.4957665285648714,0
2024-04-30,-0.01636489485462657,-0.01636489485462657,0.0,0.0,0.0982935312811258,1.4936093583173546,0
2024-05-01,0.00296106130370958,0.00296106130370958,0.0,0.0,0.10412906959892357,1.5018216163039477,0
2024-05-02,0.008055316613758143,0.008055316613758143,0.0,0.0,0.10288774281269857,1.5003400786583374,0
2024-05-03,0.011508659524305387,0.011489430144995032,0.03845875862071099,1.9229379310355496e-05,0.1,1.4890640532756658,1
2024-05-06,0.00823283989874855,0.00823283989874855,0.0,0.0,0.10235074243940952,1.483527823503669,0
2024-05-07,0.0010690551432850815,0.0010690551432850815,0.0,0.0,0.10175290978034739,1.479579522079669,0
2024-05-08,-0.002644871397395224,-0.002644871397395224,0.0,0.0,0.10135950085960858,1.479067372640967,0
2024-05-09,0.00624315585969327,0.00624315585969327,0.0,0.0,0.10146639090707985,1.4803378043608089,0
2024-05-10,5.53113799548503e-05,3.0048977321430962e-05,0.05052480526683867,2.5262402633419335e-05,0.1,1.4652364135353,1
2024-05-13,-0.0007296841031144859,-0.0007296841031144859,0.0,0.0,0.09994465241432841,1.4652476957204756,0
2024-05-14,0.005962531669475549,0.005962531669475549,0.0,0.0,0.09996298388819032,1.4655874274649068,0
2024-05-15,0.01406496058299771,0.01406496058299771,0.0,0.0,0.09417900794204483,1.4628278020377428,0
2024-05-16,-0.002716143513608312,-0.002716143513608312,0.0,0.0,0.09676142254493143,1.456408435384315,0
2024-05-17,0.0012124552294677047,0.0011912809707126913,0.04234851751002669,2.1174258755013344e-05,0.09923845958219903,1.4999999999999998,1
2024-05-20,0.0016448837265427717,0.0016448837265427717,0.0,0.0,0.09836260511381864,1.499426217309799,0
2024-05-21,0.0020486061820350985,0.0020486061820350985,0.0,0.0,0.09830457916374513,1.4986060683020932,0
2024-05-22,-0.00449492297375152,-0.00449492297375152,0.0,0.0,0.09797334470477059,1.4975867090937454,0
2024-05-23,-0.009059827336609684,-0.009059827336609684,0.0,0.0,0.09489060447723756,1.4998334218245535,0
2024-05-24,0.006026988501330802,0.006000613603099736,0.052749796462131765,2.637489823106588e-05,0.09808839570351068,1.4999999999999998,1
2024-05-28,-0.0024708656907565857,-0.0024708656907565857,0.0,0.0,0.09825803359736372,1.4970438070682013,0
2024-05-29,-0.008920731853531462,-0.008920731853531462,0.0,0.0,0.09860896887712559,1.4982749776149524,0
2024-05-30,-0.00022423714118946763,-0.00022423714118946763,0.0,0.0,0.10064912459007334,1.5027599644444525,0
2024-05-31,0.004932884816560345,0.00492704066749498,0.011688298130729441,5.844149065364721e-06,0.09936403158643689,1.5,1
2024-06-03,0.0076227550596886596,0.0076227550596886596,0.0,0.0,0.0969921558791656,1.4975543735164596,0
2024-06-04,0.002568779404804474,0.002568779404804474,0.0,0.0,0.09786036301777279,1.493790330774126,0
2024-06-05,0.012425654980427225,0.012425654980427225,0.0,0.0,0.09773771684058431,1.4925251423321548,0
2024-06-06,0.000126218334647546,0.000126218334647546,0.0,0.0,0.0998676833168988,1.4864803058963147,0
2024-06-07,-0.011398154826157095,-0.01141535528336892,0.034400914423650675,1.7200457211825337e-05,0.09982943622541852,1.5,1
2024-06-10,0.0019255754129504864,0.0019255754129504864,0.0,0.0,0.10263139989269775,1.505790984241453,0
2024-06-11,0.00564184311150377,0.00564184311150377,0.0,0.0,0.10259927700957132,1.5048189173462188,0
2024-06-12,0.009087639854362579,0.009087639854362579,0.0,0.0,0.10289615555157212,1.5019867866518808,0
2024-06-13,0.004401782428635061,0.004401782428635061,0.0,0.0,0.10399989775173844,1.497465994850884,0
2024-06-14,0.003576791392234778,0.0035563141032402407,0.04095457798907459,2.0477288994537296e-05,0.09999999999999999,1.4543312762912866,1
2024-06-17,0.002210188770350514,0.002210188770350514,0.0,0.0,0.09930411853546638,1.452741662022506,0
2024-06-18,0.004652372419962841,0.004652372419962841,0.0,0.0,0.09923595950282083,1.4517432242212502,0
2024-06-20,-0.0025754290814565296,-0.0025754290814565296,0.0,0.0,0.09917117775791313,1.449651279012173,0
2024-06-21,-0.0025242413195308345,-0.002541053124152971,0.03362360924427349,1.6811804622136743e-05,0.09999999999999999,1.4770054979774492,1
2024-06-24,-0.0023677470049683546,-0.0023677470049683546,0.0,0.0,0.10020109714486966,1.4782375367689655,0
2024-06-25,0.00379549709043564,0.00379549709043564,0.0,0.0,0.10034732375117422,1.47937256973522,0
2024-06-26,-0.004253670247491244,-0.004253670247491244,0.0,0.0,0.10027155781349727,1.4775599921744136,0
2024-06-27,0.0038799845413587247,0.0038799845413587247,0.0,0.0,0.10089107401951336,1.479600052649062,0
2024-06-28,-0.0070379140769374245,-0.007045066205301952,0.014304256729054776,7.152128364527388e-06,0.1,1.4833929181256778,1
2024-07-01,-0.0016765941840151083,-0.0016765941840151083,0.0,0.0,0.10126279684358715,1.486829818556488,0
2024-07-02,0.007189988656702215,0.007189988656702215,0.0,0.0,0.10089014057798475,1.487647405360165,0
2024-07-03,0.008866927532759654,0.008866927532759654,0.0,0.0,0.10126893590280647,1.4841662554753392,0
2024-07-05,0.008793034357304982,0.008778927226373913,0.028214261862138018,1.4107130931069008e-05,0.09999999999999999,1.4525757870452023,1
2024-07-08,-0.00038062223877685284,-0.00038062223877685284,0.0,0.0,0.09996093322195988,1.4486512177851736,0
2024-07-09,-0.0005653021935998911,-0.0005653021935998911,0.0,0.0,0.09979802971189325,1.4488220494384432,0
2024-07-10,0.007365091819298234,0.007365091819298234,0.0,0.0,0.09987302725084454,1.449075913037176,0
2024-07-11,-0.0015132525024720172,-0.0015132525024720172,0.0,0.0,0.10038311508459477,1.445792609535582,0
2024-07-12,0.005513438373996409,0.005486147547717506,0.05458165255780634,2.729082627890317e-05,0.09905274510174168,1.4999999999999998,1
2024-07-15,-0.0004803852526499225,-0.0004803852526499225,0.0,0.0,0.09854952052081463,1.4972990349452318,0
2024-07-16,0.00902209085781069,0.00902209085781069,0.0,0.0,0.09648695476440479,1.4975380448846267,0
2024-07-17,-0.011735936313381226,-0.011735936313381226,0.0,0.0,0.09434727125533662,1.4930893479860774,0
2024-07-18,-0.0069562119383980185,-0.0069562119383980185,0.0,0.0,0.0976434637404129,1.498944933954856,0
2024-07-19,-0.008153567636360323,-0.008165958505417169,0.02478173811369419,1.2390869056847095e-05,0.09947614360575581,1.5000000000000002,1
2024-07-22,0.007324362139272294,0.007324362139272294,0.0,0.0,0.10111766561024943,1.5041290880837224,0
2024-07-23,-0.0009501712822273379,-0.0009501712822273379,0.0,0.0,0.10070016594394969,1.500463512083729,0
2024-07-24,-0.019070261635913178,-0.019070261635913178,0.0,0.0,0.10072749294239947,1.5009394904016422,0
2024-07-25,-0.0042677636892733736,-0.0042677636892733736,0.0,0.0,0.10785876063187427,1.5106782584011242,0
2024-07-26,0.00975142080612635,0.009700896776225067,0.10104805980256518,5.052402990128259e-05,0.1,1.4118189939881516,1
2024-07-29,0.0012480453632137396,0.0012480453632137396,0.0,0.0,0.10099089141808222,1.4079124019133498,0
2024-07-30,-0.001777520667584106,-0.001777520667584106,0.0,0.0,0.09999122186722934,1.4074039433109453,0
2024-07-31,0.016517851143137446,0.016517851143137446,0.0,0.0,0.09984322546927271,1.408129401757618,0
2024-08-01,-0.007720243098732335,-0.007720243098732335,0.0,0.0,0.0990405868361141,1.4014975253987436,0
2024-08-02,-0.003068331171124857,-0.003082397189372362,0.028132036495009893,1.4066018247504946e-05,0.1,1.416771202891855,1
2024-08-05,-0.016604925056821342,-0.016604925056821342,0.0,0.0,0.09913885256906713,1.4180739388441455,0
2024-08-06,-0.0007930666585646616,-0.0007930666585646616,0.0,0.0,0.10311476496379468,1.4251332445083702,0
2024-08-07,-0.005124923430167801,-0.005124923430167801,0.0,0.0,0.10238347727346397,1.425470671111826,0
2024-08-08,0.014116480919496672,0.014116480919496672,0.0,0.0,0.10293296667826896,1.4276624082078526,0
2024-08-09,0.004344640037656276,0.00429492485483753,0.09943036563749261,4.971518281874631e-05,0.1,1.3850800376593444,1
2024-08-12,0.0038641760136432996,0.0038641760136432996,0.0,0.0,0.09985733880207621,1.383482723362194,0
2024-08-13,0.011525043811959719,0.011525043811959719,0.0,0.0,0.10003624343388817,1.3820065826883159,0
2024-08-14,0.0015918848938205245,0.0015918848938205245,0.0,0.0,0.10241130738565156,1.3776541026099698,0
2024-08-15,0.007173117373704813,0.007173117373704813,0.0,0.0,0.10199521458574427,1.3770538762402262,0
2024-08-16,0.00598836828859671,0.005958389416614953,0.05995774396351325,2.9978871981756627e-05,0.10000000000000002,1.4030599417519867,1
2024-08-19,0.005767391015966768,0.005767391015966768,0.0,0.0,0.10019525682388473,1.4007023798049265,0
2024-08-20,0.001511995376640375,0.001511995376640375,0.0,0.0,0.10077944751830734,1.3984046245525623,0
2024-08-21,0.00265157676565566,0.00265157676565566,0.0,0.0,0.10068066179660774,1.3978031480319248,0
2024-08-22,-0.009064451987138405,-0.009064451987138405,0.0,0.0,0.100704090791887,1.396751131948702,0
2024-08-23,0.009732541394802705,0.00972140855416968,0.02226568126605083,1.1132840633025415e-05,0.1,1.3781146792370245,1
2024-08-26,-0.002912327320900119,-0.002912327320900119,0.0,0.0,0.09981644564443681,1.3744852875993783,0
2024-08-27,0.001229345965562996,0.001229345965562996,0.0,0.0,0.09980516370890882,1.3755790968643353,0
2024-08-28,-0.004645338530906254,-0.004645338530906254,0.0,0.0,0.0996033051353051,1.3751179471294215,0
2024-08-29,0.0001646494220177588,0.0001646494220177588,0.0,0.0,0.09854522113568709,1.376868629495105,0
2024-08-30,0.001200097447235461,0.001191912603066587,0.016369688337747823,8.184844168873911e-06,0.10000000000000002,1.3930998018250222,1
2024-09-03,-0.008242353208380243,-0.008242353208380243,0.0,0.0,0.10006259623126208,1.392639994111741,0
2024-09-04,0.0036736350427670726,0.0036736350427670726,0.0,0.0,0.10052610607237408,1.3959031678575395,0
2024-09-05,0.0030232451920291056,0.0030232451920291056,0.0,0.0,0.10035577246753823,1.394454087498941,0
2024-09-06,-0.009426576085373246,-0.009440532732332935,0.027913293919379828,1.3956646959689914e-05,0.1,1.417878551781599,1
2024-09-09,0.00721423875608747,0.00721423875608747,0.0,0.0,0.10162878981625657,1.4218752353972877,0
2024-09-10,0.004488526779562864,0.004488526779562864,0.0,0.0,0.09959651026000357,1.4188535260564872,0
2024-09-11,0.005743695440872475,0.005743695440872475,0.0,0.0,0.09991411634142615,1.4169818916691375,0
2024-09-12,0.005817566824523856,0.005817566824523856,0.0,0.0,0.1004424823596989,1.4146005523667253,0
2024-09-13,0.005608570983112042,0.005577167335137355,0.06280729594937279,3.14036479746864e-05,0.09999999999999999,1.4417297865318917,1
2024-09-16,0.0027801308978408095,0.0027801308978408095,0.0,0.0,0.10023788084118572,1.439311078781323,0
2024-09-17,-0.0019512712704316448,-0.0019512712704316448,0.0,0.0,0.09994621897143217,1.4380931225551756,0
2024-09-18,-0.005217188572390406,-0.005217188572390406,0.0,0.0,0.10021399244703193,1.4389496323619702,0
2024-09-19,0.011121167216861757,0.011121167216861757,0.0,0.0,0.1007463188225072,1.441251725823484,0
2024-09-20,0.0010240690854567717,0.0010077550794536743,0.03262801200619489,1.6314006003097443e-05,0.1,1.4121705372488589,1
2024-09-23,0.00024251067808386915,0.00024251067808386915,0.0,0.0,0.0996655030786359,1.4117718860451238,0
2024-09-24,0.003966016072431103,0.003966016072431103,0.0,0.0,0.09969550038262812,1.4116720511768448,0
2024-09-25,-0.0030949907320413266,-0.0030949907320413266,0.0,0.0,0.09988008767552294,1.4100458029319838,0
2024-09-26,0.003592311265185769,0.003592311265185769,0.0,0.0,0.09959083939045668,1.411318830901538,0
2024-09-27,1.833948189690869e-05,1.3018293417839763e-05,0.010642376958137856,5.3211884790689275e-06,0.1,1.420092529487298,1
2024-09-30,-0.0017014775373510801,-0.0017014775373510801,0.0,0.0,0.09850033347631203,1.4200923817898885,0
2024-10-01,-0.0008188155517081015,-0.0008188155517081015,0.0,0.0,0.09858149544382935,1.420808377792231,0
2024-10-02,-0.0016040873608572958,-0.0016040873608572958,0.0,0.0,0.09784792173435185,1.4211532246021872,0
2024-10-03,-0.003978989674367225,-0.003978989674367225,0.0,0.0,0.0969773833347401,1.421829876575634,0
2024-10-04,-0.0008049434793878526,-0.0008314645368256078,0.053042114875510554,2.652105743775528e-05,0.1,1.4765571534164386,1
2024-10-07,-0.008163690504576604,-0.008163690504576604,0.0,0.0,0.10053203489406244,1.4769802666503615,0
2024-10-08,0.004852379011251183,0.004852379011251183,0.0,0.0,0.10214642559678637,1.4809062363254433,0
2024-10-09,0.00014172792974701535,0.00014172792974701535,0.0,0.0,0.10203509090643878,1.4785839655359552,0
2024-10-10,-0.00023660171266939433,-0.00023660171266939433,0.0,0.0,0.10232500994481006,1.4785161464331706,0
2024-10-11,0.0037993162547457354,0.0037862722463242056,0.026088016843059475,1.3044008421529737e-05,0.10000000000000002,1.4601291488748047,1
2024-10-14,0.0031740507665174575,0.0031740507665174575,0.0,0.0,0.10017074490259245,1.458406540919808,0
2024-10-15,-0.00033250768593119694,-0.00033250768593119694,0.0,0.0,0.09881903455989303,1.4569561389367507,0
2024-10-16,0.0037717488168752056,0.0037717488168752056,0.0,0.0,0.096505563054828,1.457108130903578,0
2024-10-17,-0.0034100359222227856,-0.0034100359222227856,0.0,0.0,0.09548939241992131,1.4553905122776785,0
2024-10-18,0.005213010243137576,0.00519148460505787,0.04305127615941129,2.1525638079705644e-05,0.09820351504629676,1.4999999999999998,1
2024-10-21,-0.006198063905470461,-0.006198063905470461,0.0,0.0,0.098157662159528,1.4974390783210219,0
2024-10-22,0.0018024910241523505,0.0018024910241523505,0.0,0.0,0.09959201429929038,1.5005414663165904,0
2024-10-23,-0.008818167466327978,-0.008818167466327978,0.0,0.0,0.093869073925285,1.4996408681364743,0
2024-10-24,0.005887236339564656,0.005887236339564656,0.0,0.0,0.09534870330601361,1.5040859827497908,0
2024-10-25,-0.0005472707567865675,-0.0005666553278768109,0.038769142180486604,1.93845710902433e-05,0.09595379308577415,1.4999999999999996,1
2024-10-28,0.000907720299838152,0.000907720299838152,0.0,0.0,0.09619790736082624,1.5003028838657846,0
2024-10-29,0.004509410095099848,0.004509410095099848,0.0,0.0,0.09617040179347405,1.4998491606358184,0
2024-10-30,-0.0011375822923555567,-0.0011375822923555567,0.0,0.0,0.09121176048834545,1.4976052544779013,0
2024-10-31,-0.01262102209720405,-0.01262102209720405,0.0,0.0,0.08998977835658771,1.4981719660850674,0
2024-11-01,-0.002176943952318472,-0.0022138090069906058,0.07373010934426769,3.6865054672133845e-05,0.09445055550983689,1.5,1
2024-11-04,0.004319319008922773,0.004319319008922773,0.0,0.0,0.08887646302346144,1.5011463072635125,0
2024-11-05,0.00794553842035735,0.00794553842035735,0.0,0.0,0.08855184232886916,1.4989910059263332,0
2024-11-06,-0.001121393924399803,-0.001121393924399803,0.0,0.0,0.08874361070994863,1.4950575074803618,0
2024-11-07,0.012580794205578078,0.012580794205578078,0.0,0.0,0.08591186340858162,1.495613285207245,0
2024-11-08,0.003728846555974997,0.003701636881093305,0.05441934976338397,2.7209674881691987e-05,0.0897114192356056,1.5,1
2024-11-11,-0.0053741607035037164,-0.0053741607035037164,0.0,0.0,0.08949914584238662,1.4981831166766535,0
2024-11-12,-0.007824084197707028,-0.007824084197707028,0.0,0.0,0.08757769721364138,1.5008748988755616,0
2024-11-13,-0.003414917943303333,-0.003414917943303333,0.0,0.0,0.08953320298657431,1.5048246897532729,0
2024-11-14,-0.0033176528439794782,-0.0033176528439794782,0.0,0.0,0.08888145700595941,1.506554531913566,0
2024-11-15,-0.008816614133534148,-0.008838965133781218,0.04470200049413925,2.2351000247069624e-05,0.0895478074331603,1.5,1
2024-11-18,0.006799122850723998,0.006799122850723998,0.0,0.0,0.09034894530411579,1.5044814449023787,0
2024-11-19,0.0054440740674111116,0.0054440740674111116,0.0,0.0,0.09123845956159686,1.5010745772939824,0
2024-11-20,-3.066324045876748e-05,-3.066324045876748e-05,0.0,0.0,0.09166172399637572,1.4983614605901863,0
2024-11-21,0.003540476252146493,0.003540476252146493,0.0,0.0,0.08912737117932212,1.4983767424360785,0
2024-11-22,0.0033012844066600327,0.003291009264178275,0.02055028496351574,1.027514248175787e-05,0.08677626825616208,1.4999999999999998,1
2024-11-25,0.0044669215407541095,0.0044669215407541095,0.0,0.0,0.0866536014044425,1.4983701344131382,0
2024-11-26,0.0013660710013880095,0.0013660710013880095,0.0,0.0,0.08669100272571482,1.4961538540748431,0
2024-11-27,0.0007690600840131391,0.0007690600840131391,0.0,0.0,0.0859882108919084,1.4954769973169537,0
2024-11-29,0.008137027964881357,0.008109169041340689,0.05571784708133598,2.785892354066799e-05,0.08631370030183386,1.5,1
2024-12-02,0.0016398813962092548,0.0016398813962092548,0.0,0.0,0.08748440833286816,1.4960056651394622,0
2024-12-03,-0.0008624703696410617,-0.0008624703696410617,0.0,0.0,0.08483847164820155,1.4951936063568758,0
2024-12-04,0.008138262572297094,0.008138262572297094,0.0,0.0,0.08482368246009513,1.49562106483987,0
2024-12-05,-0.0019458803819882887,-0.0019458803819882887,0.0,0.0,0.08591234842823159,1.4916201311269321,0
2024-12-06,0.0035601239051324925,0.0035236417947680804,0.07296422072882433,3.648211036441217e-05,0.085336974138704,1.5,1
2024-12-09,-0.0043963447441473635,-0.0043963447441473635,0.0,0.0,0.08413010923786272,1.4982807193421632,0
2024-12-10,-0.000770740640207669,-0.000770740640207669,0.0,0.0,0.08442440347329198,1.5004810063841258,0
2024-12-11,0.005538158813626326,0.005538158813626326,0.0,0.0,0.08338261648197329,1.5008670449710255,0
2024-12-12,-0.008703521600118181,-0.008703521600118181,0.0,0.0,0.08321823377265573,1.4981084413166066,0
2024-12-13,-0.003407328578392008,-0.003415447786875947,0.01623841696787809,8.119208483939044e-06,0.08483077766845765,1.4999999999999998,1
2024-12-16,0.005944404932719556,0.005944404932719556,0.0,0.0,0.08532674588883647,1.5017217235588407,0
2024-12-17,-0.0029625129178666677,-0.0029625129178666677,0.0,0.0,0.08593253862204427,1.4987569105197192,0
2024-12-18,-0.02665521318063232,-0.02665521318063232,0.0,0.0,0.08535803369948812,1.5002388746478823,0
2024-12-19,-0.003998855473608071,-0.003998855473608071,0.0,0.0,0.09774734960441664,1.5139380016433133,0
2024-12-20,0.010315354804390324,0.010287985494295512,0.054738620189622805,2.7369310094811406e-05,0.09518402657426568,1.5,1
2024-12-23,0.00013963503461782677,0.00013963503461782677,0.0,0.0,0.09730117335565584,1.4949354802684807,0
2024-12-24,0.008581817747502697,0.008581817747502697,0.0,0.0,0.09717372749177716,1.494866379584436,0
2024-12-26,0.0015866785547010453,0.0015866785547010453,0.0,0.0,0.098440410492426,1.4906556621153815,0
2024-12-27,-0.009645026791892405,-0.009663735854145167,0.03741812450552498,1.870906225276249e-05,0.09740710378569037,1.5,1
2024-12-30,-0.003955803893419473,-0.003955803893419473,0.0,0.0,0.09938804919820979,1.5048979090889991,0
2024-12-31,-0.0028389385267526815,-0.0028389385267526815,0.0,0.0,0.09944288327678547,1.506903118418425,0
2025-01-02,0.00215239308798958,0.00215239308798958,0.0,0.0,0.09943118325792982,1.5083462822640756,0
2025-01-03,0.005618058247111745,0.005611979101661019,0.01215829090145304,6.07914545072652e-06,0.09921097200645883,1.4999999999999998,1
2025-01-06,0.0034762830101690663,0.0034762830101690663,0.0,0.0,0.09965840145691958,1.4972157149441665,0
2025-01-07,-0.009814622602531874,-0.009814622602531874,0.0,0.0,0.09997209367306893,1.4954932402115653,0
2025-01-08,0.002142319450079925,0.002142319450079925,0.0,0.0,0.10032800547689498,1.5004045217410542,0
2025-01-10,-0.00996717597654836,-0.009975869408775227,0.01738686445373569,8.693432226867846e-06,0.09910799579046822,1.4999999999999996,1
2025-01-13,-0.0016590603923532397,-0.0016590603923532397,0.0,0.0,0.10111793147032186,1.5050469761112089,0
2025-01-14,0.001154759452968074,0.001154759452968074,0.0,0.0,0.10118680411620014,1.5058862719880994,0
2025-01-15,0.018310930893415837,0.018310930893415837,0.0,0.0,0.1008337299615501,1.5053027688391714,0
2025-01-16,0.000403094441443927,0.000403094441443927,0.0,0.0,0.10690151057123798,1.4962165813106254,0
2025-01-17,0.005572193182529042,0.005532254829041324,0.07987670697543564,3.993835348771782e-05,0.1,1.4161399327848385,1
2025-01-21,0.008558942084618229,0.008558942084618229,0.0,0.0,0.10056082088202738,1.4138901254928762,0
2025-01-22,0.0029441055777946795,0.0029441055777946795,0.0,0.0,0.10165912939794355,1.4103777263006514,0
2025-01-23,0.0005305343682139252,0.0005305343682139252,0.0,0.0,0.10156751164543656,1.4091730775607216,0
2025-01-24,0.0005996188929967386,0.000579923892891157,0.03939000021116318,1.969500010558159e-05,0.1,1.4158869101096627,1
2025-01-27,-0.006984084300177851,-0.006984084300177851,0.0,0.0,0.09984543501873896,1.4156655507254507,0
2025-01-28,0.005793008419680468,0.005793008419680468,0.0,0.0,0.0989212019115937,1.4185890116700828,0
2025-01-29,-0.00292563203342563,-0.00292563203342563,0.0,0.0,0.09915646567909411,1.4161780884993198,0
2025-01-30,0.005888407070778382,0.005888407070778382,0.0,0.0,0.09937860709339746,1.4173992451015163,0
2025-01-31,-0.0034802232054778432,-0.003488295152624721,0.016143894293755456,8.071947146877729e-06,0.1,1.424957000187757,1
2025-02-03,-0.0012752604213073148,-0.0012752604213073148,0.0,0.0,0.10005934528777814,1.426452664898694,0
2025-02-04,0.007199733680811376,0.007199733680811376,0.0,0.0,0.09991966238035122,1.4269971975247064,0
2025-02-05,0.007371796635626108,0.007371796635626108,0.0,0.0,0.09755197685994144,1.4239449070982624,0
2025-02-06,0.0007560802303016982,0.0007560802303016982,0.0,0.0,0.09828765072147524,1.420842541466948,0
2025-02-07,-0.007222334218277495,-0.00723230147336013,0.01993451016526937,9.967255082634685e-06,0.1,1.4357042304523513,1
2025-02-10,0.006494603311029714,0.006494603311029714,0.0,0.0,0.10015728149251521,1.4388883707176157,0
2025-02-11,-0.002280998203292751,-0.002280998203292751,0.0,0.0,0.10088443916051304,1.4360563576534042,0
2025-02-12,-0.004693847525388151,-0.004693847525388151,0.0,0.0,0.09850493006122656,1.4370532753893106,0
2025-02-13,0.012281773923520038,0.012281773923520038,0.0,0.0,0.09894730466010798,1.4391144114830123,0
2025-02-14,0.00029338029978080715,0.0002667263162797029,0.05330796700220852,2.665398350110426e-05,0.10000000000000002,1.4000117181595706,1
2025-02-18,0.0005923748164731076,0.0005923748164731076,0.0,0.0,0.09878582202874585,1.3999316998340114,0
2025-02-19,0.0015118475885502968,0.0015118475885502968,0.0,0.0,0.09854049016961884,1.3996949306228386,0
2025-02-20,-0.0007894859097483529,-0.0007894859097483529,0.0,0.0,0.09820851633093919,1.3990915650026787,0
2025-02-21,-0.006163308106775976,-0.006182727099472113,0.03883798539227226,1.941899269613613e-05,0.10000000000000002,1.4362219089762793,1
2025-02-24,-0.0012684988486404683,-0.0012684988486404683,0.0,0.0,0.1000068514438699,1.4389552686036273,0
2025-02-25,-0.00046084331290621163,-0.00046084331290621163,0.0,0.0,0.09944651961040252,1.4395127900717961,0
2025-02-26,0.0026759374232035046,0.0026759374232035046,0.0,0.0,0.09921710273472462,1.4397154299872872,0
2025-02-27,-0.013657762201056174,-0.013657762201056174,0.0,0.0,0.09910438489791634,1.4385419192539124,0
2025-02-28,0.010044972151322714,0.010026691106853804,0.03656208893782051,1.8281044468910254e-05,0.1,1.4156156598109082,1
2025-03-03,-0.005955790557799743,-0.005955790557799743,0.0,0.0,0.1017223978124876,1.4115078784699224,0
2025-03-04,-0.005214504710867949,-0.005214504710867949,0.0,0.0,0.1020681601880742,1.4139734174406957,0
2025-03-05,0.003486462476628427,0.003486462476628427,0.0,0.0,0.10256113789328891,1.4161433991559915,0
2025-03-06,-0.011865442097018493,-0.011865442097018493,0.0,0.0,0.10193423624833674,1.4146975716333428,0
2025-03-07,0.002319546411203485,0.002287193646985406,0.06470552843615793,3.235276421807897e-05,0.1,1.3888883205837237,1
2025-03-10,-0.012200401801868502,-0.012200401801868502,0.0,0.0,0.1002033244245162,1.3880331663550345,0
2025-03-11,-0.003394381282913513,-0.003394381282913513,0.0,0.0,0.10125794431093996,1.3928257989402457,0
2025-03-12,0.002430108647619076,0.002430108647619076,0.0,0.0,0.10137483701587963,1.3941637409649803,0
2025-03-13,-0.0024294592292686806,-0.0024294592292686806,0.0,0.0,0.10152412659875201,1.3932082023122265,0
2025-03-14,0.008450948661536305,0.00843566411418626,0.03056909470009042,1.528454735004521e-05,0.1,1.3964897179534284,1
2025-03-17,0.005486192246469644,0.005486192246469644,0.0,0.0,0.10200982445847963,1.393188198921019,0
2025-03-18,-0.003520624364983174,-0.003520624364983174,0.0,0.0,0.1023747389446371,1.3910428626001845,0
2025-03-19,0.008893545475749668,0.008893545475749668,0.0,0.0,0.10084252988183963,1.3924244416508753,0
2025-03-20,-0.001599924925849577,-0.001599924925849577,0.0,0.0,0.10206317267970366,1.3889651622915529,0
2025-03-21,-0.0025742333564862238,-0.0025962386899375826,0.044010666902717405,2.2005333451358702e-05,0.1,1.3968176151847367,1
2025-03-24,0.004435520438437431,0.004435520438437431,0.0,0.0,0.10019736184160462,1.3978725927371178,0
2025-03-25,0.002052497925672164,0.002052497925672164,0.0,0.0,0.09054779324265526,1.3961156138359643,0
2025-03-26,-0.008407301638076962,-0.008407301638076962,0.0,0.0,0.0901875082062546,1.3953042526773345,0
2025-03-27,-0.0002238053951918249,-0.0002238053951918249,0.0,0.0,0.09003474222151109,1.398655872850177,0
2025-03-28,-0.003923996573359704,-0.003974624016280688,0.1012548858419679,5.0627442920983956e-05,0.09688802469464475,1.5,1
2025-03-31,0.007688364153263235,0.007688364153263235,0.0,0.0,0.09534957061395682,1.502046071817245,0
2025-04-01,0.004674002118656749,0.004674002118656749,0.0,0.0,0.096221757768707,1.4982156087900278,0
2025-04-02,0.003259450321889441,0.003259450321889441,0.0,0.0,0.09465820118835414,1.4958977815086194,0
2025-04-03,-0.02273011953553114,-0.02273011953553114,0.0,0.0,0.09476058885390475,1.4942866786348374,0
2025-04-04,-0.02807086906713084,-0.028096042303242957,0.05034647222423286,2.5173236112116425e-05,0.1,1.487727968867913,1
2025-04-07,-0.015525158713451833,-0.015525158713451833,0.0,0.0,0.11298653429232672,1.5018532317328095,0
2025-04-08,-0.011740865564976808,-0.011740865564976808,0.0,0.0,0.11790153194934103,1.509767452337298,0
2025-04-09,0.056719503553348816,0.056719503553348816,0.0,0.0,0.11987819192711885,1.51582366868658,0
2025-04-10,-0.02388259628809982,-0.02388259628809982,0.0,0.0,0.16883088429622672,1.4881367921686501,0
2025-04-11,0.007192792783587894,0.006942297420431924,0.5009907263119417,0.0002504953631559709,0.1,0.999089274630981,1
2025-04-14,0.00379943132730006,0.00379943132730006,0.0,0.0,0.10129805062393657,0.9993443219064744,0
2025-04-15,0.0016231336613367433,0.0016231336613367433,0.0,0.0,0.10169301079186004,0.9993468036810316,0
2025-04-16,0.0007973805479004588,0.0007973805479004588,0.0,0.0,0.10163699142646405,0.9993478621878663,0
2025-04-17,-0.0010405512241560212,-0.0010607349501595424,0.04036745200704231,2.0183726003521156e-05,0.10000000000000002,1.0172955491538436,1
2025-04-21,-0.005622197547139122,-0.005622197547139122,0.0,0.0,0.10008477102396493,1.0173341197865349,0
2025-04-22,0.005169038179337356,0.005169038179337356,0.0,0.0,0.099745386463638,1.0174321266462067,0
2025-04-23,0.0031656235810170507,0.0031656235810170507,0.0,0.0,0.10062966400747099,1.017342482691052,0
2025-04-24,0.010842552334561937,0.010842552334561937,0.0,0.0,0.10162654670821654,1.0172877561624811,0
2025-04-25,0.002318713390617268,0.002300403707251249,0.036619366732038805,1.83096833660194e-05,0.1,0.9957771671685653,1
2025-04-28,0.003469087748834355,0.003469087748834355,0.0,0.0,0.10042006894351341,0.9958051267538983,0
2025-04-29,0.0024280381279065365,0.0024280381279065365,0.0,0.0,0.10036151607783618,0.9958196288283155,0
2025-04-30,-0.0029628938380555584,-0.0029628938380555584,0.0,0.0,0.10053363466733317,0.9958297543437717,0
2025-05-01,-0.0019457450920792583,-0.0019457450920792583,0.0,0.0,0.1007059863610597,0.9958173616303193,0
2025-05-02,0.0009507215851174073,0.0009472657134837135,0.006911743267387568,3.455871633693784e-06,0.09999999999999999,0.9917064948201169,1
2025-05-05,0.0010700101109882751,0.0010700101109882751,0.0,0.0,0.10063932178172623,0.9917177961394996,0
2025-05-06,0.0023298972021252753,0.0023298972021252753,0.0,0.0,0.10034263114355026,0.9917266487090328,0
2025-05-07,7.376775086122777e-05,7.376775086122777e-05,0.0,0.0,0.09958888821404643,0.9917458799602195,0
2025-05-08,-0.00352937227738195,-0.00352937227738195,0.0,0.0,0.09921574737988159,0.9917464888031772,0
2025-05-09,0.0011279193299189843,0.0011135236369162007,0.02879138600556698,1.4395693002783488e-05,0.09999999999999999,0.9976306201043806,1
2025-05-12,0.0035430029838392813,0.0035430029838392813,0.0,0.0,0.09956556228585817,0.9976476352111783,0
2025-05-13,0.001968601359079498,0.001968601359079498,0.0,0.0,0.10135555637643966,0.9976559402219662,0
2025-05-14,-0.0036821900439138193,-0.0036821900439138193,0.0,0.0,0.10182054949894652,0.9976605456749302,0
2025-05-15,0.004987382109383854,0.004987382109383854,0.0,0.0,0.10213120099651445,0.9976518995227307,0
2025-05-16,0.0005572575971445011,0.0005403154659618924,0.03388426236521737,1.6942131182608682e-05,0.09999999999999999,1.0169325885705196,1
2025-05-19,0.0009379279380809743,0.0009379279380809743,0.0,0.0,0.10026582191242317,1.0169403775537107,0
2025-05-20,-0.0003319111062652922,-0.0003319111062652922,0.0,0.0,0.10027470088420576,1.0169245035889563,0
2025-05-21,-0.007352141976571724,-0.007352141976571724,0.0,0.0,0.1001086087062061,1.0169301228847725,0
2025-05-22,0.0008994040135366473,0.0008994040135366473,0.0,0.0,0.10067631457543212,1.017055517470701,0
2025-05-23,0.0011483466111265749,0.0011415548101226338,0.013583602007881876,6.791801003940938e-06,0.1,1.004426151725065,1
2025-05-27,0.006685217667603339,0.006685217667603339,0.0,0.0,0.0995803322914172,1.0044278888482556,0
2025-05-28,-0.00253315524382355,-0.00253315524382355,0.0,0.0,0.101327379241154,1.00439848402514,0
2025-05-29,0.0037846058452223204,0.0037846058452223204,0.0,0.0,0.10123301846987363,1.004409654364216,0
2025-05-30,-6.526984184476313e-05,-6.820578196050769e-05,0.0058718802314891155,2.9359401157445577e-06,0.1,1.0037348995980697,1
2025-06-02,0.001708822976850418,0.001708822976850418,0.0,0.0,0.09921091986533126,1.0037380904975708,0
2025-06-03,0.00029778229634889835,0.00029778229634889835,0.0,0.0,0.09944613525376729,1.0037317136595263,0
2025-06-04,0.005138175147102112,0.005138175147102112,0.0,0.0,0.09951453829007866,1.0037306027520723,0
2025-06-05,-0.0022797455561730158,-0.0022797455561730158,0.0,0.0,0.09985250261705107,1.003711532249311,0
2025-06-06,-0.0025115414610196066,-0.0025159236896432546,0.008764457247296367,4.382228623648184e-06,0.10000000000000002,1.0070155552611,1
2025-06-09,0.001236049622527666,0.001236049622527666,0.0,0.0,0.10077461923191272,1.0070376436641375,0
2025-06-10,0.002772485939488278,0.002772485939488278,0.0,0.0,0.10012282560657818,1.0070289555263126,0
2025-06-11,0.0009855442664556088,0.0009855442664556088,0.0,0.0,0.10027839319708994,1.007009521725885,0
2025-06-12,0.004873436596545943,0.004873436596545943,0.0,0.0,0.10006573074482963,1.007002620333565,0
2025-06-13,-0.003893045109078154,-0.0038982912612632956,0.010492304370283298,5.246152185141649e-06,0.09999999999999999,0.9991215384183421,1
2025-06-16,-0.0008520035626550322,-0.0008520035626550322,0.0,0.0,0.09969217393506265,0.9991233672005456,0
2025-06-17,0.0006114862516544499,0.0006114862516544499,0.0,0.0,0.10012982885173963,0.9991226196693782,0
2025-06-18,0.00021445909488239942,0.00021445909488239942,0.0,0.0,0.09959126990280853,0.9991231558475222,0
2025-06-20,-0.00027290378694556455,-0.0002775437046659224,0.009279835440715672,4.639917720357836e-06,0.1,1.0011929104013624,1
2025-06-23,0.003796668275830155,0.003796668275830155,0.0,0.0,0.09982654260639086,1.0011978827839083,0
2025-06-24,0.0033871550721928296,0.0033871550721928296,0.0,0.0,0.10030033534685714,1.001193352022144,0
2025-06-25,0.0008316289450763699,0.0008316289450763699,0.0,0.0,0.10098405728987948,1.0011893235986842,0
2025-06-26,0.003592319861819128,0.003592319861819128,0.0,0.0,0.10101780282023957,1.0011883353446152,0
2025-06-27,-0.0023323619350134835,-0.002335529468534494,0.006335067042020998,3.1675335210104987e-06,0.09999999999999999,1.0015518341574539,1
2025-06-30,0.005195609074802319,0.005195609074802319,0.0,0.0,0.100450621109086,1.0015586419451687,0
2025-07-01,2.5688465335685392e-05,2.5688465335685392e-05,0.0,0.0,0.10091536628464293,1.0015505857079932,0
2025-07-02,0.0006845668876506827,0.0006845668876506827,0.0,0.0,0.10044209134435418,1.0015505458768488,0
2025-07-03,-0.0004852281387721944,-0.0004900384764777905,0.009620675411192367,4.8103377055961835e-06,0.1,0.9966136477280685,1
2025-07-07,-0.004122166679036941,-0.004122166679036941,0.0,0.0,0.100454029890442,0.9966168001676827,0
2025-07-08,-0.001461884572158878,-0.001461884572158878,0.0,0.0,0.09767858726250457,0.9966027963279037,0
2025-07-09,0.00464913562375924,0.00464913562375924,0.0,0.0,0.09225145397046135,0.9965978227374519,0
2025-07-10,0.0003962022935996573,0.0003962022935996573,0.0,0.0,0.09018975662555354,0.996613566725028,0
2025-07-11,-0.003261106421806769,-0.00330359105542656,0.08496926723958151,4.248463361979076e-05,0.09999999999999999,1.0764826368880593,1
2025-07-14,-1.1348794722836713e-05,-1.1348794722836713e-05,0.0,0.0,0.06949597396803762,1.076778767170149,0
2025-07-15,-0.0033995332501077116,-0.0033995332501077116,0.0,0.0,0.05865185630180512,1.0767796385265056,0
2025-07-16,0.002324321914787596,0.002324321914787596,0.0,0.0,0.05783101741138901,1.0770415438163488,0
2025-07-17,0.0015041168327766695,0.0015041168327766695,0.0,0.0,0.05735272517450583,1.0768628897173451,0
2025-07-18,0.0010590653787096273,0.0008474391050006492,0.42325254741795637,0.0002116262737089782,0.09273818697496938,1.5,1
2025-07-21,0.0062068072048143685,0.0062068072048143685,0.0,0.0,0.09133423596056851,1.4997880863051605,0
2025-07-22,0.002588552163633929,0.002588552163633929,0.0,0.0,0.09144124618121642,1.4967051333050942,0
2025-07-23,0.00013165069484256237,0.00013165069484256237,0.0,0.0,0.08518694548277993,1.495422705788113,0
2025-07-24,-0.0013645719097587724,-0.0013645719097587724,0.0,0.0,0.08249225213655163,1.4953574916301446,0
2025-07-25,0.002733491929702159,0.0026728737902674327,0.12123627886945194,6.0618139434725974e-05,0.08592725799407189,1.5,1
2025-07-28,-0.002012277121350267,-0.002012277121350267,0.0,0.0,0.07794577904547548,1.4987275822563382,0
2025-07-29,0.003918695819678114,0.003918695819678114,0.0,0.0,0.0779312173506728,1.499733183909098,0
2025-07-30,-0.004362255513598357,-0.004362255513598357,0.0,0.0,0.07782138108020697,1.497782525606893,0
2025-07-31,-0.0011906708657455935,-0.0011906708657455935,0.0,0.0,0.07852439765205438,1.4999634941156974,0
2025-08-01,-0.0021163577590541903,-0.0021362655208836175,0.039815523658854685,1.9907761829427343e-05,0.0787487920993982,1.5,1
2025-08-04,0.011150709088639882,0.011150709088639882,0.0,0.0,0.07842761387373917,1.5010903698417695,0
2025-08-05,-0.0024457321761665817,-0.0024457321761665817,0.0,0.0,0.08048621036940742,1.495564474551382,0
2025-08-06,0.0037920190728267886,0.0037920190728267886,0.0,0.0,0.08061077534226942,1.4967794640711198,0
2025-08-07,0.0005620596387371814,0.0005620596387371814,0.0,0.0,0.08080646801615816,1.4949027832777355,0
2025-08-08,0.0032123265767098974,0.0031961712014898958,0.03231075044000299,1.6155375220001493e-05,0.07943998762756611,1.5,1
2025-08-11,-0.0027654616262275077,-0.0027654616262275077,0.0,0.0,0.0793979860443924,1.4984231097855667,0
2025-08-12,0.00548347086446564,0.00548347086446564,0.0,0.0,0.07998076237101012,1.4998053021693007,0
2025-08-13,0.004779454755419849,0.004779454755419849,0.0,0.0,0.07528801097870319,1.4970795807708235,0
2025-08-14,-0.0038555465152251495,-0.0038555465152251495,0.0,0.0,0.07510974266933053,1.494715112274883,0
2025-08-15,-0.003296822169313397,-0.0033435268368889317,0.09340933515106889,4.670466757553444e-05,0.07764746375543408,1.4999999999999998,1
2025-08-18,-0.0012646645385595947,-0.0012646645385595947,0.0,0.0,0.07727722229737036,1.5017242331056817,0
2025-08-19,-0.004234450986757983,-0.004234450986757983,0.0,0.0,0.07742247995140694,1.5023595494134319,0
2025-08-20,-0.0003955425368741446,-0.0003955425368741446,0.0,0.0,0.07810629961659024,1.5044958122032308,0
2025-08-21,-0.004808370516335621,-0.004808370516335621,0.0,0.0,0.07787883027608344,1.5046954407182014,0
2025-08-22,0.014828240717726173,0.014806494699917213,0.043492035617919284,2.174601780895964e-05,0.07310603181327659,1.5000000000000004,1
2025-08-25,-0.0038553343939164153,-0.0038553343939164153,0.0,0.0,0.07785343912451774,1.492726198176006,0
2025-08-26,0.004035101412992944,0.004035101412992944,0.0,0.0,0.07847498929454369,1.4946331744658965,0
2025-08-27,0.0016652138946083761,0.0016652138946083761,0.0,0.0,0.0734219048727582,1.4926453007168696,0
2025-08-28,0.005240452841006081,0.005240452841006081,0.0,0.0,0.07241602949110854,1.491826304720515,0
2025-08-29,-0.005371000408287221,-0.005385597267202444,0.02919371783044669,1.4596858915223346e-05,0.07349072179265984,1.5000000000000002,1
2025-09-02,-0.003353933735830108,-0.003353933735830108,0.0,0.0,0.07453425149820476,1.5027220553865674,0
2025-09-03,0.008404623925117559,0.008404623925117559,0.0,0.0,0.07453042697808966,1.5044138259341873,0
2025-09-04,0.007080964773403508,0.007080964773403508,0.0,0.0,0.07579141284488175,1.5002097510925776,0
2025-09-05,0.005558191043278711,0.005546030207568365,0.02432167142069286,1.2160835710346429e-05,0.07560984738292947,1.5,1
2025-09-08,0.007071377766995707,0.007071377766995707,0.0,0.0,0.07495603496703394,1.4972543730618642,0
2025-09-09,-0.0008789289269948074,-0.0008789289269948074,0.0,0.0,0.07566489830853661,1.493762789847566,0
2025-09-10,0.0032472260603371703,0.0032472260603371703,0.0,0.0,0.07587092456484938,1.4941971540218746,0
2025-09-11,0.006332585267852894,0.006332585267852894,0.0,0.0,0.07549411980616655,1.492597578328268,0
2025-09-12,-0.00015687956178856723,-0.00017688276825822126,0.04000641293930807,2.0003206469654035e-05,0.0765297030198284,1.5,1
2025-09-15,0.006736035744006143,0.006736035744006143,0.0,0.0,0.07577754934733084,1.5001084637759716,0
2025-09-16,4.3458556156298494e-05,4.3458556156298494e-05,0.0,0.0,0.07390405624575934,1.4967622554668738,0
2025-09-17,-0.003007575786933353,-0.003007575786933353,0.0,0.0,0.0739248365793602,1.4967406678346655,0
2025-09-18,0.0011769071394471043,0.0011769071394471043,0.0,0.0,0.07412458173936207,1.4982391598679867,0
2025-09-19,0.004619706252052337,0.0046011329243714275,0.03714665536181927,1.8573327680909635e-05,0.07517320866016505,1.5,1
2025-09-22,0.004807980543294813,0.004807980543294813,0.0,0.0,0.07512631469110896,1.497728458529743,0
2025-09-23,-0.0013409531605003998,-0.0013409531605003998,0.0,0.0,0.07423717182244648,1.4953468405581567,0
2025-09-24,-0.004684627211698883,-0.004684627211698883,0.0,0.0,0.07334090499213837,1.496011969376138,0
2025-09-25,-0.0029986153959806108,-0.0029986153959806108,0.0,0.0,0.07445054928277314,1.4983465371248088,0
2025-09-26,0.004340496268456116,0.004328581414984847,0.023829706942539358,1.1914853471269679e-05,0.07451868870216741,1.4999999999999998,1
2025-09-29,0.006946629717519713,0.006946629717519713,0.0,0.0,0.07447899025770138,1.497856900725668,0
2025-09-30,0.0025828749016198103,0.0025828749016198103,0.0,0.0,0.07381707692250096,1.4944223318621488,0
2025-10-01,0.003986180252865166,0.003986180252865166,0.0,0.0,0.07370905983270785,1.493148590744346,0
2025-10-02,0.001540217845420432,0.001540217845420432,0.0,0.0,0.073768195158257,1.4911906164088244,0
2025-10-03,-0.000680747703827147,-0.000686448161535766,0.011400915417237978,5.700457708618989e-06,0.0743830921384709,1.5,1
2025-10-06,0.003938612577005283,0.003938612577005283,0.0,0.0,0.07221107763020164,1.5003491642216145,0
2025-10-07,-0.0006400905779576339,-0.0006400905779576339,0.0,0.0,0.0719570021994033,1.498386214010905,0
2025-10-08,0.00713946993256386,0.00713946993256386,0.0,0.0,0.07086669257231441,1.498705430658246,0
2025-10-09,-0.005054732041110089,-0.005054732041110089,0.0,0.0,0.07175196710890586,1.495170178060481,0
2025-10-10,-0.013723595906520853,-0.013744992440420323,0.04279306779893827,2.1396533899469133e-05,0.07191639995841385,1.5,1
2025-10-13,0.015740380592217915,0.015740380592217915,0.0,0.0,0.07762352424921158,1.5069899698366733,0
2025-10-14,-6.892907341397609e-05,-6.892907341397609e-05,0.0,0.0,0.08182504834942235,1.4991334198420638,0
2025-10-15,0.005766015856535566,0.005766015856535566,0.0,0.0,0.08168130484311886,1.4991678270178586,0
2025-10-16,0.001312246392771479,0.001312246392771479,0.0,0.0,0.08199852167068498,1.4963061180713633,0
2025-10-17,0.0009399406053518073,0.0008727781492554994,0.13432491219261591,6.716245609630796e-05,0.07705725427752458,1.5,1
2025-10-20,0.012477384377924314,0.012477384377924314,0.0,0.0,0.07643157860644209,1.4996310953533833,0
2025-10-21,-0.00781961164901835,-0.00781961164901835,0.0,0.0,0.07954593844623294,1.4934738326628023,0
2025-10-22,-0.003805544512495343,-0.003805544512495343,0.0,0.0,0.08145635468364446,1.4973630183146058,0
2025-10-23,0.0027683753124855214,0.0027683753124855214,0.0,0.0,0.08189246738241586,1.4992629858306257,0
2025-10-24,0.0056537214937853585,0.005622503025323769,0.062436936923179226,3.121846846158961e-05,0.0796905154327017,1.4999999999999998,1
2025-10-27,0.006422323871430835,0.006422323871430835,0.0,0.0,0.07987762874757795,1.4972355103074593,0
2025-10-28,0.0022875984586361127,0.0022875984586361127,0.0,0.0,0.08042202029756636,1.494062481041488,0
2025-10-29,-0.0035276102275918443,-0.0035276102275918443,0.0,0.0,0.07965434063802705,1.4929348440520267,0
2025-10-30,-0.007176131304976692,-0.007176131304976692,0.0,0.0,0.08038891023837635,1.4946798818626692,0
2025-10-31,0.0007272281864611819,0.0007065257157864836,0.04140494134939644,2.070247067469822e-05,0.08068117474320353,1.4999999999999998,1
2025-11-03,0.0001242281970521618,0.0001242281970521618,0.0,0.0,0.07836896425062667,1.499667674409357,0
2025-11-04,-0.008902596868394274,-0.008902596868394274,0.0,0.0,0.07817929918508067,1.4996056093052759,0
2025-11-05,0.0003286726973051983,0.0003286726973051983,0.0,0.0,0.08045550333999892,1.5040933491770376,0
2025-11-06,-0.004261691302078288,-0.004261691302078288,0.0,0.0,0.08067908862373069,1.5039277218934362,0
2025-11-07,7.181012641416361e-05,6.321964258763457e-05,0.01718096765305807,8.590483826529036e-06,0.08079696608574277,1.5,1
2025-11-10,0.013005069166845091,0.013005069166845091,0.0,0.0,0.08052384744253781,1.4999769821177151,0
2025-11-11,0.0025277213541633407,0.0025277213541633407,0.0,0.0,0.0838050012847184,1.4935582232860152,0
2025-11-12,0.0014611306763061013,0.0014611306763061013,0.0,0.0,0.08335696669456176,1.4923137912030426,0
2025-11-13,-0.01407881978568057,-0.01407881978568057,0.0,0.0,0.08271675434668595,1.4915955059289951,0
2025-11-14,-0.0032238845309664286,-0.003251116868084896,0.05446467423693542,2.723233711846771e-05,0.0854541302238579,1.5,1
2025-11-17,-0.005421665934136583,-0.005421665934136583,0.0,0.0,0.08582151161425088,1.5016581817137007,0
2025-11-18,-0.004114317338765842,-0.004114317338765842,0.0,0.0,0.08628973436291518,1.5043928311437356,0
2025-11-19,0.001969686279615266,0.001969686279615266,0.0,0.0,0.08670039446325833,1.5064766367520042,0
2025-11-20,-0.007983811753403583,-0.007983811753403583,0.0,0.0,0.08602883995683432,1.5054809977660981,0
2025-11-21,0.0066649957721334205,0.006659544451044953,0.010902642176935262,5.451321088467631e-06,0.08290722434396014,1.5000000000000002,1
2025-11-24,0.013422738452300085,0.013422738452300085,0.0,0.0,0.08323897250082314,1.4966976711016566,0
2025-11-25,0.0060672872521635056,0.0060672872521635056,0.0,0.0,0.08703513189884693,1.490118932855418,0
2025-11-26,0.0061943921527450796,0.0061943921527450796,0.0,0.0,0.08762125763200229,1.487163173940446,0
2025-11-28,0.0029119798081842754,0.002882044779408393,0.059870057551764944,2.993502877588247e-05,0.08600021995419109,1.5,1
2025-12-01,-0.006268953823322666,-0.006268953823322666,0.0,0.0,0.08522901859109962,1.4985929677689676,0
2025-12-02,0.002208459601664461,0.002208459601664461,0.0,0.0,0.08606798886798599,1.5017383422680366,0
2025-12-03,0.002734608177453566,0.002734608177453566,0.0,0.0,0.08490374819354962,1.5006327151413752,0
2025-12-04,-0.0015696462462074813,-0.0015696462462074813,0.0,0.0,0.08404092027622545,1.4992674143872557,0
2025-12-05,-0.0005322464644105224,-0.0005524612199025564,0.04042951098406791,2.0214755492033957e-05,0.08307861991070618,1.4999999999999998,1
2025-12-08,-0.0034032385570775293,-0.0034032385570775293,0.0,0.0,0.08226540202898569,1.5002966092305405,0
2025-12-09,0.00031117851659605815,0.00031117851659605815,0.0,0.0,0.08263998620095969,1.502005052179967,0
2025-12-10,0.0059318196559042325,0.0059318196559042325,0.0,0.0,0.08249185995911938,1.5018488875875722,0
2025-12-11,0.0007234143065023477,0.0007234143065023477,0.0,0.0,0.08226940864943735,1.4988895646617861,0
2025-12-12,-0.009884757701997452,-0.00990507994619558,0.040644488396253606,2.0322244198126804e-05,0.08117704639317222,1.4999999999999996,1
2025-12-15,-0.0006553221684333307,-0.0006553221684333307,0.0,0.0,0.08318250046523568,1.5050226115865997,0
2025-12-16,0.0018027534059470401,0.0018027534059470401,0.0,0.0,0.08311188382804062,1.5053537811222708,0
2025-12-17,-0.00625090441180084,-0.00625090441180084,0.0,0.0,0.08275389298997665,1.5044443922759843,0
2025-12-18,0.007213213023964084,0.007213213023964084,0.0,0.0,0.0835842509937929,1.5076174604993267,0
2025-12-19,0.0033998891617526756,0.0033950659598829904,0.009646403739370146,4.823201869685073e-06,0.08372424703743951,1.5,1
2025-12-22,0.004203351648380474,0.004203351648380474,0.0,0.0,0.08410923671168005,1.4983130176383193,0
2025-12-23,0.004068059528229353,0.004068059528229353,0.0,0.0,0.08458871103569714,1.4962272002183106,0
2025-12-24,0.00395810425440706,0.00395810425440706,0.0,0.0,0.0843464154411849,1.4942166972739552,0
2025-12-26,-3.424255907042177e-05,-4.6173103833581415e-05,0.023861089526319296,1.1930544763159647e-05,0.08351941320963717,1.5,1
2025-12-29,-0.00445219422100311,-0.00445219422100311,0.0,0.0,0.08344384732760107,1.5000350187136027,0
2025-12-30,-0.0011614314721672496,-0.0011614314721672496,0.0,0.0,0.0829570216448449,1.5022712277712618,0
2025-12-31,-0.00738627565364038,-0.00738627565364038,0.0,0.0,0.08300810178933223,1.5028552596958176,0
2026-01-02,0.0004187549656443092,0.00041419794684617746,0.00911403759626346,4.55701879813173e-06,0.08402703457030944,1.5,1
2026-01-05,0.008275034118350181,0.008275034118350181,0.0,0.0,0.08399226586650452,1.499797541903103,0
2026-01-06,0.003550217801102303,0.003550217801102303,0.0,0.0,0.08544488067198422,1.495695643540488,0
2026-01-07,0.0002958441672901989,0.0002958441672901989,0.0,0.0,0.08585625375184668,1.4939420417112919,0
2026-01-08,-0.002141838601329059,-0.002141838601329059,0.0,0.0,0.08570804161421361,1.4937959550581565,0
2026-01-09,0.006724905152575336,0.006717711997176117,0.014386310798437621,7.19315539921881e-06,0.08523656599502721,1.5,1
2026-01-12,0.0013384606017569367,0.0013384606017569367,0.0,0.0,0.08574259560720442,1.4966707024191124,0
2026-01-13,-0.00027312788425942693,-0.00027312788425942693,0.0,0.0,0.08398149059476852,1.4960068168365737,0
2026-01-14,-0.00012140510031809519,-0.00012140510031809519,0.0,0.0,0.08052171246959214,1.4961423271406769,0
2026-01-15,0.0005258755173565524,0.0005258755173565524,0.0,0.0,0.08032155627843028,1.4962025686633036,0
2026-01-16,-0.0028107903384904202,-0.002844394438335759,0.06720819969067686,3.360409984533843e-05,0.08327046448197124,1.5,1
2026-01-20,-0.012316997070660703,-0.012316997070660703,0.0,0.0,0.08359084844186274,1.5014599540040627,0
2026-01-21,0.011006627393558876,0.011006627393558876,0.0,0.0,0.0871761139238215,1.5077134591936863,0
2026-01-22,0.0062467930912371615,0.0062467930912371615,0.0,0.0,0.08731050426285945,1.5021860840839434,0
2026-01-23,0.003032873311602652,0.003008194355717814,0.04935791176967569,2.4678955884837843e-05,0.08628741998336172,1.5,1
2026-01-26,0.005767234418184455,0.005767234418184455,0.0,0.0,0.08606580343767342,1.498525018808122,0
2026-01-27,0.003274956764965161,0.003274956764965161,0.0,0.0,0.08662223539399448,1.4956663945177222,0
2026-01-28,0.0036031134324522223,0.0036031134324522223,0.0,0.0,0.08646593036607628,1.4940484073438711,0
2026-01-29,-0.0011655781496438433,-0.0011655781496438433,0.0,0.0,0.0862054533191278,1.4922746858109697,0
2026-01-30,-0.014942350314998618,-0.014958777916444146,0.032855202891055785,1.6427601445527893e-05,0.08702251659464076,1.5,1
2026-02-02,-0.0019325633660171458,-0.0019325633660171458,0.0,0.0,0.09129935056089122,1.5076096475879581,0
2026-02-03,0.0009421289504830265,0.0009421289504830265,0.0,0.0,0.09019989851778604,1.5085925348891147,0
2026-02-04,-0.0057412009247843464,-0.0057412009247843464,0.0,0.0,0.09033578365189225,1.5081138261433644,0
2026-02-05,-0.00501013529264623,-0.00501013529264623,0.0,0.0,0.09103297574026041,1.5110478545585648,0
2026-02-06,0.013149501105220856,0.013125267158100156,0.048467894241400356,2.4233947120700176e-05,0.08764893304816065,1.5,1
2026-02-09,0.004997929357893448,0.004997929357893448,0.0,0.0,0.09167525963646987,1.4935463068152763,0
2026-02-10,0.0015363054272236065,0.0015363054272236065,0.0,0.0,0.0919447835082966,1.4910918643689244,0
2026-02-11,-0.001005281115856437,-0.001005281115856437,0.0,0.0,0.09168090091888591,1.4903385545863364,0
2026-02-12,-0.006180912844151213,-0.006180912844151213,0.0,0.0,0.08911871653614646,1.4908319787055877,0
2026-02-13,0.004796969417237994,0.004779677332906243,0.034584168663502834,1.7292084331751417e-05,0.08896097678539291,1.5,1
2026-02-17,-0.0013952708240784857,-0.0013952708240784857,0.0,0.0,0.08936643586778348,1.497638739481257,0
2026-02-18,0.0032126898587119296,0.0032126898587119296,0.0,0.0,0.0847323467196736,1.4983340504424845,0
2026-02-19,-0.0008788536412840399,-0.0008788536412840399,0.0,0.0,0.08484519962714981,1.4967381847140186,0
2026-02-20,0.0046103654124676225,0.004597800153418593,0.02513051809805881,1.2565259049029404e-05,0.08511624018085118,1.5000000000000002,1
2026-02-23,-0.002789635180008317,-0.002789635180008317,0.0,0.0,0.08505921109359504,1.4977241291815382,0
2026-02-24,0.0037984773438318378,0.0037984773438318378,0.0,0.0,0.0851804942472206,1.4991164820788674,0
2026-02-25,0.005582994455133014,0.005582994455133014,0.0,0.0,0.08367871103787186,1.4972277736459496,0
2026-02-26,-0.002252768579916846,-0.002252768579916846,0.0,0.0,0.08350027930669267,1.494467166198816,0
2026-02-27,0.0005769159483344634,0.0005594263068679722,0.034979282932982324,1.7489641466491163e-05,0.08112503735692578,1.5,1
2026-03-02,-0.0029116778283918014,-0.0029116778283918014,0.0,0.0,0.08018856276262352,1.499737923100744,0
2026-03-03,-0.009015586621142227,-0.009015586621142227,0.0,0.0,0.07989094151666976,1.501197248015442,0
2026-03-04,0.005482228280462966,0.005482228280462966,0.0,0.0,0.08172924131276489,1.5057569435492544,0
2026-03-05,-0.005886837442349953,-0.005886837442349953,0.0,0.0,0.0812862340902666,1.5029993860897775,0
2026-03-06,-0.008855803735785612,-0.008863035376114067,0.014463280656909105,7.231640328454553e-06,0.08153685582598286,1.4999999999999996,1
2026-03-09,0.010207607375061484,0.010207607375061484,0.0,0.0,0.08334595863045056,1.50447844191753,0
2026-03-10,-0.00421299518773445,-0.00421299518773445,0.0,0.0,0.08555640181766165,1.4993809571760943,0
2026-03-11,-0.006028295549928541,-0.006028295549928541,0.0,0.0,0.08625992806634508,1.501493747922772,0
2026-03-12,-0.012511846392196482,-0.012511846392196482,0.0,0.0,0.08711679079566902,1.504535235437341,0
2026-03-13,-0.005733600452577397,-0.005755113890424217,0.043026875693639895,2.1513437846819947e-05,0.08895635633202528,1.4999999999999998,1
2026-03-16,0.00922382529975767,0.00922382529975767,0.0,0.0,0.08882661249847501,1.5029158514401846,0
2026-03-17,0.003922202732449176,0.003922202732449176,0.0,0.0,0.0907311361453513,1.4983194399823148,0
2026-03-18,-0.012888723472389587,-0.012888723472389587,0.0,0.0,0.08847141428759696,1.49637256614706,0
2026-03-19,-0.0007797396677555572,-0.0007797396677555572,0.0,0.0,0.09218126488689891,1.5028537085435434,0
2026-03-20,-0.01958124517523103,-0.019587890146309204,0.013289942156348301,6.64497107817415e-06,0.091840781220557,1.4999999999999998,1
2026-03-23,0.008877874615644803,0.008877874615644803,0.0,0.0,0.09908297807245028,1.5099963983979097,0
2026-03-24,-0.005299776593319797,-0.005299776593319797,0.0,0.0,0.0992593550626413,1.5055085568133848,0
2026-03-25,0.009201378334092826,0.009201378334092826,0.0,0.0,0.09950982990067543,1.508201913418802,0
2026-03-26,-0.01769790264503037,-0.01769790264503037,0.0,0.0,0.10097380979956451,1.5035683901439973,0
2026-03-27,-0.008486721895537664,-0.008533335193273333,0.0932265954713364,4.6613297735668194e-05,0.10000000000000002,1.4194144662752979,1
2026-03-30,0.002245372122574329,0.002245372122574329,0.0,0.0,0.10076416272260401,1.423071288690076,0
2026-03-31,0.01952699896731626,0.01952699896731626,0.0,0.0,0.10065063810964343,1.4221234644307588,0
2026-04-01,0.005907797887909504,0.005907797887909504,0.0,0.0,0.1088411364529576,1.4140385343971562,0
2026-04-02,0.001971772569814268,0.0019346766422809417,0.07419185506665248,3.709592753332624e-05,0.1,1.3435987879117848,1
2026-04-06,0.0017507630897886871,0.0017507630897886871,0.0,0.0,0.09914991614628031,1.3429723432578684,0
2026-04-07,0.0008989490705561569,0.0008989490705561569,0.0,0.0,0.09931209333053846,1.3423729293701845,0
2026-04-08,0.014652826961233179,0.014652826961233179,0.0,0.0,0.09841506886621318,1.3420654299698436,0
2026-04-09,0.0027143006988245362,0.0027143006988245362,0.0,0.0,0.10301211874202829,1.337125587078183,0
2026-04-10,-0.002010675398616899,-0.002034632705630449,0.04791461402709969,2.3957307013549845e-05,0.1,1.3277377669526413,1
2026-04-13,0.005953595583263171,0.005953595583263171,0.0,0.0,0.10011842723756592,1.3284299585949209,0
2026-04-14,0.009601158647397174,0.009601158647397174,0.0,0.0,0.10027451083023815,1.3264861918451551,0
2026-04-15,0.0021250735394878506,0.0021250735394878506,0.0,0.0,0.10233444776035307,1.3233813561412329,0
2026-04-16,-0.000962380681115893,-0.000962380681115893,0.0,0.0,0.10266623590648584,1.3226956042513294,0
2026-04-17,0.00980829332816833,0.009792715703058856,0.03115525021894673,1.5577625109473364e-05,0.10000000000000002,1.307740645593488,1
2026-04-20,-0.00187011710774671,-0.00187011710774671,0.0,0.0,0.10191151855024606,1.3047716807942362,0
2026-04-21,-0.006383453742496793,-0.006383453742496793,0.0,0.0,0.10182643005721558,1.3053427074150987,0
2026-04-22,0.006796452477986075,0.006796452477986075,0.0,0.0,0.1002542452879986,1.3073043706500105,0
2026-04-23,-0.0035190660970364205,-0.0035190660970364205,0.0,0.0,0.09995430204123647,1.305229890206362,0
2026-04-24,0.006246422965801319,0.00623762613219695,0.017593667208737097,8.796833604368549e-06,0.10000000000000003,1.3060321084870914,1
2026-04-27,-0.0013131648973046836,-0.0013131648973046836,0.0,0.0,0.10088128175495097,1.3041437701918024,0
2026-04-28,-0.00394279394493539,-0.00394279394493539,0.0,0.0,0.10065898640934892,1.3045436862703084,0
2026-04-29,-0.0032444413977976037,-0.0032444413977976037,0.0,0.0,0.1007175750401171,1.305749192334514,0
2026-04-30,0.0055384922235824675,0.0055384922235824675,0.0,0.0,0.10111857960222502,1.3067444065857834,0
2026-05-01,0.003412733142265813,0.0034010405966211337,0.023385091289358388,1.1692545644679195e-05,0.1,1.2895415438093605,1
2026-05-04,-0.005655104740472013,-0.005655104740472013,0.0,0.0,0.09846392154570967,1.288571791975457,0
2026-05-05,0.006421812699745731,0.006421812699745731,0.0,0.0,0.0992184740138387,1.2902129767560566,0
2026-05-06,0.011400334793967522,0.011400334793967522,0.0,0.0,0.10009940445770932,1.2883611752984117,0
2026-05-07,-0.003510562949969537,-0.003510562949969537,0.0,0.0,0.10222446528920434,1.285110816536514,0
2026-05-08,0.008045500194375575,0.008010792649645333,0.06941508946048533,3.470754473024267e-05,0.1,1.2390905025123384,1
2026-05-11,-0.0013467350415338846,-0.0013467350415338846,0.0,0.0,0.09936153122504103,1.237224850964648,0
2026-05-12,-0.004195369213175119,-0.004195369213175119,0.0,0.0,0.09933386133510183,1.2375447608179744,0
2026-05-13,0.002067713478550907,0.002067713478550907,0.0,0.0,0.09975232866867197,1.238545547463744,0
2026-05-14,0.0024474691462479372,0.0024474691462479372,0.0,0.0,0.09991781828744255,1.238053321402466,0
2026-05-15,-0.012243128684464257,-0.012259344716327072,0.03243206372563236,1.6216031862816176e-05,0.1,1.2407500359088488,1
2026-05-18,-0.0005388815864883109,-0.0005388815864883109,0.0,0.0,0.10280881024123223,1.2437545226601663,0
2026-05-19,-0.0061528258609275,-0.0061528258609275,0.0,0.0,0.10269804821625413,1.2438859483069122,0
2026-05-20,0.01067148148033185,0.01067148148033185,0.0,0.0,0.103298603313119,1.2453958260918538,0
2026-05-21,0.0017937418829264088,0.0017937418829264088,0.0,0.0,0.10547627989966696,1.2428047398076596,0
2026-05-22,0.0022805643411645633,0.002244569914097357,0.07198885413441267,3.5994427067206334e-05,0.1,1.1748570092938584,1
2026-05-26,0.006239318789925485,0.006239318789925485,0.0,0.0,0.10002908705273615,1.1745013233006747,0
2026-05-27,-0.0006112642691985261,-0.0006112642691985261,0.0,0.0,0.10077637832489077,1.1734193049726231,0
2026-05-28,0.004824505550168156,0.004824505550168156,0.0,0.0,0.10044804493849732,1.1735253748340586,0
2026-05-29,0.002192554245308323,0.0021837762543720487,0.017555981872548268,8.777990936274134e-06,0.1,1.1585671434654363,1
2026-06-01,0.0002456771552237958,0.0002456771552237958,0.0,0.0,0.10015096691416532,1.1582303817060828,0
2026-06-02,0.0017367265655916521,0.0017367265655916521,0.0,0.0,0.10005443875635844,1.1581915176640427,0
2026-06-03,-0.004337954075870475,-0.004337954075870475,0.0,0.0,0.09878791917700594,1.1579172585659259,0
2026-06-04,0.0019204961639491735,0.0019204961639491735,0.0,0.0,0.09898036272162479,1.1586052809910556,0
2026-06-05,-0.017995720136745608,-0.018003261628499488,0.015082983507760286,7.541491753880143e-06,0.1,1.1712055108366448,1
2026-06-08,0.001875985459310197,0.001875985459310197,0.0,0.0,0.10512884288505737,1.1743519562115154,0
2026-06-09,-0.0015039391851121176,-0.0015039391851121176,0.0,0.0,0.10446937692336615,1.174025486928488,0
2026-06-10,-0.010252999037928753,-0.010252999037928753,0.0,0.0,0.10399830926275307,1.174287604886957,0
2026-06-11,0.015564441909718698,0.015564441909718698,0.0,0.0,0.10505331652039142,1.176093087139989,0
2026-06-12,0.001128584925086318,0.0011008204663804887,0.05552891741165866,2.7764458705829333e-05,0.1,1.1178653841935204,1
2026-06-15,0.009140762388475738,0.009140762388475738,0.0,0.0,0.09966594021246271,1.1177635121678389,0
2026-06-16,-0.0018467628767208182,-0.0018467628767208182,0.0,0.0,0.10120325693804069,1.116696814316678,0
2026-06-17,-0.006453799631991945,-0.006453799631991945,0.0,0.0,0.10093640006336389,1.1169127243959087,0
2026-06-18,0.007097510872421451,0.007083145706282115,0.02873033227867089,1.4365166139335444e-05,0.1,1.1393653881788117,1
2026-06-22,-0.0038030179961773655,-0.0038030179961773655,0.0,0.0,0.10098434550374222,1.1383994498758114,0
2026-06-23,-0.00760054768012171,-0.00760054768012171,0.0,0.0,0.09635320569457308,1.1389277947795273,0
2026-06-24,0.001341793807540031,0.001341793807540031,0.0,0.0,0.09666009156976021,1.1399918092001797,0
2026-06-25,0.0018389093390982277,0.0018389093390982277,0.0,0.0,0.09577422615716005,1.1398042207624928,0
2026-06-26,-0.0020056770586615535,-0.0020375505739316895,0.06374703054027163,3.1873515270135815e-05,0.1,1.2010274871417004,1
2026-06-29,0.005941730377472173,0.005941730377472173,0.0,0.0,0.09556526519488782,1.2014698656974523,0
2026-06-30,-0.00023477791928644084,-0.00023477791928644084,0.0,0.0,0.09564434092839165,1.2002798567883768,0
2026-07-01,-0.0035904079777445566,-0.0035904079777445566,0.0,0.0,0.09606214057820128,1.2003268891185812,0
2026-07-02,9.899866986422831e-05,6.294697815973788e-05,0.07210338340898087,3.6051691704490436e-05,0.1,1.2731521195135878,1
2026-07-06,0.0050802933485413985,0.0050802933485413985,0.0,0.0,0.09952552608068879,1.2731709759178371,0
2026-07-07,-0.008194853319577835,-0.008194853319577835,0.0,0.0,0.10015803389287986,1.271790201962608,0
2026-07-08,-0.0021958306049261666,-0.0021958306049261666,0.0,0.0,0.10162153618989117,1.274035885851461,0
2026-07-09,0.005773971520583061,0.005773971520583061,0.0,0.0,0.10179540636321047,1.2746389464553927,0
2026-07-10,0.0008812758325445683,0.0008735740221683801,0.015403620752376251,7.701810376188125e-06,0.09999999999999999,1.2772673904244953,1
2026-07-13,-0.00894290790812893,-0.00894290790812893,0.0,0.0,0.09998690195663601,1.2770330833299932,0
2026-07-14,0.004654472246030021,0.004654472246030021,0.0,0.0,0.10131690343977627,1.2795329204952728,0
2026-07-15,0.001974827147719943,0.001974827147719943,0.0,0.0,0.10134763437677029,1.2782378700513246,0
2026-07-16,-0.0049951189085993795,-0.0049951189085993795,0.0,0.0,0.09962182423597021,1.2776894813249675,0
2026-07-17,-0.0028531871887535892,-0.0028572041108059407,0.008033844104703106,4.016922052351553e-06,0.1,1.2759330815183039,1
2026-07-20,-0.0027022756231774823,-0.0027022756231774823,0.0,0.0,0.09996724245802294,1.276727766151378,0
2026-07-21,0.004974362431675047,0.004974362431675047,0.0,0.0,0.09824850963149807,1.2774775870708976,0
2026-07-22,-0.0010855473586236927,-0.0010855473586236927,0.0,0.0,0.09913007224124018,1.2761041449848554,0
2026-07-23,-0.009614251834889733,-0.009614251834889733,0.0,0.0,0.09813283145011104,1.2764041948284635,0
2026-07-24,-0.0003205126882844985,-0.00033145586996634194,0.021886363363686795,1.0943181681843398e-05,0.09999999999999999,1.2993322061955084,1
2026-07-27,0.002389887803976135,0.002389887803976135,0.0,0.0,0.09956899923913672,1.2994424013188244,0
2026-07-28,0.0009277095794987529,0.0009277095794987529,0.0,0.0,0.09892816468329191,1.298728473782631,0
2026-07-29,-0.01133958840761263,-0.01133958840761263,0.0,0.0,0.09856010896661904,1.2984515973767277,0
2026-07-30,0.009865187743969502,0.009865187743969502,0.0,0.0,0.10072144837371765,1.3018747325950133,0
2026-07-31,-0.0006755671693935295,-0.0006916458345008492,0.03215733021463936,1.6078665107319677e-05,0.1,1.2720517822872315,1
2026-08-03,0.006367083030981068,0.006367083030981068,0.0,0.0,0.09949079029825418,1.2722561657953282,0
2026-08-04,0.01211575656884192,0.01211575656884192,0.0,0.0,0.10045713341751086,1.2705336555477809,0
2026-08-05,0.0025073792085725617,0.0025073792085725617,0.0,0.0,0.10299385554486071,1.2672951723080694,0
2026-08-06,-0.0029838239351127277,-0.0029838239351127277,0.0,0.0,0.10244741152409892,1.2666266382189477,0
2026-08-07,0.006494805567016191,0.006473659687357864,0.04229175931665413,2.1145879658327067e-05,0.1,1.2957668907288167,1
2026-08-10,-0.0026822795402313138,-0.0026822795402313138,0.0,0.0,0.1007949510972252,1.2938855217536007,0
2026-08-11,-0.0008913450357860231,-0.0008913450357860231,0.0,0.0,0.09995681047720888,1.2946759249581146,0
2026-08-12,0.002495237351089469,0.002495237351089469,0.0,0.0,0.09980031204732924,1.2949388172086942,0
2026-08-13,0.004404249982825961,0.004404249982825961,0.0,0.0,0.09969938592608528,1.2942047066358304,0
2026-08-14,-0.002503220999253073,-0.0025107904195341884,0.015138840562230305,7.5694202811151525e-06,0.1,1.301312678197586,1
