date,gross_return,net_return,turnover,transaction_cost,forecast_volatility,gross_exposure,rebalanced
2020-04-03,-0.0030037741486475433,-0.0034174596864734127,0.8273710756517385,0.00041368553782586924,0.1,0.8273710756517385,1
2020-04-06,0.014963648379865592,0.014963648379865592,0.0,0.0,0.09916402474370657,0.8271942043493393,0
2020-04-07,-0.0017416721958011538,-0.0017416721958011538,0.0,0.0,0.10786810344867069,0.8297418868877702,0
2020-04-08,0.004792305176593035,0.004792305176593035,0.0,0.0,0.10808854924878594,0.829444835700259,0
2020-04-09,0.008956976230942899,0.008941659070940832,0.030634320004133575,1.5317160002066788e-05,0.1,0.8074312196587862,1
2020-04-13,1.5508163896250753e-06,1.5508163896250753e-06,0.0,0.0,0.10273830907634005,0.8091530254003786,0
2020-04-14,0.006448126512276414,0.006448126512276414,0.0,0.0,0.10272929990690574,0.8091533213685358,0
2020-04-15,-0.0009813100241296336,-0.0009813100241296336,0.0,0.0,0.10548915675715226,0.8103760406481949,0
2020-04-16,0.0027260083711632046,0.0027260083711632046,0.0,0.0,0.10409347296967347,0.8101897779746392,0
2020-04-17,-0.000559689009010253,-0.000559689009010253,0.0,0.0,0.10459636991365279,0.8107057955605538,0
2020-04-20,-0.0016971850462431657,-0.0016971850462431657,0.0,0.0,0.10585146833789918,0.8105997903449057,0
2020-04-21,-0.005660615707995661,-0.005660615707995661,0.0,0.0,0.10483803500543559,0.8102777966584541,0
2020-04-22,0.005378892786361845,0.005378892786361845,0.0,0.0,0.1032478187270008,0.8091977383792024,0
2020-04-23,0.0014827666249374023,0.0014827666249374023,0.0,0.0,0.10548984195842154,0.8102185524384764,0
2020-04-24,0.0013316378763290721,0.0013316378763290721,0.0,0.0,0.10542805464108976,0.8104995373998303,0
2020-04-27,-0.0007129781412712616,-0.0007129781412712616,0.0,0.0,0.10613482155545954,0.8107515478068072,0
2020-04-28,-0.0006812116641566131,-0.0006812116641566131,0.0,0.0,0.10707292041457077,0.8106165215263377,0
2020-04-29,0.0058406160409059625,0.0058406160409059625,0.0,0.0,0.10629884406099833,0.8104874233486183,0
2020-04-30,-0.003347836855766565,-0.003347836855766565,0.0,0.0,0.10886001315874853,0.8115878662791298,0
2020-05-01,-0.004378398694679372,-0.004378398694679372,0.0,0.0,0.10882383002047866,0.8109549743749429,0
2020-05-04,0.000845361932182036,0.000845361932182036,0.0,0.0,0.1073647586545219,0.8101236198800753,0
2020-05-05,0.001917315170225049,0.001917315170225049,0.0,0.0,0.10782763629534332,0.8102839985656138,0
2020-05-06,-0.0035326117127742144,-0.0035326117127742144,0.0,0.0,0.10867377948935383,0.8106470478532917,0
2020-05-07,0.005795283811914043,0.005795283811914043,0.0,0.0,0.108978086486226,0.8099757660186181,0
2020-05-08,0.000702968254890874,0.0006834056249465429,0.039125259888662424,1.9562629944331213e-05,0.1,0.7843016972682726,1
2020-05-11,-0.001236789477991892,-0.001236789477991892,0.0,0.0,0.10105819703554113,0.7844685552998778,0
2020-05-12,-0.001532688404832158,-0.001532688404832158,0.0,0.0,0.10129570177354064,0.7842016581813485,0
2020-05-13,-0.0008028934524403766,-0.0008028934524403766,0.0,0.0,0.10005799846608716,0.7838703988477214,0
2020-05-14,0.003281368555041222,0.003281368555041222,0.0,0.0,0.09915361289744634,0.783696730368793,0
2020-05-15,0.001408008115255014,0.001408008115255014,0.0,0.0,0.09989180510325328,0.7844041797140775,0
2020-05-18,0.0012811757565081934,0.0012811757565081934,0.0,0.0,0.10024573441895682,0.7847073135637348,0
2020-05-19,0.0006828604555667268,0.0006828604555667268,0.0,0.0,0.10203344314781544,0.7849827884024656,0
2020-05-20,0.0038274893378319524,0.0038274893378319524,0.0,0.0,0.10159952233787997,0.7851295149597681,0
2020-05-21,-0.0026796463777095576,-0.0026796463777095576,0.0,0.0,0.10296415576199568,0.7859487936697471,0
2020-05-22,0.001746867145641544,0.001746867145641544,0.0,0.0,0.10253511230404276,0.7853736710046938,0
2020-05-26,-0.0015709431032486592,-0.0015709431032486592,0.0,0.0,0.10251212967328657,0.7857479408876432,0
2020-05-27,0.001623433538768268,0.001623433538768268,0.0,0.0,0.10234635963033399,0.7854108335165241,0
2020-05-28,-2.0587913316084516e-05,-2.0587913316084516e-05,0.0,0.0,0.10305618235694862,0.7857586401255355,0
2020-05-29,0.003037520652909511,0.003037520652909511,0.0,0.0,0.1021004778194122,0.7857542292521791,0
2020-06-01,0.0007670791943074621,0.0007670791943074621,0.0,0.0,0.10270109026735526,0.7864030344464468,0
2020-06-02,0.0006977363025457071,0.0006977363025457071,0.0,0.0,0.10221865586336074,0.7865667546483295,0
2020-06-03,-0.001823264844033993,-0.001823264844033993,0.0,0.0,0.10273491478023188,0.7867155709372544,0
2020-06-04,-0.0011084222154275894,-0.0011084222154275894,0.0,0.0,0.1028201279484676,0.7863259866205758,0
2020-06-05,0.0011676211130432971,0.0011676211130432971,0.0,0.0,0.10277332726367291,0.7860888827861291,0
2020-06-08,0.003034943987219773,0.003034943987219773,0.0,0.0,0.10415058658174423,0.7863383586296406,0
2020-06-09,0.0015412170238642358,0.0015412170238642358,0.0,0.0,0.102957297075005,0.7869848476853447,0
2020-06-10,0.0033546439552263174,0.0033546439552263174,0.0,0.0,0.10275190894645794,0.7873126450575426,0
2020-06-11,-0.009086038963945765,-0.009086038963945765,0.0,0.0,0.09915758004428986,0.7880237499035802,0
2020-06-12,0.001570300203533311,0.0015375766949918995,0.06544701708282322,3.27235085414116e-05,0.10000000000000002,0.8515270821221863,1
2020-06-15,0.002219667090749429,0.002219667090749429,0.0,0.0,0.098747162892688,0.8517876934192373,0
2020-06-16,0.0016196273545335382,0.0016196273545335382,0.0,0.0,0.09251677447323634,0.8521159467854044,0
2020-06-17,0.00035880084000726486,0.00035880084000726486,0.0,0.0,0.09308641724652392,0.8523550765421947,0
2020-06-18,0.0016260341728945675,0.0015728307457451385,0.10640685429885814,5.3203427149429074e-05,0.1,0.9558044328957253,1
2020-06-19,0.0006424634887076174,0.0006424634887076174,0.0,0.0,0.09988715923393224,0.9559269557619108,0
2020-06-22,0.0027051119853195925,0.0027051119853195925,0.0,0.0,0.09972511825420162,0.9559552529037894,0
2020-06-23,0.0016545325577612346,0.0016545325577612346,0.0,0.0,0.09938279097438812,0.9560740774433636,0
2020-06-24,-0.004890485215359414,-0.004957311024881779,0.1336516190447282,6.68258095223641e-05,0.1,1.0836785237181594,1
2020-06-25,0.003124529138672778,0.003124529138672778,0.0,0.0,0.09952095646774627,1.0841625695616521,0
2020-06-26,-0.003509755823258221,-0.003509755823258221,0.0,0.0,0.09160412323325899,1.083900420253822,0
2020-06-29,0.0022060573185508827,0.0022060573185508827,0.0,0.0,0.09051887061577768,1.08419592740031,0
2020-06-30,0.004807550766117713,0.00477366582358953,0.0677698850563678,3.38849425281839e-05,0.1,1.1517804802682747,1
2020-07-01,0.001556827600140462,0.001556827600140462,0.0,0.0,0.0978157295901773,1.1510930972562503,0
2020-07-02,0.0031767475292633026,0.0031767475292633026,0.0,0.0,0.09548992690053908,1.1508582369891969,0
2020-07-06,0.006144257914638358,0.006144257914638358,0.0,0.0,0.09383303629612717,1.1503805160563656,0
2020-07-07,0.0011861448314104198,0.0011861448314104198,0.0,0.0,0.09429650052885387,1.1494621818625177,0
2020-07-08,0.004035082715173752,0.003961877801127972,0.14640982809156095,7.320491404578047e-05,0.09624255841746752,1.2956949361946957,1
2020-07-09,0.0034923634935941812,0.0034923634935941812,0.0,0.0,0.09624731391012115,1.2946009680731416,0
2020-07-10,0.0014713091919332918,0.0014713091919332918,0.0,0.0,0.09477067884202632,1.2935756950332014,0
2020-07-13,-0.004452574208142973,-0.004452574208142973,0.0,0.0,0.09092222760149675,1.293144388999103,0
2020-07-14,0.005776233297089244,0.005776233297089244,0.0,0.0,0.09092385657899846,1.2944554738474026,0
2020-07-15,0.002130265027426468,0.0020846829409109004,0.091164173031135,4.55820865155675e-05,0.0963978390854258,1.3814308882918092,1
2020-07-16,-0.00251324733093008,-0.00251324733093008,0.0,0.0,0.09650418211731371,1.3806828672989695,0
2020-07-17,0.0025509850373550613,0.0025509850373550613,0.0,0.0,0.09598742698634681,1.3816420281074815,0
2020-07-20,0.008725261978896162,0.008725261978896162,0.0,0.0,0.09606618230969285,1.3806709422296974,0
2020-07-21,0.0022586930505558095,0.0022586930505558095,0.0,0.0,0.09711298845329416,1.3773782184089503,0
2020-07-22,0.006024688459889179,0.006024688459889179,0.0,0.0,0.09205602045459782,1.3765277577791133,0
2020-07-23,-0.0021593914831022397,-0.002207763463284044,0.09674396036360894,4.837198018180447e-05,0.0975951230305683,1.4710168406400714,1
2020-07-24,-0.0008829200478070549,-0.0008829200478070549,0.0,0.0,0.09681008141964328,1.472107514341157,0
2020-07-27,0.008451540448562387,0.008451540448562387,0.0,0.0,0.09649493917296158,1.4725247158858972,0
2020-07-28,-6.493820516020505e-05,-6.493820516020505e-05,0.0,0.0,0.09762228200018476,1.4685646230216642,0
2020-07-29,0.006962948872118272,0.006962948872118272,0.0,0.0,0.09688623137455105,1.4685950527433365,0
2020-07-30,0.0006804336125206752,0.0006804336125206752,0.0,0.0,0.09431563457381714,1.4653548109870391,0
2020-07-31,0.007097436176480521,0.007097436176480521,0.0,0.0,0.09191099143674239,1.4650383832399707,0
2020-08-03,0.0029017908794833585,0.0028712733684692323,0.061035022028252506,3.0517511014126254e-05,0.09339367972827599,1.5,1
2020-08-04,0.008984108765940253,0.008984108765940253,0.0,0.0,0.09387856941708596,1.4985989037571084,0
2020-08-05,0.001745423931475293,0.001745423931475293,0.0,0.0,0.09439371525107743,1.4941593226546754,0
2020-08-06,0.00894346908768124,0.00894346908768124,0.0,0.0,0.09202522137303863,1.4932983079825661,0
2020-08-07,-0.007931542724475214,-0.007931542724475214,0.0,0.0,0.09001348272580154,1.4889256168421627,0
2020-08-10,-0.002117501576130441,-0.002117501576130441,0.0,0.0,0.09245373760261742,1.492834555172612,0
2020-08-11,-0.022610941336545853,-0.022610941336545853,0.0,0.0,0.09243592412494077,1.4938803475870472,0
2020-08-12,0.004244160353729448,0.004244160353729448,0.0,0.0,0.10405255491296007,1.5053057870960944,0
2020-08-13,0.001605554327279565,0.001605554327279565,0.0,0.0,0.10441066653574341,1.5031702518619654,0
2020-08-14,-0.0025290387597965893,-0.0025290387597965893,0.0,0.0,0.10385937146018916,1.5023636796821838,0
2020-08-17,0.009586531653668861,0.009586531653668861,0.0,0.0,0.10430301176898549,1.5036373981830722,0
2020-08-18,0.0066054117879685206,0.0066054117879685206,0.0,0.0,0.1052347320277202,1.4988551079005883,0
2020-08-19,-0.011571730507502431,-0.011571730507502431,0.0,0.0,0.10558359320054492,1.4955815874410052,0
2020-08-20,0.007966442204808022,0.007966442204808022,0.0,0.0,0.10728721263691195,1.501383461741193,0
2020-08-21,0.001955230873543676,0.001955230873543676,0.0,0.0,0.10674600184451528,1.497420787783843,0
2020-08-24,0.002722021958030657,0.002722021958030657,0.0,0.0,0.10653672075785132,1.496450113195349,0
2020-08-25,0.0007485713903555382,0.0007485713903555382,0.0,0.0,0.10627482100166422,1.4951024334998877,0
2020-08-26,0.00799182022102198,0.00799182022102198,0.0,0.0,0.10649180487609405,1.4947320912105169,0
2020-08-27,-0.007478316523328447,-0.007478316523328447,0.0,0.0,0.10762204813794694,1.4908096288936523,0
2020-08-28,0.0064063574511575875,0.0064063574511575875,0.0,0.0,0.10895231581838422,1.494507714102942,0
2020-08-31,0.0028349489928713545,0.0028349489928713545,0.0,0.0,0.10952614429425675,1.4913598870294706,0
2020-09-01,0.009818461633446492,0.009818461633446492,0.0,0.0,0.10943809635425628,1.4899708446768174,0
2020-09-02,0.006411633745687661,0.006329634704933899,0.16399808150752268,8.199904075376134e-05,0.1,1.4454405102174481,1
2020-09-03,-0.018999510993945694,-0.018999510993945694,0.0,0.0,0.09943221438231863,1.442720251787908,0
2020-09-04,-0.010297137955787768,-0.010297137955787768,0.0,0.0,0.1059868076567612,1.4512946290541306,0
2020-09-08,-0.014301747016098943,-0.014301747016098943,0.0,0.0,0.10822877105191514,1.4559900212089822,0
2020-09-09,0.010618383821454762,0.010558798223737157,0.11917119543521004,5.958559771760502e-05,0.1,1.3434349011350246,1
2020-09-10,-0.00667272505728588,-0.00667272505728588,0.0,0.0,0.10213717469084618,1.339905493214748,0
2020-09-11,0.00024013980611995833,0.00024013980611995833,0.0,0.0,0.09281462354743647,1.3421888251627345,0
2020-09-14,0.006120119914892059,0.006120119914892059,0.0,0.0,0.0925504438551696,1.3421066717329122,0
2020-09-15,0.002638832001116129,0.002638832001116129,0.0,0.0,0.09314170892881367,1.3400256738349006,0
2020-09-16,-0.0034881799649498025,-0.0034881799649498025,0.0,0.0,0.09341994497565949,1.3391307647203932,0
2020-09-17,-0.004334799347115152,-0.004334799347115152,0.0,0.0,0.09360175935892338,1.3403178546426724,0
2020-09-18,-0.005420535873645774,-0.005420535873645774,0.0,0.0,0.09371794254613872,1.3417994868350491,0
2020-09-21,-0.005269383150947127,-0.005269383150947127,0.0,0.0,0.09431024377520139,1.343662320773221,0
2020-09-22,0.004622363536007793,0.004622363536007793,0.0,0.0,0.09475023649674713,1.3454828020291756,0
2020-09-23,-0.014011168602150969,-0.014011168602150969,0.0,0.0,0.09543967426045516,1.343893202629062,0
2020-09-24,0.0029077212074982545,0.0029077212074982545,0.0,0.0,0.09762238195082047,1.3487800182701055,0
2020-09-25,0.005946917358877323,0.005946917358877323,0.0,0.0,0.09747351736682985,1.3477688035447324,0
2020-09-28,0.008448274605080774,0.008448274605080774,0.0,0.0,0.09749058522298852,1.3457128776315577,0
2020-09-29,-0.00021204179330023068,-0.00021204179330023068,0.0,0.0,0.09914983644555375,1.3428166682787401,0
2020-09-30,-6.556537769542606e-05,-6.556537769542606e-05,0.0,0.0,0.09838208051966738,1.342889375156752,0
2020-10-01,0.005963399613102211,0.005963399613102211,0.0,0.0,0.0986595148635036,1.342911858302258,0
2020-10-02,-0.00721562128465873,-0.00721562128465873,0.0,0.0,0.0992606374232442,1.3408790602462708,0
2020-10-05,0.0035045729668452164,0.0035045729668452164,0.0,0.0,0.09894855738727543,1.3433565913752257,0
2020-10-06,-0.006349491565339682,-0.006349491565339682,0.0,0.0,0.10002217125737008,1.342157475536058,0
2020-10-07,0.004895271871579843,0.004895271871579843,0.0,0.0,0.10016147989314239,1.3443438841238788,0
2020-10-08,0.0051747512683032295,0.0051747512683032295,0.0,0.0,0.10099287018171109,1.3426664387449563,0
2020-10-09,0.007107253645208065,0.007107253645208065,0.0,0.0,0.10144143972246376,1.3409023538569673,0
2020-10-12,0.009609859910580991,0.009609859910580991,0.0,0.0,0.10208235004229636,1.3384965728556484,0
2020-10-13,-0.002684810327331167,-0.002684810327331167,0.0,0.0,0.1035509030312016,1.3352746306237824,0
2020-10-14,-0.002096563989023431,-0.002096563989023431,0.0,0.0,0.1035041966513395,1.3361772026492684,0
2020-10-15,-0.0012831420710774741,-0.0012831420710774741,0.0,0.0,0.10331104272255895,1.3368835004648392,0
2020-10-16,-0.002443721063026794,-0.002443721063026794,0.0,0.0,0.10325548284464418,1.3373163252330067,0
2020-10-19,-0.007466425677305046,-0.007466425677305046,0.0,0.0,0.1021893672315524,1.3381426515529145,0
2020-10-20,-4.9267101636083204e-05,-4.9267101636083204e-05,0.0,0.0,0.10301438671683255,1.3406863609461905,0
2020-10-21,-0.0004442902929785289,-0.0004442902929785289,0.0,0.0,0.10284158969326504,1.3407031464027321,0
2020-10-22,-0.0027280496697378986,-0.0027280496697378986,0.0,0.0,0.10279737896674473,1.34085458478607,0
2020-10-23,0.0028273298946953247,0.0028273298946953247,0.0,0.0,0.10315495495708808,1.3417869966895095,0
2020-10-26,-0.005669446871624964,-0.005669446871624964,0.0,0.0,0.1024855386980796,1.3408233765681274,0
2020-10-27,0.002632753027071214,0.002632753027071214,0.0,0.0,0.10254645255934636,1.3427666740158237,0
2020-10-28,-0.01686704445694577,-0.01686704445694577,0.0,0.0,0.10191764700638498,1.3418666236276138,0
2020-10-29,0.002039276578439747,0.002039276578439747,0.0,0.0,0.10615855813138278,1.347731831895287,0
2020-10-30,-0.007577000635735555,-0.007577000635735555,0.0,0.0,0.10621914702420715,1.3470241536665615,0
2020-11-02,0.006698815376100776,0.006698815376100776,0.0,0.0,0.10664040358894954,1.3496736309908792,0
2020-11-03,0.007185509545623855,0.007185509545623855,0.0,0.0,0.1065849537116023,1.3473468187803936,0
2020-11-04,0.019061233079039473,0.019061233079039473,0.0,0.0,0.10828409111177882,1.3448687610061958,0
2020-11-05,0.01069357130153549,0.010615866041743503,0.15541051958397462,7.77052597919873e-05,0.1,1.238070930661605,1
2020-11-06,-0.003695878802749857,-0.003695878802749857,0.0,0.0,0.10246217611720844,1.235647038527258,0
2020-11-09,-0.00906256520703511,-0.00906256520703511,0.0,0.0,0.1029481272718951,1.2365211921878663,0
2020-11-10,-0.0036648966910424506,-0.0036648966910424506,0.0,0.0,0.09964697249522676,1.2386842840762013,0
2020-11-11,0.004137095184838007,0.004137095184838007,0.0,0.0,0.0995638042810359,1.2395622549918195,0
2020-11-12,0.0010077711780625755,0.0010077711780625755,0.0,0.0,0.10036415204051416,1.2385752464883508,0
2020-11-13,0.005040370770272526,0.005040370770272526,0.0,0.0,0.09986751145531851,1.2383350592848819,0
2020-11-16,0.004154891668371394,0.004154891668371394,0.0,0.0,0.09986734498571317,1.2371397868348508,0
2020-11-17,-0.0001974437856681919,-0.0001974437856681919,0.0,0.0,0.10006612674740163,1.2361585735452136,0
2020-11-18,-0.0036599691282389124,-0.0036599691282389124,0.0,0.0,0.09853599673685103,1.2362052107962276,0
2020-11-19,0.0036617098387415102,0.0036617098387415102,0.0,0.0,0.09778439281034232,1.237072890255706,0
2020-11-20,0.00012051524101818828,0.00012051524101818828,0.0,0.0,0.09806521962828557,1.236207965225451,0
2020-11-23,-0.0019996428718223294,-0.0019996428718223294,0.0,0.0,0.09756200513889202,1.2361795019958444,0
2020-11-24,0.0011441946765491382,0.0011441946765491382,0.0,0.0,0.09783497645946704,1.236652722926341,0
2020-11-25,-0.000566432197920699,-0.000566432197920699,0.0,0.0,0.0980891364070056,1.236382255607844,0
2020-11-27,0.0032738634791701945,0.0032738634791701945,0.0,0.0,0.09746874948249461,1.236516226013589,0
2020-11-30,-0.0019506609029726234,-0.0019506609029726234,0.0,0.0,0.09743414152488579,1.235744430930747,0
2020-12-01,0.0027139255978775555,0.0027139255978775555,0.0,0.0,0.09745846178029785,1.2362051871544082,0
2020-12-02,0.00016567538047679254,0.00016567538047679254,0.0,0.0,0.09689373148060389,1.2355658788857138,0
2020-12-03,0.0032627592940812668,0.0032627592940812668,0.0,0.0,0.0964589365769076,1.2355268578839211,0
2020-12-04,-0.0008609348796367523,-0.0008609348796367523,0.0,0.0,0.09192251743979468,1.234760889609461,0
2020-12-07,0.004175378353170679,0.004175378353170679,0.0,0.0,0.09069504134591723,1.2349631776044911,0
2020-12-08,0.0026241396258931877,0.002553281136060879,0.14171697966461755,7.085848983230878e-05,0.10000000000000002,1.3757031763684509,1
2020-12-09,-0.008923926412726126,-0.008923926412726126,0.0,0.0,0.09780591369511847,1.374817021627487,0
2020-12-10,0.0031299238057233445,0.0031299238057233445,0.0,0.0,0.09808125817178451,1.378191979018128,0
2020-12-11,0.0006160092244138735,0.0006160092244138735,0.0,0.0,0.098103351511188,1.377011960308516,0
2020-12-14,-0.001623647823494439,-0.001623647823494439,0.0,0.0,0.09732815296609142,1.3767798604389125,0
2020-12-15,0.006412773756712181,0.006412773756712181,0.0,0.0,0.09741800305839475,1.3773926131338299,0
2020-12-16,0.0007988288654360101,0.0007988288654360101,0.0,0.0,0.09821292522483936,1.3749879005659957,0
2020-12-17,0.0033902193834665748,0.0033902193834665748,0.0,0.0,0.09788271603390951,1.3746885885059479,0
2020-12-18,-0.0022035495125442782,-0.0022035495125442782,0.0,0.0,0.09743209747963757,1.3734226039557926,0
2020-12-21,-0.0013973763610739078,-0.0013973763610739078,0.0,0.0,0.0966090499359708,1.3742472763591849,0
2020-12-22,0.0005074210712650673,0.0005074210712650673,0.0,0.0,0.09627498454790819,1.3747709724569126,0
2020-12-23,-0.00010894550863673673,-0.00010894550863673673,0.0,0.0,0.0909110666810698,1.374580902214236,0
2020-12-24,0.003588130028513182,0.003588130028513182,0.0,0.0,0.09079539488422046,1.3746217155675846,0
2020-12-28,0.0032222083250708798,0.0032222083250708798,0.0,0.0,0.09042303533158705,1.3732823300300903,0
2020-12-29,-0.0005213822040983192,-0.000580320766150398,0.11787712410415743,5.893856205207871e-05,0.1,1.4881651114405674,1
2020-12-30,0.0028316478965306545,0.0028316478965306545,0.0,0.0,0.10005658178526393,1.4885075410731254,0
2020-12-31,0.0028880692411282173,0.0028880692411282173,0.0,0.0,0.10004451481368153,1.4871281656275852,0
2021-01-04,-0.0031245996219848764,-0.0031245996219848764,0.0,0.0,0.09942478919470776,1.4857253571639242,0
2021-01-05,0.0016316584317322997,0.0016316584317322997,0.0,0.0,0.09783406871409654,1.4872478114915235,0
2021-01-06,-0.009372959724228525,-0.009372959724228525,0.0,0.0,0.09767942794415459,1.4864540845827632,0
2021-01-07,0.0058759352249259595,0.0058759352249259595,0.0,0.0,0.09857963518844028,1.4910567396255847,0
2021-01-08,-0.0023743588479993197,-0.0023743588479993197,0.0,0.0,0.09899509721393844,1.4881881775169208,0
2021-01-11,-0.006500948635999891,-0.006500948635999891,0.0,0.0,0.09898986115042921,1.4893500701858353,0
2021-01-12,0.00099953584964081,0.00099953584964081,0.0,0.0,0.09872236043366829,1.492552126259199,0
2021-01-13,0.004891700227315105,0.004891700227315105,0.0,0.0,0.09629429970240704,1.4920602943548062,0
2021-01-14,-0.004320050296240229,-0.004320050296240229,0.0,0.0,0.09626893451426063,1.4896649999631781,0
2021-01-15,-0.004541976253402613,-0.004541976253402613,0.0,0.0,0.09656771004171813,1.491789555578443,0
2021-01-19,0.007514858182730494,0.007514858182730494,0.0,0.0,0.09686936196084717,1.4940334437483345,0
2021-01-20,0.01061948712271608,0.01061948712271608,0.0,0.0,0.09781148626191702,1.4903485439802149,0
2021-01-21,-0.0005367561576964004,-0.0005367561576964004,0.0,0.0,0.09836730600152345,1.485196011187417,0
2021-01-22,-0.0023974206825133773,-0.0023974206825133773,0.0,0.0,0.09862722068529658,1.4854565829976352,0
2021-01-25,0.0056490890437374056,0.0056490890437374056,0.0,0.0,0.09875702983169028,1.4866232235784336,0
2021-01-26,-0.0015465907215102452,-0.0015465907215102452,0.0,0.0,0.09898789124094756,1.483889687645577,0
2021-01-27,-0.012200476791923813,-0.012200476791923813,0.0,0.0,0.09909623187200711,1.484639226176061,0
2021-01-28,0.002780577009182821,0.002780577009182821,0.0,0.0,0.10054529087297127,1.4906250861532087,0
2021-01-29,-0.010978600857514847,-0.010978600857514847,0.0,0.0,0.10071104521819538,1.4892646481212368,0
2021-02-01,0.011095473398951335,0.011095473398951335,0.0,0.0,0.09423080552310983,1.4946957149212805,0
2021-02-02,0.003399599688995048,0.003399599688995048,0.0,0.0,0.09662554949592457,1.4892670652142135,0
2021-02-03,-0.0026465315825781907,-0.0026465315825781907,0.0,0.0,0.09526510932268775,1.4876093884887562,0
2021-02-04,0.0016133653025383267,0.0016133653025383267,0.0,0.0,0.09475873893379815,1.4889032864772442,0
2021-02-05,0.0015063815301743977,0.0015063815301743977,0.0,0.0,0.09345384360950688,1.488115777418336,0
2021-02-08,0.006652344333591074,0.006600020450191333,0.10464776679948198,5.2323883399740986e-05,0.08635120083288195,1.4999999999999998,1
2021-02-09,-0.0002584165951836871,-0.00026780540961102254,0.018777628854670936,9.388814427335468e-06,0.08360595411883745,1.4999999999999998,1
2021-02-10,0.0017003469188720962,0.0016967129668198756,0.007267904104441114,3.633952052220557e-06,0.08297826380168156,1.5,1
2021-02-11,-0.0011773698821036795,-0.0011986149859321913,0.04249020765702377,2.1245103828511887e-05,0.08104530032216956,1.4999999999999998,1
2021-02-12,-0.0008898731205444012,-0.0008940994144504263,0.008452587812050355,4.2262939060251774e-06,0.08071111065363465,1.5,1
2021-02-16,-0.007529378929997639,-0.007534070749260766,0.009383638526252819,4.691819263126409e-06,0.08067256804774464,1.5,1
2021-02-17,-0.0007204719963505766,-0.0007292988745486573,0.017653756396161402,8.826878198080701e-06,0.08244724806928772,1.5,1
2021-02-18,-0.0036094586822099117,-0.0036154359547935226,0.011954545167222025,5.977272583611013e-06,0.08167775349356365,1.5,1
2021-02-19,-0.004303663925000442,-0.004307620700052092,0.007913550103300498,3.95677505165025e-06,0.08142656794481519,1.5,1
2021-02-22,-0.008137653606107381,-0.008139962263392118,0.004617314569474118,2.308657284737059e-06,0.08205134202501005,1.5,1
2021-02-23,-0.0004885139222197065,-0.0004969871352827369,0.016946426126060732,8.473213063030365e-06,0.08224001212999743,1.5,1
2021-02-24,0.0032344766836755103,0.0032317802686986754,0.005392829953669548,2.696414976834774e-06,0.08172904402223057,1.5000000000000002,1
2021-02-25,-0.023993099928907607,-0.023999091236469202,0.011982615123192125,5.9913075615960625e-06,0.08182095952225252,1.5,1
2021-02-26,0.004431812594043089,0.004431812594043089,0.0,0.0,0.09509895682896381,1.5123007435935745,0
2021-03-01,0.012065920383024578,0.012065920383024578,0.0,0.0,0.09505451454659171,1.5100403403895664,0
2021-03-02,-0.004923358107353858,-0.004923358107353858,0.0,0.0,0.09857571834248578,1.503959603932259,0
2021-03-03,-0.014873296291902554,-0.014873296291902554,0.0,0.0,0.09845831607215234,1.5064530536800889,0
2021-03-04,-0.01096215749915337,-0.01096215749915337,0.0,0.0,0.10257982763792205,1.5140994064760993,0
2021-03-05,0.009821558701530474,0.009821558701530474,0.0,0.0,0.10421330535199079,1.5197975086334061,0
2021-03-08,-0.012406493982967583,-0.012406493982967583,0.0,0.0,0.10641766473635836,1.5147419404491453,0
2021-03-09,0.018403057858279212,0.018403057858279212,0.0,0.0,0.10871537118871255,1.5212083081885592,0
2021-03-10,0.003532904802042881,0.0034599963560271382,0.14581689203148535,7.290844601574266e-05,0.1,1.4099379804222902,1
2021-03-11,0.005162111024563178,0.005162111024563178,0.0,0.0,0.09975297952423606,1.408597144238159,0
2021-03-12,-0.00671297357809935,-0.00671297357809935,0.0,0.0,0.100626209981712,1.4064987525461692,0
2021-03-15,0.005141208172407862,0.005141208172407862,0.0,0.0,0.09998060580401948,1.4092460101995814,0
2021-03-16,-0.0010984846490268456,-0.0010984846490268456,0.0,0.0,0.10048307647684128,1.4071527531377315,0
2021-03-17,0.0012700438437386657,0.0012700438437386657,0.0,0.0,0.1006532873945606,1.4076004960255513,0
2021-03-18,-0.013821185808998574,-0.013821185808998574,0.0,0.0,0.10074722249117293,1.4070834821551523,0
2021-03-19,0.003234341302520499,0.003234341302520499,0.0,0.0,0.10295152811843573,1.412788711638566,0
2021-03-22,0.008226137955368433,0.008226137955368433,0.0,0.0,0.10307140042545022,1.4114579163056098,0
2021-03-23,-0.0012833536059015276,-0.0012833536059015276,0.0,0.0,0.10438129285421477,1.408100822638883,0
2021-03-24,-0.001711180758666132,-0.001711180758666132,0.0,0.0,0.10414203184481341,1.408625233305508,0
2021-03-25,-0.0005443578229329272,-0.0005443578229329272,0.0,0.0,0.10374008706907566,1.4093256635049258,0
2021-03-26,0.006878731028760501,0.006878731028760501,0.0,0.0,0.10378683421109637,1.4095486044916523,0
2021-03-29,-0.0036991804998030824,-0.0036991804998030824,0.0,0.0,0.10508940311189013,1.406750675995711,0
2021-03-30,-0.003341529411013495,-0.003341529411013495,0.0,0.0,0.10513998192539939,1.4082609067809069,0
2021-03-31,0.005423766530488221,0.005423766530488221,0.0,0.0,0.10496310084507503,1.40962969645925,0
2021-04-01,0.011534755246108934,0.011534755246108934,0.0,0.0,0.10579612928311509,1.4074199457934022,0
2021-04-05,0.005690626951714805,0.005690626951714805,0.0,0.0,0.10838598597174223,1.4027740457561206,0
2021-04-06,0.0030091635539259967,0.0030091635539259967,0.0,0.0,0.10934667246050153,1.4004949782389278,0
2021-04-07,-0.0014049247648290734,-0.0014049247648290734,0.0,0.0,0.1091475260787099,1.3992934389750422,0
2021-04-08,0.006367733991076199,0.006367733991076199,0.0,0.0,0.10924031442414268,1.3998552054555324,0
2021-04-09,0.0006426341414636097,0.0006426341414636097,0.0,0.0,0.10883382913011644,1.3973251446265849,0
2021-04-12,-0.0014128384198372381,-0.0014128384198372381,0.0,0.0,0.10840005954655997,1.3970699739048034,0
2021-04-13,0.0054993989933559695,0.0054993989933559695,0.0,0.0,0.1084284255872903,1.3976317633369935,0
2021-04-14,-0.0041428482824034715,-0.0041428482824034715,0.0,0.0,0.10827674053344616,1.3954569875775935,0
2021-04-15,0.012474529978084318,0.012474529978084318,0.0,0.0,0.10845317752096162,1.3971021214192543,0
2021-04-16,-0.0003680488286976324,-0.0004222905862913457,0.10848351518742666,5.4241757593713327e-05,0.1,1.302798398286561,1
2021-04-19,-0.00380085666462796,-0.00380085666462796,0.0,0.0,0.09984069471669513,1.3029805858934065,0
2021-04-20,-0.0016496382473563556,-0.0016496382473563556,0.0,0.0,0.09964133456416835,1.3041365653849069,0
2021-04-21,0.006247746762564795,0.006247746762564795,0.0,0.0,0.09873091017681264,1.3046391097119283,0
2021-04-22,-0.004334543271418162,-0.004334543271418162,0.0,0.0,0.09788263713081481,1.3027476192538607,0
2021-04-23,0.003784689793893096,0.003784689793893096,0.0,0.0,0.09805716377285298,1.3040656047751082,0
2021-04-26,0.0011953592454934023,0.0011953592454934023,0.0,0.0,0.09847377276790456,1.3029191497606345,0
2021-04-27,-0.003142830690049785,-0.003142830690049785,0.0,0.0,0.09822269255738537,1.3025574848737973,0
2021-04-28,0.0007283294181832414,0.0007283294181832414,0.0,0.0,0.09840586258959129,1.3035113697213365,0
2021-04-29,0.0011868233582985135,0.0011868233582985135,0.0,0.0,0.09588088548946798,1.3032904743466152,0
2021-04-30,-0.002539858024902668,-0.002539858024902668,0.0,0.0,0.09586333734382987,1.3029309488206033,0
2021-05-03,0.002004303036399181,0.002004303036399181,0.0,0.0,0.09390106228132612,1.303702309568743,0
2021-05-04,-0.0035733321081169995,-0.0035733321081169995,0.0,0.0,0.09195856945526419,1.3030948157092999,0
2021-05-05,0.001273016339244991,0.001273016339244991,0.0,0.0,0.0918231501252034,1.304181758152409,0
2021-05-06,0.005541391150405659,0.005541391150405659,0.0,0.0,0.09165944671187165,1.3037950221254622,0
2021-05-07,0.003398377161890086,0.003398377161890086,0.0,0.0,0.0924067240349156,1.302120852308129,0
2021-05-10,-0.00774407698438739,-0.00774407698438739,0.0,0.0,0.09271971407419352,1.3010976090699657,0
2021-05-11,-0.0037699926821766856,-0.0037699926821766856,0.0,0.0,0.09307431141182279,1.303447530103812,0
2021-05-12,-0.013244504503025677,-0.013244504503025677,0.0,0.0,0.09335814777411916,1.3045958542453384,0
2021-05-13,0.00585815552127081,0.00585815552127081,0.0,0.0,0.09662132878589444,1.3086842238379734,0
2021-05-14,0.010478110950965663,0.010478110950965663,0.0,0.0,0.09746981680693559,1.3068864353721945,0
2021-05-17,-0.000496615139765362,-0.000496615139765362,0.0,0.0,0.10004873142366334,1.3037041891816759,0
2021-05-18,-0.0037529987543300117,-0.0037529987543300117,0.0,0.0,0.09912633707764802,1.3038550882187803,0
2021-05-19,-0.0017573485388545462,-0.0017573485388545462,0.0,0.0,0.09928768027614414,1.304999751907761,0
2021-05-20,0.008584492999023618,0.008584492999023618,0.0,0.0,0.09925139370553893,1.305536686357097,0
2021-05-21,0.00022844969464950234,0.00022844969464950234,0.0,0.0,0.10071268662285454,1.3029361332421288,0
2021-05-24,0.005838734331748242,0.005838734331748242,0.0,0.0,0.10000625209729874,1.302866943381394,0
2021-05-25,0.0029047519854129623,0.0029047519854129623,0.0,0.0,0.10085797702009529,1.3011088488082638,0
2021-05-26,0.0004415456439443684,0.0004415456439443684,0.0,0.0,0.10084122770951931,1.3002367355545679,0
2021-05-27,-0.0011863935488206647,-0.0011863935488206647,0.0,0.0,0.09250442711985862,1.3001042258409186,0
2021-05-28,0.0009806005400451803,0.0009806005400451803,0.0,0.0,0.09255509444983327,1.3004606904657612,0
2021-06-01,-0.00025511348963557596,-0.00025511348963557596,0.0,0.0,0.09078561133698383,1.3001663471836093,0
2021-06-02,0.0022386401526775833,0.0022386401526775833,0.0,0.0,0.09036599727648853,1.30024294320859,0
2021-06-03,-0.007568211078484359,-0.007642951364028074,0.1494805710874293,7.474028554371464e-05,0.10000000000000003,1.4127734076071947,1
2021-06-04,0.010939893178605251,0.010939893178605251,0.0,0.0,0.09894716992025142,1.4160278283509062,0
2021-06-07,0.0001273946092743216,0.0001273946092743216,0.0,0.0,0.09982307166277829,1.4115257802744614,0
2021-06-08,0.0016048074952623097,0.0016048074952623097,0.0,0.0,0.09671289422915016,1.4114733607864374,0
2021-06-09,0.0016696245104547796,0.0016696245104547796,0.0,0.0,0.09122306729071053,1.4108140832664517,0
2021-06-10,0.005613939156169162,0.005613939156169162,0.0,0.0,0.09102022802450305,1.4101293212991544,0
2021-06-11,-0.0015299200065034837,-0.0015299200065034837,0.0,0.0,0.09116801875015944,1.4078397338478643,0
2021-06-14,-0.0012728984926911424,-0.0013186661666456183,0.0915353479089519,4.576767395447595e-05,0.09883126533311097,1.5,1
2021-06-15,-0.002702955143741402,-0.002702955143741402,0.0,0.0,0.09866456403418596,1.500706031777495,0
2021-06-16,-0.006237788639465265,-0.006237788639465265,0.0,0.0,0.09882135840807064,1.5020630857776802,0
2021-06-17,0.0008647597355344637,0.0008647597355344637,0.0,0.0,0.09995649833475935,1.5052145070905023,0
2021-06-18,-0.0015856839200556353,-0.0015856839200556353,0.0,0.0,0.09419256987534627,1.5047779954046927,0
2021-06-21,0.003391225427155904,0.003391225427155904,0.0,0.0,0.09401314912114393,1.5055796849814747,0
2021-06-22,0.003527382606506389,0.003527382606506389,0.0,0.0,0.09277767757992227,1.5038709450207153,0
2021-06-23,-0.001622647997171343,-0.001622647997171343,0.0,0.0,0.09280295319070894,1.5020998467545437,0
2021-06-24,0.004141797018256427,0.004141797018256427,0.0,0.0,0.09281362825210654,1.5029159022360528,0
2021-06-25,-0.0011453431368315856,-0.0011453431368315856,0.0,0.0,0.092912079761553,1.5008415183288193,0
2021-06-28,0.005529129303005453,0.005529129303005453,0.0,0.0,0.09206688702362346,1.5014158114872052,0
2021-06-29,-0.00021549482844015523,-0.00021549482844015523,0.0,0.0,0.09182042789484104,1.4986586632599768,0
2021-06-30,0.0021435917792078916,0.0021435917792078916,0.0,0.0,0.09132304907302936,1.4987661447847789,0
2021-07-01,0.002904352342139926,0.002904352342139926,0.0,0.0,0.09074218266118224,1.4976992806981568,0
2021-07-02,0.007806905902433742,0.007782654502916659,0.04850279903416588,2.425139951708294e-05,0.08915157582361896,1.4999999999999998,1
2021-07-06,0.003986488105007376,0.003981331170996202,0.010313868022348543,5.1569340111742715e-06,0.08987145019853093,1.5,1
2021-07-07,0.004582332901332817,0.004576321980443023,0.012021841779588427,6.010920889794214e-06,0.08995130608444384,1.5,1
2021-07-08,-0.0033729019764117954,-0.0033729019764117954,0.0,0.0,0.09000123449556421,1.4977282462074828,0
2021-07-09,0.0019102477336766985,0.0019065843892115291,0.007326688930338554,3.663344465169277e-06,0.08947350447455243,1.5,1
2021-07-12,0.0011993559492264514,0.0011924516083795353,0.013808681693832231,6.9043408469161155e-06,0.08943455666101895,1.5000000000000002,1
2021-07-13,-0.003895532929818682,-0.0038975880819560917,0.004110304274820009,2.0551521374100048e-06,0.08927588970475664,1.5,1
2021-07-14,0.006122919927957229,0.006120916170718354,0.004007514477750551,2.0037572388752754e-06,0.08923176289219684,1.5000000000000002,1
2021-07-15,0.00014196182404838304,0.00013357250740625245,0.016778633284261185,8.389316642130593e-06,0.08926590619598258,1.5,1
2021-07-16,-0.006635080421897067,-0.0066414811954829366,0.012801547171738648,6.4007735858693234e-06,0.08535720778235112,1.5,1
2021-07-19,-0.0023298087970636057,-0.0023337566025739874,0.007895611020763665,3.947805510381833e-06,0.08635213940781479,1.5,1
2021-07-20,0.005836471986070355,0.005818287696071816,0.03636857999707785,1.8184289998538923e-05,0.085594395625746,1.5,1
2021-07-21,0.0009536501429727739,0.0009450376218463571,0.01722504225283361,8.612521126416806e-06,0.08568225053267155,1.5,1
2021-07-22,0.004716607089906602,0.004712746785836123,0.0077206081409585126,3.860304070479256e-06,0.08467360382401802,1.5,1
2021-07-23,0.004084138226527018,0.004078882715715183,0.010511021623668543,5.255510811834271e-06,0.084347276214055,1.5,1
2021-07-26,-0.0006507766572132836,-0.0006541963525551766,0.0068393906837858065,3.419695341892903e-06,0.08416857643848019,1.5,1
2021-07-27,-0.001225606979448699,-0.0012266691690330626,0.0021243791687270697,1.0621895843635348e-06,0.08424216640089616,1.5,1
2021-07-28,0.0017887585967131098,0.0017870504279338289,0.0034163375585618827,1.7081687792809413e-06,0.08359157858751555,1.5,1
2021-07-29,0.0029537884193167837,0.002952308044677624,0.002960749278319297,1.4803746391596484e-06,0.08362155970758006,1.5,1
2021-07-30,-0.0031888064529265034,-0.00319287429360305,0.008135681353093227,4.067840676546613e-06,0.08374478017651332,1.5000000000000002,1
2021-08-02,0.0005734860736546583,0.000570237648915893,0.00649684947753057,3.248424738765285e-06,0.08373467704278088,1.5000000000000002,1
2021-08-03,0.004136968378881026,0.004132508603482877,0.008919550796296749,4.459775398148375e-06,0.08381557705265259,1.5,1
2021-08-04,-0.0013853755043131042,-0.0013912636688498095,0.011776329073410863,5.888164536705431e-06,0.08352476037714152,1.5,1
2021-08-05,0.001978680274289558,0.0019777922672720473,0.00177601403502195,8.88007017510975e-07,0.08364430243341268,1.5,1
2021-08-06,-0.009090180288000682,-0.009096372057348192,0.012383538695021012,6.191769347510506e-06,0.08281543402712953,1.4999999999999996,1
2021-08-09,-0.0044627033050290725,-0.0044709665771590825,0.016526544260019704,8.263272130009851e-06,0.08486336555620858,1.4999999999999996,1
2021-08-10,-0.0024563439953158347,-0.002471179665838885,0.029671341046100252,1.4835670523050127e-05,0.08328102025366418,1.5,1
2021-08-11,0.0031311170460086484,0.003127119177190652,0.007995737635992817,3.997868817996408e-06,0.08288788492460887,1.5,1
2021-08-12,0.0020455796974689915,0.002010631912807521,0.06989556932294064,3.4947784661470316e-05,0.07543290987544947,1.5,1
2021-08-13,0.0076631998125502605,0.007658001084791296,0.010397455517930282,5.198727758965141e-06,0.07449573710592652,1.5000000000000004,1
2021-08-16,0.0023582081374783014,0.0023357797081882464,0.044856858580110015,2.2428429290055008e-05,0.07145904635459238,1.4999999999999998,1
2021-08-17,-0.005539146770157672,-0.005541731457934552,0.0051693755537590425,2.584687776879521e-06,0.07146371717459639,1.5,1
2021-08-18,-0.006170538134412892,-0.006175065238193724,0.009054207561663363,4.527103780831681e-06,0.07141136297000024,1.4999999999999998,1
2021-08-19,0.0027860111510551247,0.0027799604151825664,0.012101471745116804,6.050735872558402e-06,0.07214318078306096,1.4999999999999998,1
2021-08-20,0.006342641169118462,0.006331284423724671,0.022713490787581364,1.1356745393790681e-05,0.06936205061828882,1.4999999999999998,1
2021-08-23,0.009438089696555305,0.009432118528885695,0.01194233533921965,5.971167669609826e-06,0.06995863330343063,1.5000000000000002,1
2021-08-24,7.96676945688296e-06,2.3491850067402504e-06,0.01123516890028542,5.617584450142709e-06,0.07009106575071536,1.5,1
2021-08-25,-0.0014485264980259236,-0.0014508426919275274,0.004632387803207655,2.3161939016038275e-06,0.07012317991776917,1.5000000000000002,1
2021-08-26,-0.0031648506347448694,-0.0031657662583145494,0.0018312471393598095,9.156235696799048e-07,0.07034236196600355,1.5,1
2021-08-27,0.010217514334580426,0.010216249725131493,0.0025292188978669194,1.2646094489334596e-06,0.07045302596943596,1.5,1
2021-08-30,0.004614244110451388,0.004606191903709006,0.01610441348476263,8.052206742381315e-06,0.07246087767347023,1.5,1
2021-08-31,-0.0018144551052719773,-0.0018192002625972057,0.009490314650456688,4.745157325228344e-06,0.07254785790268824,1.5,1
2021-09-01,0.0011661846512948625,0.001165696341422383,0.0009766197449593006,4.883098724796503e-07,0.07276643323987278,1.4999999999999998,1
2021-09-02,0.0017934716502148768,0.001784761305931851,0.017420688566051612,8.710344283025806e-06,0.07070898836054072,1.5,1
2021-09-03,0.0005119572626559564,0.0005040213373855145,0.01587185054088372,7.93592527044186e-06,0.0673270069137517,1.4999999999999998,1
2021-09-07,-0.006334514615224088,-0.006337713204972393,0.006397179496609506,3.198589748304753e-06,0.06735119772560891,1.5,1
2021-09-08,2.7754217011049164e-05,2.5226672587287397e-05,0.005055088847523537,2.5275444237617683e-06,0.06881423743102424,1.5,1
2021-09-09,0.0009793753681275488,0.0009782047439876285,0.0023412482798404743,1.1706241399202372e-06,0.06877392080637094,1.4999999999999996,1
2021-09-10,-0.007813399634246761,-0.00781850360897501,0.010207949456498389,5.103974728249194e-06,0.06787691573387865,1.5,1
2021-09-13,0.0031664453509335617,0.003162029788839253,0.008831124188617784,4.415562094308892e-06,0.06979024685344407,1.4999999999999998,1
2021-09-14,0.0006532126203954545,0.0006505873860803113,0.005250468630286553,2.625234315143277e-06,0.07003220727525913,1.5,1
2021-09-15,0.003744641065189772,0.0037388099179544326,0.011662294470678763,5.831147235339382e-06,0.0696098940137304,1.5,1
2021-09-16,-0.004883276223564326,-0.0048891310578184355,0.011709668508218779,5.8548342541093894e-06,0.06836211283109862,1.4999999999999996,1
2021-09-17,-0.008152564561373976,-0.00816599315767514,0.02685719260232855,1.3428596301164275e-05,0.06972710228588852,1.5,1
2021-09-20,-0.008457398059563281,-0.008470258510980952,0.025720902835341675,1.2860451417670838e-05,0.07123146931895692,1.5,1
2021-09-21,0.0013903896462200422,0.0013772845997680723,0.026210092903939664,1.3105046451969831e-05,0.07177588510497118,1.5,1
2021-09-22,0.006692559785424865,0.0066889991481085655,0.007121274632598068,3.560637316299034e-06,0.07155458682151937,1.5,1
2021-09-23,-0.00030195121502067597,-0.00031056595743986644,0.017229484838380965,8.614742419190482e-06,0.07215997715023349,1.5,1
2021-09-24,-0.0019013522133456851,-0.001912533672406092,0.022362918120814063,1.1181459060407031e-05,0.07165954543225331,1.5,1
2021-09-27,-0.0036618221163063538,-0.003664042617315413,0.0044410020181180065,2.2205010090590034e-06,0.0718326971656749,1.5000000000000002,1
2021-09-28,-0.019909129820157582,-0.01991407029727312,0.00988095423107413,4.940477115537065e-06,0.0715562721875588,1.5,1
2021-09-29,0.00038984915107147613,0.00036430653135399,0.05108523943497226,2.5542619717486126e-05,0.08012986648894782,1.5,1
2021-09-30,-0.0020921121766021397,-0.0020933989283045285,0.0025735034047777716,1.2867517023888858e-06,0.08006303262176158,1.5,1
2021-10-01,0.008227749617531295,0.008219404955858817,0.0166893233449536,8.344661672476799e-06,0.07962936901268435,1.5000000000000004,1
2021-10-04,-0.009966897749423075,-0.009974723444274814,0.015651389703480595,7.825694851740298e-06,0.07970435830179513,1.4999999999999998,1
2021-10-05,0.0032962102787200734,0.003287573983817514,0.01727258980511931,8.636294902559654e-06,0.08085115794186357,1.5,1
2021-10-06,0.004185901759829344,0.004174542479293134,0.022718561072420207,1.1359280536210103e-05,0.08022398821515116,1.5,1
2021-10-07,0.0015421107727412093,0.0015390958505111085,0.0060298444602018275,3.014922230100914e-06,0.08046138945763033,1.5000000000000002,1
2021-10-08,-0.004094272836043128,-0.004098906300199145,0.00926692831203324,4.63346415601662e-06,0.08032802065267976,1.5,1
2021-10-11,-0.005976873401272454,-0.005977964386525715,0.0021819705065213857,1.0909852532606928e-06,0.08068323748114581,1.5,1
2021-10-12,0.0036191308417171456,0.0036168577480904756,0.004546187253339468,2.273093626669734e-06,0.08107077408386223,1.5,1
2021-10-13,0.008652952517348877,0.008645434699624298,0.015035635449158036,7.517817724579018e-06,0.08055679285622937,1.5000000000000002,1
2021-10-14,0.012205113171732736,0.012195695663202343,0.018835017060784914,9.417508530392458e-06,0.08238743859525642,1.5,1
2021-10-15,-0.0008839568472754611,-0.000900401934599509,0.03289017464809568,1.644508732404784e-05,0.08414625138336403,1.5,1
2021-10-18,0.003414460716884466,0.003401237463438394,0.026446506892143895,1.3223253446071947e-05,0.08420538457386444,1.5000000000000002,1
2021-10-19,0.001762425358874742,0.001756706155851358,0.011438406046767796,5.719203023383898e-06,0.08391818576640321,1.5,1
2021-10-20,0.0010452561380501664,0.0010419926526518872,0.006526970796558257,3.2634853982791286e-06,0.08395333681064163,1.5000000000000004,1
2021-10-21,0.0006610663210542945,0.0006566872910415405,0.008758060025508052,4.379030012754026e-06,0.08348931647168062,1.5,1
2021-10-22,0.0005616683921494204,0.0005593179927134291,0.004700798871982631,2.3503994359913154e-06,0.0833316547696111,1.5000000000000004,1
2021-10-25,0.005309675975919569,0.005303702139000491,0.011947673838155037,5.973836919077519e-06,0.08321295233713252,1.4999999999999998,1
2021-10-26,0.0016999063989711486,0.0016958413643943407,0.00813006915361597,4.065034576807986e-06,0.08383925696725182,1.5,1
2021-10-27,0.0032903750896085024,0.00328666639408198,0.0074173910530452025,3.7086955265226014e-06,0.0838313410951654,1.5,1
2021-10-28,0.00552532380160636,0.005513911695147344,0.02282421291803194,1.1412106459015968e-05,0.08384083064889875,1.5000000000000002,1
2021-10-29,0.00029081258867160847,0.0002836558360235154,0.014313505296186135,7.156752648093068e-06,0.084020491552047,1.5,1
2021-11-01,7.555427167141738e-05,7.358860925256053e-05,0.003931324837713718,1.965662418856859e-06,0.08401370312467556,1.5000000000000002,1
2021-11-02,0.0038629787759997137,0.003860881233286321,0.004195085426786038,2.097542713393019e-06,0.0837447322745768,1.5,1
2021-11-03,0.0011909131706462834,0.0011889466706313011,0.003933000029964551,1.9665000149822753e-06,0.08398746146780471,1.5,1
2021-11-04,0.009401536577647057,0.009397751232497507,0.007570690299100263,3.7853451495501316e-06,0.08382622865471104,1.4999999999999998,1
2021-11-05,0.008019666559605093,0.008011493259000342,0.016346601209503514,8.173300604751756e-06,0.08366991317245262,1.5,1
2021-11-08,-0.0005076895841398737,-0.000516097953337979,0.016816738396210396,8.408369198105198e-06,0.08427481912320643,1.5,1
2021-11-09,0.001525587504944202,0.0015240436897266773,0.0030876304350491712,1.5438152175245857e-06,0.08411155101375692,1.5,1
2021-11-10,-0.00991872570072017,-0.009924944727940341,0.012438054440345014,6.219027220172507e-06,0.08386000580841779,1.4999999999999998,1
2021-11-11,0.0006216839231172103,0.0006153909273947816,0.012585991444857475,6.292995722428738e-06,0.08603204742199999,1.5,1
2021-11-12,0.004342290373255667,0.004336363133780517,0.01185447895030059,5.927239475150295e-06,0.08484205227192758,1.5000000000000002,1
2021-11-15,-0.003245329624936096,-0.0032513622407923733,0.012065231712554914,6.032615856277457e-06,0.08490712265305435,1.5,1
2021-11-16,0.0010887889007489284,0.001085455248211636,0.006667305074584767,3.3336525372923835e-06,0.08468536596518264,1.5,1
2021-11-17,0.0023361654380221726,0.0023319287571477764,0.008473361748792707,4.236680874396353e-06,0.08416531074387619,1.5,1
2021-11-18,0.003230088141262228,0.0032261908179792077,0.007794646566040592,3.8973232830202956e-06,0.0841532789320808,1.5000000000000002,1
2021-11-19,0.0011394584057226834,0.0011362707380856922,0.006375335273982596,3.1876676369912982e-06,0.08377296625248434,1.5,1
2021-11-22,-0.01107710683206627,-0.011083837415187347,0.013461166242156347,6.730583121078174e-06,0.08236129656381304,1.4999999999999998,1
2021-11-23,-0.005291952157489798,-0.005296823496445566,0.009742677911535436,4.871338955767718e-06,0.085385962462529,1.4999999999999998,1
2021-11-24,0.0045295555338155805,0.004527746913445112,0.0036172407409367224,1.8086203704683613e-06,0.08596710619956197,1.5,1
2021-11-26,-0.008355015793373919,-0.008363091642218514,0.01615169768919114,8.07584884459557e-06,0.08617249997579218,1.5,1
2021-11-29,0.008717130490109104,0.008695809662681929,0.04264165485435126,2.132082742717563e-05,0.08441660703289464,1.5000000000000002,1
2021-11-30,-0.008978221652482424,-0.008991944878136888,0.02744645130892731,1.3723225654463655e-05,0.08519156235752795,1.5,1
2021-12-01,-0.004902778784818741,-0.004913002924616392,0.020448279595301738,1.022413979765087e-05,0.08615050879752996,1.5000000000000002,1
2021-12-02,0.007281882150559447,0.0072792111028507625,0.005342095417367854,2.6710477086839268e-06,0.08613053103859733,1.5000000000000004,1
2021-12-03,-0.0020602213491462554,-0.00207081290168491,0.021183105077308695,1.0591552538654347e-05,0.08689517658644161,1.5,1
2021-12-06,0.0030944650996507714,0.003091737491639605,0.005455216022332371,2.7276080111661856e-06,0.08651246382838743,1.5,1
2021-12-07,0.01230794962069848,0.012297427878276725,0.02104348484351154,1.052174242175577e-05,0.08520224091242967,1.5,1
2021-12-08,-0.0016770557576490644,-0.0017024913007700946,0.050871086242060326,2.5435543121030164e-05,0.08695401161366005,1.4999999999999998,1
2021-12-09,-0.006307617110310821,-0.0063090599881355115,0.0028857556493813996,1.4428778246907e-06,0.08706394540329607,1.5,1
2021-12-10,0.005936780071579129,0.0059342890586730436,0.004982025812171553,2.4910129060857765e-06,0.08669120173489417,1.4999999999999998,1
2021-12-13,-0.0016077583044762727,-0.001613467914711054,0.01141922046956248,5.70961023478124e-06,0.08700012199089467,1.5,1
2021-12-14,-0.006855822940135658,-0.006859120424443264,0.0065949686152126374,3.2974843076063186e-06,0.08675484793997557,1.5,1
2021-12-15,0.00886092966000306,0.008858795709465595,0.004267901074928193,2.1339505374640964e-06,0.08775488889594395,1.5,1
2021-12-16,-0.004391103943535974,-0.004409457723116759,0.0367075591615702,1.83537795807851e-05,0.08760525326089182,1.5,1
2021-12-17,-0.002504418961410386,-0.002510205163401587,0.011572403982401697,5.786201991200848e-06,0.08656033276477959,1.5000000000000002,1
2021-12-20,-0.00751683193300489,-0.007526149414693305,0.018634963376829322,9.31748168841466e-06,0.08659309214453248,1.5,1
2021-12-21,0.009584974388390859,0.00958243190157187,0.005084973637978746,2.542486818989373e-06,0.08771948986261446,1.5,1
2021-12-22,0.00851599928146395,0.008502328561551916,0.027341439824067754,1.3670719912033878e-05,0.08844259119808759,1.5000000000000002,1
2021-12-23,0.0025852660668795853,0.002579465135526862,0.011601862705446803,5.800931352723402e-06,0.08960275401024229,1.5,1
2021-12-27,0.007896728520042197,0.007893360013127966,0.006737013828460703,3.3685069142303514e-06,0.08942278739528922,1.4999999999999998,1
2021-12-28,-0.0028458857227128985,-0.0028458857227128985,0.0,0.0,0.0905612429662208,1.4960875707132364,0
2021-12-29,-0.002514541085301365,-0.002522092227568106,0.015102284533482252,7.551142266741126e-06,0.08413445655700588,1.4999999999999996,1
2021-12-30,0.0019272561658195482,0.0019260924340702378,0.0023274634986208964,1.1637317493104482e-06,0.08448803210725969,1.5,1
2021-12-31,-4.950339226734036e-05,-5.86967534332977e-05,0.018386722331914684,9.193361165957342e-06,0.08466786483562781,1.5,1
2022-01-03,-0.005738327812929151,-0.005742054851136323,0.007454076414344396,3.727038207172198e-06,0.08374140303878083,1.5,1
2022-01-04,-0.0022933210024437597,-0.0023021851271945305,0.017728249501542004,8.864124750771001e-06,0.08387463836793739,1.5,1
2022-01-05,-0.015577040216414097,-0.015580978611511576,0.007876790194959571,3.9383950974797855e-06,0.08407298759714237,1.5,1
2022-01-06,-0.002640925235176197,-0.002649344337975014,0.016838205597634465,8.419102798817232e-06,0.08841932865287638,1.5,1
2022-01-07,-0.004354956733196577,-0.004357507764308655,0.005102062224153908,2.5510311120769542e-06,0.08876781042419608,1.5,1
2022-01-10,0.000926312860245472,0.0009240732846053182,0.004479151280307375,2.2395756401536876e-06,0.08878281218453658,1.5,1
2022-01-11,0.010529284667509199,0.010526995084332098,0.0045791663542009975,2.2895831771004987e-06,0.08809618713094688,1.5,1
2022-01-12,0.001644013890635934,0.001644013890635934,0.0,0.0,0.09008079997441244,1.4947935997904245,0
2022-01-13,-0.00802812865101761,-0.00803713363718934,0.018009972343459635,9.004986171729817e-06,0.08828368923887915,1.5000000000000002,1
2022-01-14,-0.003197052134198516,-0.0032022592990676754,0.010414329738318462,5.2071648691592306e-06,0.08715997679127566,1.5000000000000002,1
2022-01-18,-0.014320505120147889,-0.014328632706407938,0.016255172520098782,8.127586260049391e-06,0.08743661720656322,1.4999999999999998,1
2022-01-19,-9.696437918263424e-05,-9.696437918263424e-05,0.0,0.0,0.091939331426907,1.5072767092333803,0
2022-01-20,-0.0052274169637724875,-0.0052274169637724875,0.0,0.0,0.09145436168982941,1.5073259017744896,0
2022-01-21,-0.007969729033992817,-0.007969729033992817,0.0,0.0,0.09173525463156058,1.5099918417795934,0
2022-01-24,0.0012909703976089573,0.0012909703976089573,0.0,0.0,0.09242369060396423,1.514088991743145,0
2022-01-25,-0.007742596039153147,-0.007742596039153147,0.0,0.0,0.09257808230307123,1.5134261737514743,0
2022-01-26,-0.008739184166372977,-0.008739184166372977,0.0,0.0,0.09280727274570062,1.5174324441440332,0
2022-01-27,-0.0038097109326528204,-0.0038097109326528204,0.0,0.0,0.09461470753550096,1.52199424801119,0
2022-01-28,0.01223131757410064,0.01223131757410064,0.0,0.0,0.09435071248632419,1.523990500348976,0
2022-01-31,0.010416185329650364,0.010416185329650364,0.0,0.0,0.0978887270739468,1.5176588505528203,0
2022-02-01,0.003779941949335215,0.003779941949335215,0.0,0.0,0.10098253184685563,1.5123224054293363,0
2022-02-02,0.0061218529558279555,0.0061218529558279555,0.0,0.0,0.1014599077958189,1.5103931489549483,0
2022-02-03,-0.018261106282821852,-0.018261106282821852,0.0,0.0,0.1021118660315901,1.507287608807515,0
2022-02-04,-0.0012402128292822918,-0.0012402128292822918,0.0,0.0,0.10766332512059308,1.5167235525188998,0
2022-02-07,-0.000592196491670402,-0.000592196491670402,0.0,0.0,0.10647332198069608,1.5173651954717482,0
2022-02-08,0.0027871946324780263,0.0027871946324780263,0.0,0.0,0.10457078072599785,1.5176717588711885,0
2022-02-09,0.01037359330244601,0.01037359330244601,0.0,0.0,0.10524851447722042,1.5162329172551066,0
2022-02-10,-0.018661168053424146,-0.018661168053424146,0.0,0.0,0.1078446795968618,1.5109327091257194,0
2022-02-11,-0.001487918070374593,-0.0015552356989138633,0.13463525707854057,6.731762853927028e-05,0.1,1.461800850496869,1
2022-02-14,-0.0033295189770151433,-0.0033295189770151433,0.0,0.0,0.09883755758016961,1.4625876008761658,0
2022-02-15,0.0030318589425480545,0.0030318589425480545,0.0,0.0,0.09882263999600946,1.4641329403087817,0
2022-02-16,0.005999116160481876,0.005999116160481876,0.0,0.0,0.09978527313355236,1.4627300081954488,0
2022-02-17,-0.0053600807727412865,-0.0053600807727412865,0.0,0.0,0.10040722630908212,1.4599705911885041,0
2022-02-18,-0.0004339985719096068,-0.0004339985719096068,0.0,0.0,0.09958576879172483,1.4624493570958401,0
2022-02-22,-0.003750023288302266,-0.003750023288302266,0.0,0.0,0.09902526690863285,1.4626501465987576,0
2022-02-23,-0.010121713001747787,-0.010121713001747787,0.0,0.0,0.09888253801560495,1.4643916260111922,0
2022-02-24,0.008737973240873598,0.008737973240873598,0.0,0.0,0.09782804601274521,1.4691401277417981,0
2022-02-25,0.008189393941778079,0.008189393941778079,0.0,0.0,0.09986505755869804,1.4650763034473109,0
2022-02-28,0.007809170253406289,0.007809170253406289,0.0,0.0,0.10152965543676737,1.4612985479136755,0
2022-03-01,0.001265483634261133,0.001265483634261133,0.0,0.0,0.10216420935090932,1.4577241024684127,0
2022-03-02,-0.00415118673046545,-0.00415118673046545,0.0,0.0,0.10061510257925327,1.4571455922030048,0
2022-03-03,-0.00030610270317932764,-0.00030610270317932764,0.0,0.0,0.10130199280800271,1.4590511994507689,0
2022-03-04,0.002266295719044434,0.002266295719044434,0.0,0.0,0.10080490322507393,1.4591917592895651,0
2022-03-07,-0.012530431439309906,-0.012530431439309906,0.0,0.0,0.09969975358351468,1.45815344809149,0
2022-03-08,0.0008497495165592983,0.0008497495165592983,0.0,0.0,0.10165058741243163,1.4639671567391006,0
2022-03-09,0.0028868121369835667,0.0028868121369835667,0.0,0.0,0.10126790186380379,1.4635732356062543,0
2022-03-10,-0.007551904458355869,-0.007551904458355869,0.0,0.0,0.10104073190987731,1.462238838915887,0
2022-03-11,-0.008871211208069928,-0.008871211208069928,0.0,0.0,0.10191525738894747,1.4657561851268532,0
2022-03-14,-0.017396328574015234,-0.017396328574015234,0.0,0.0,0.10257331856076626,1.46992498895583,0
2022-03-15,0.006264701908804341,0.006264701908804341,0.0,0.0,0.10740112376318929,1.4782446907346278,0
2022-03-16,0.017469188722680693,0.017469188722680693,0.0,0.0,0.1093344734108405,1.4752672828803752,0
2022-03-17,0.004757721740142149,0.004656624739778971,0.202194000726355,0.0001010970003631775,0.1,1.2827168091806038,1
2022-03-18,0.006322787188724316,0.006322787188724316,0.0,0.0,0.1000997754799428,1.2815070335640508,0
2022-03-21,-0.0076525636078837046,-0.0076525636078837046,0.0,0.0,0.10157228510302214,1.2797383077754527,0
2022-03-22,0.0019398841662146078,0.0019398841662146078,0.0,0.0,0.10266706231335136,1.2818955312591918,0
2022-03-23,0.0016934184669487825,0.0016934184669487825,0.0,0.0,0.10291989107816378,1.2813497453430323,0
2022-03-24,0.005860942620401962,0.005860942620401962,0.0,0.0,0.10125701997934118,1.280874107941756,0
2022-03-25,-0.0051173655502763805,-0.0051173655502763805,0.0,0.0,0.10153070863619856,1.2792375129011786,0
2022-03-28,0.003074881058425535,0.003074881058425535,0.0,0.0,0.10211191220162054,1.2806738234561976,0
2022-03-29,0.009340320350583941,0.009340320350583941,0.0,0.0,0.10204496615182623,1.2798134304390474,0
2022-03-30,-0.00027265675440442275,-0.00027265675440442275,0.0,0.0,0.10434288656602807,1.2772240688273082,0
2022-03-31,-0.005111889458488571,-0.005111889458488571,0.0,0.0,0.10385724778888612,1.2772996764570883,0
2022-04-01,-0.000668388476671506,-0.000668388476671506,0.0,0.0,0.1036729821390253,1.278724485214881,0
2022-04-04,0.005669862184542492,0.005669862184542492,0.0,0.0,0.1038056967132737,1.2789109060505033,0
2022-04-05,-0.014572936292499308,-0.014572936292499308,0.0,0.0,0.10445445029939224,1.2773384353436281,0
2022-04-06,-0.007549830820448996,-0.007549830820448996,0.0,0.0,0.10789970718345564,1.2814398402051084,0
2022-04-07,0.0004059733850614269,0.0004059733850614269,0.0,0.0,0.10603204251715463,1.2835808274764786,0
2022-04-08,-0.005124809950291354,-0.005124809950291354,0.0,0.0,0.10608782535365013,1.2834657479272438,0
2022-04-11,-0.010222737374383298,-0.010222737374383298,0.0,0.0,0.10605930591817962,1.2849259392156323,0
2022-04-12,0.00245147661123929,0.00245147661123929,0.0,0.0,0.10705827802558603,1.2878687458022617,0
2022-04-13,0.007600833124458811,0.007600833124458811,0.0,0.0,0.10526660666240653,1.2871647680897178,0
2022-04-14,-0.01196926093681034,-0.01196926093681034,0.0,0.0,0.10695590945007073,1.284998541733289,0
2022-04-18,-0.0005967977081860678,-0.0005967977081860678,0.0,0.0,0.10852473821321693,1.2884510880739533,0
2022-04-19,0.0009493323508365887,0.0009493323508365887,0.0,0.0,0.10842091009992301,1.2886233378204934,0
2022-04-20,0.003672296401154237,0.003672296401154237,0.0,0.0,0.10737234143360648,1.288349598218554,0
2022-04-21,-0.009883717829384546,-0.009883717829384546,0.0,0.0,0.1072525900626592,1.2872945674125738,0
2022-04-22,-0.013347585646806605,-0.013347585646806605,0.0,0.0,0.10829410193368139,1.290162451204966,0
2022-04-25,0.0035017206127573347,0.0034409263805891444,0.12158846433638114,6.0794232168190564e-05,0.1,1.172499349146733,1
2022-04-26,-0.008200158451046487,-0.008200158451046487,0.0,0.0,0.10082009213281584,1.1719684127309071,0
2022-04-27,-0.004235629993389138,-0.004235629993389138,0.0,0.0,0.10032590454255082,1.1733902401742007,0
2022-04-28,0.010589866688790837,0.010589866688790837,0.0,0.0,0.10002310021951816,1.1741277810261974,0
2022-04-29,-0.017482460104146356,-0.017482460104146356,0.0,0.0,0.10350850161818154,1.1723031140186762,0
2022-05-02,-0.003258433266293227,-0.003258433266293227,0.0,0.0,0.10583621958992565,1.17536899548576,0
2022-05-03,0.003429908824365748,0.003429908824365748,0.0,0.0,0.10536355787533015,1.17594229170199,0
2022-05-04,0.0149415773345338,0.0149415773345338,0.0,0.0,0.10559081253695815,1.1753408884414525,0
2022-05-05,-0.019894708640254055,-0.0199342239330816,0.07903058565508608,3.951529282754304e-05,0.1,1.0937290020464419,1
2022-05-06,-0.00539797241455015,-0.00539797241455015,0.0,0.0,0.10356638643578082,1.095675738944349,0
2022-05-09,-0.01076749801992136,-0.01076749801992136,0.0,0.0,0.10358266490188539,1.0961949968839464,0
2022-05-10,0.0024841687787775834,0.0024841687787775834,0.0,0.0,0.10424581299237856,1.0972420504698335,0
2022-05-11,-0.0016925515901139029,-0.0016925515901139029,0.0,0.0,0.10477783620986217,1.0970010834069264,0
2022-05-12,-0.002668055741038276,-0.002668055741038276,0.0,0.0,0.10292893403547879,1.0971655410980161,0
2022-05-13,0.0034676332275666933,0.0034676332275666933,0.0,0.0,0.10060421277529667,1.0974254777031254,0
2022-05-16,-0.0005236813145107877,-0.0005236813145107877,0.0,0.0,0.10210760756380764,1.097088809321896,0
2022-05-17,0.0018600517071886385,0.0018600517071886385,0.0,0.0,0.10165580712887262,1.0971396795569774,0
2022-05-18,-0.008903285541708737,-0.008903285541708737,0.0,0.0,0.10257449333446908,1.0969593301893308,0
2022-05-19,0.0027604564388138174,0.0027604564388138174,0.0,0.0,0.1014762530748052,1.0978303416557345,0
2022-05-20,0.002076099105981705,0.002076099105981705,0.0,0.0,0.10130108748775679,1.0975610286859214,0
2022-05-23,0.0027648891701968015,0.0027648891701968015,0.0,0.0,0.10142026843555466,1.0973589019566101,0
2022-05-24,0.0032069148586312958,0.0032069148586312958,0.0,0.0,0.10225765464442298,1.0970904576018572,0
2022-05-25,0.005144427970831702,0.005144427970831702,0.0,0.0,0.10113061153422129,1.0967800920865252,0
2022-05-26,0.007016064256574529,0.007016064256574529,0.0,0.0,0.10131445249475561,1.096284762063401,0
2022-05-27,0.00914166213012436,0.00914166213012436,0.0,0.0,0.10253459878957537,1.0956139285965443,0
2022-05-31,-0.00836868832014394,-0.00836868832014394,0.0,0.0,0.10457384476355684,1.0947477764367788,0
2022-06-01,-0.0025465758131466465,-0.0025465758131466465,0.0,0.0,0.1056087343176341,1.095547382702421,0
2022-06-02,0.008524519278273562,0.008524519278273562,0.0,0.0,0.1052235879300815,1.0957913225675806,0
2022-06-03,-0.008550059877012153,-0.008550059877012153,0.0,0.0,0.10764267927940248,1.0949816496639384,0
2022-06-06,-0.0047291121891876176,-0.0047291121891876176,0.0,0.0,0.10786897296436385,1.0958007518283335,0
2022-06-07,0.005723749773399343,0.005723749773399343,0.0,0.0,0.10707088134829411,1.0962559570480914,0
2022-06-08,-0.005846730721756332,-0.005846730721756332,0.0,0.0,0.10813211193194638,1.0957081475601815,0
2022-06-09,-0.008047432369092125,-0.008047432369092125,0.0,0.0,0.10802996770109144,1.096271018280376,0
2022-06-10,-0.01135029447320701,-0.01135029447320701,0.0,0.0,0.10768277605155818,1.0970520379924025,0
2022-06-13,-0.027288236379397653,-0.027288236379397653,0.0,0.0,0.10801408445161705,1.0981662538812866,0
2022-06-14,-0.003345164409662044,-0.0034216549228186445,0.15298102631320032,7.649051315660016e-05,0.1,0.9479391615088271,1
2022-06-15,0.012292307485878305,0.012292307485878305,0.0,0.0,0.099760596089615,0.9478371688138674,0
2022-06-16,-0.006333734972980712,-0.006333734972980712,0.0,0.0,0.10151263014993119,0.948470584236994,0
2022-06-17,0.0007275632707687304,0.0007275632707687304,0.0,0.0,0.10023966879728359,0.9481421302336306,0
2022-06-21,0.0020191850920712805,0.0020191850920712805,0.0,0.0,0.10005487116448884,0.9481798326840547,0
2022-06-22,0.0053327745697514615,0.0053327745697514615,0.0,0.0,0.10090349111709818,0.948284256342673,0
2022-06-23,0.00394827360642127,0.00394827360642127,0.0,0.0,0.10160151538686146,0.9485585818293254,0
2022-06-24,0.005629525483224439,0.005629525483224439,0.0,0.0,0.10232309075378952,0.9487608878633906,0
2022-06-27,-0.0036708993069207653,-0.0036708993069207653,0.0,0.0,0.10391557332912482,0.9490477249939655,0
2022-06-28,-0.006333585192818843,-0.006333585192818843,0.0,0.0,0.10372062160731459,0.9488599951857368,0
2022-06-29,0.002471125926602443,0.002471125926602443,0.0,0.0,0.10314130642091629,0.948534031087096,0
2022-06-30,-0.00120025385655002,-0.00120025385655002,0.0,0.0,0.10235790538046237,0.9486608964768608,0
2022-07-01,0.005473691684589793,0.005473691684589793,0.0,0.0,0.10190758377227006,0.9485992024713972,0
2022-07-05,-0.00047357425572242115,-0.00047357425572242115,0.0,0.0,0.10303430524826522,0.948879022938447,0
2022-07-06,-0.005343035169916034,-0.005343035169916034,0.0,0.0,0.10352451694696677,0.9488548018893179,0
2022-07-07,0.004186308405828629,0.004186308405828629,0.0,0.0,0.1036955251367484,0.9485800633594124,0
2022-07-08,-0.0019609974943935087,-0.0019609974943935087,0.0,0.0,0.10345816073343929,0.94879442568559,0
2022-07-11,-0.002108866016077167,-0.002108866016077167,0.0,0.0,0.10324351869703059,0.9486938143841506,0
2022-07-12,-0.001079009374917061,-0.001079009374917061,0.0,0.0,0.10262353704820384,0.9485853878558701,0
2022-07-13,0.0011831235272915814,0.0011831235272915814,0.0,0.0,0.10221178314375824,0.94852985108266,0
2022-07-14,-0.0037612750773140602,-0.0037612750773140602,0.0,0.0,0.10150358825090262,0.9485906746649859,0
2022-07-15,0.00645287885309111,0.00645287885309111,0.0,0.0,0.10160765288974503,0.9483965800074637,0
2022-07-18,-0.004699584948244672,-0.004699584948244672,0.0,0.0,0.10265239960959045,0.9487274356536779,0
2022-07-19,0.007057882759323774,0.007057882759323774,0.0,0.0,0.1014364494265287,0.9484853381241121,0
2022-07-20,0.0017948199294882253,0.0017948199294882253,0.0,0.0,0.10383537983595094,0.9488463744161968,0
2022-07-21,0.009680552958952716,0.009680552958952716,0.0,0.0,0.10444501983173708,0.9489380214728964,0
2022-07-22,0.0007544810449808177,0.0007544810449808177,0.0,0.0,0.1065852120350879,0.9494275903626526,0
2022-07-25,-0.0025867411550883537,-0.0025867411550883537,0.0,0.0,0.10526460463815075,0.9494657175209048,0
2022-07-26,-0.004393797119400333,-0.004393797119400333,0.0,0.0,0.10381992839008955,0.9493346593992361,0
2022-07-27,0.009602490767788815,0.009602490767788815,0.0,0.0,0.10336037718550302,0.9491110637376774,0
2022-07-28,0.00752426283874871,0.00752426283874871,0.0,0.0,0.10602095126131694,0.9495950765497595,0
2022-07-29,0.0040069722347608056,0.0040069722347608056,0.0,0.0,0.10729814720434414,0.9499715041023209,0
2022-08-01,0.004171369646573765,0.004171369646573765,0.0,0.0,0.10686854362051336,0.9501711668532307,0
2022-08-02,-0.007054867241869064,-0.007054867241869064,0.0,0.0,0.10366198767696289,0.950378157899177,0
2022-08-03,0.008683736550671884,0.008683736550671884,0.0,0.0,0.10440480123606803,0.9500255951071666,0
2022-08-04,0.0033819106923447598,0.0033819106923447598,0.0,0.0,0.10645833226005887,0.9504558236819329,0
2022-08-05,-0.008227200683320323,-0.008227200683320323,0.0,0.0,0.10393221006834301,0.9506228129188804,0
2022-08-08,0.003696688441861133,0.003696688441861133,0.0,0.0,0.0993769620288351,0.9502132069813368,0
2022-08-09,-0.002903274018620749,-0.002903274018620749,0.0,0.0,0.09902323261653999,0.9503965753877777,0
2022-08-10,0.006150901088420405,0.006150901088420405,0.0,0.0,0.09706073382714012,0.9502521437291844,0
2022-08-11,-0.00532015162675062,-0.00532015162675062,0.0,0.0,0.09848100680832465,0.9505562672388406,0
2022-08-12,0.00832278280809439,0.00832278280809439,0.0,0.0,0.09899199462808782,0.9502918121423469,0
2022-08-15,-0.0006215253982536791,-0.0006215253982536791,0.0,0.0,0.1006422697830681,0.9507021077920903,0
2022-08-16,-0.00032475199674947595,-0.00032475199674947595,0.0,0.0,0.10067203690357068,0.9506714488446882,0
2022-08-17,-0.0061204962904433495,-0.0061204962904433495,0.0,0.0,0.10067286106588087,0.9506554240951343,0
2022-08-18,0.0011104536992385622,0.0011104536992385622,0.0,0.0,0.10118478300661486,0.9503515509468783,0
2022-08-19,-0.008759839287738467,-0.008759839287738467,0.0,0.0,0.09981623220799561,0.9504066220968287,0
2022-08-22,-0.008717567046249791,-0.008717567046249791,0.0,0.0,0.10092393027038019,0.9499683529090108,0
2022-08-23,0.00016605359321463897,0.00016605359321463897,0.0,0.0,0.10177818353735926,0.949528363029789,0
2022-08-24,-0.00013999746075671587,-0.00013999746075671587,0.0,0.0,0.10154682345858505,0.9495367426349999,0
2022-08-25,0.007520673154765411,0.007520673154765411,0.0,0.0,0.10152232096715261,0.9495296769179251,0
2022-08-26,-0.011403849153548272,-0.011403849153548272,0.0,0.0,0.10277518235293613,0.9499064144023551,0
2022-08-29,-0.00369159469244946,-0.00369159469244946,0.0,0.0,0.10337128183806799,0.9493285650012353,0
2022-08-30,-0.004442015720505819,-0.004442015720505819,0.0,0.0,0.1019609572576638,0.9491408134982833,0
2022-08-31,-0.004888946029459917,-0.004888946029459917,0.0,0.0,0.10105738900602852,0.9489138881865082,0
2022-09-01,-0.00355969501227016,-0.00355969501227016,0.0,0.0,0.10120816817714352,0.9486629038943385,0
2022-09-02,-4.633638100158507e-05,-4.633638100158507e-05,0.0,0.0,0.10013378060260418,0.9484795066511349,0
2022-09-06,-0.006803194368290474,-0.006803194368290474,0.0,0.0,0.09877216865146897,0.9484771192673029,0
2022-09-07,0.01031644541636103,0.01031644541636103,0.0,0.0,0.09918310091839228,0.9481241981039935,0
2022-09-08,-0.0009010782824977266,-0.0009010782824977266,0.0,0.0,0.10147523615834976,0.9486539072670168,0
2022-09-09,0.005511690986585686,0.005511690986585686,0.0,0.0,0.10127771246199015,0.9486075986903113,0
2022-09-12,0.0024765801479092694,0.0024765801479092694,0.0,0.0,0.1015865761290695,0.9488893050470018,0
2022-09-13,-0.01664596273341514,-0.01664596273341514,0.0,0.0,0.10015311280917877,0.9490155720690681,0
2022-09-14,0.0011072352605558397,0.0011072352605558397,0.0,0.0,0.09276022419580413,0.9481525208635411,0
2022-09-15,-0.006996210805633684,-0.006996210805633684,0.0,0.0,0.09272958453312125,0.9482098647274637,0
2022-09-16,-0.00157129447292806,-0.00157129447292806,0.0,0.0,0.09007908680755933,0.9478449771933357,0
2022-09-19,0.0027198933122930236,0.002675263692417259,0.0892592397515286,4.46296198757643e-05,0.10000000000000002,1.0095009196513933,1
2022-09-20,-0.006632541299599977,-0.006632541299599977,0.0,0.0,0.10038911967069704,1.0095200805454372,0
2022-09-21,-0.0020268848533646815,-0.0020268848533646815,0.0,0.0,0.10075743606177247,1.0095836444631394,0
2022-09-22,-0.007938081030348721,-0.007938081030348721,0.0,0.0,0.09963828504383045,1.0096031088590312,0
2022-09-23,-0.008743535654041193,-0.008743535654041193,0.0,0.0,0.1001262616116885,1.0096799490791915,0
2022-09-26,-0.009076908238294351,-0.009076908238294351,0.0,0.0,0.09980860899934865,1.0097653326130673,0
2022-09-27,-0.004271740123194531,-0.004271740123194531,0.0,0.0,0.10090304408849961,1.0098547835793252,0
2022-09-28,0.017316088139820298,0.017316088139820298,0.0,0.0,0.10025673158596243,1.0098970612529814,0
2022-09-29,-0.0086922230789131,-0.0086922230789131,0.0,0.0,0.1068290575837901,1.0097285999586207,0
2022-09-30,-0.006949245138718543,-0.006949245138718543,0.0,0.0,0.1074189651424728,1.0098139046067378,0
2022-10-03,0.015564536678006084,0.015564536678006084,0.0,0.0,0.10692040095045713,1.0098825810853027,0
2022-10-04,0.011657835166422962,0.011596754322413026,0.12216168801987445,6.108084400993723e-05,0.09999999999999998,0.8875694326803711,1
2022-10-05,-0.0030788458870781494,-0.0030788458870781494,0.0,0.0,0.10359277712319966,0.8889186961153448,0
2022-10-06,-0.003860163462276622,-0.003860163462276622,0.0,0.0,0.10317872205245868,0.8885756376756824,0
2022-10-07,-0.012368079137734389,-0.012368079137734389,0.0,0.0,0.10312075616483998,0.8881438546704501,0
2022-10-10,-0.007584930960423361,-0.007584930960423361,0.0,0.0,0.1046859663095028,0.886743084172601,0
2022-10-11,-0.0015620608955966067,-0.0015620608955966067,0.0,0.0,0.10527627677982047,0.8858774726818639,0
2022-10-12,0.001290965772517921,0.001290965772517921,0.0,0.0,0.10494823216394196,0.8856989274461028,0
2022-10-13,0.0033715416213616796,0.0033715416213616796,0.0,0.0,0.10481541471120935,0.8858462959708107,0
2022-10-14,-0.009622384164636621,-0.009622384164636621,0.0,0.0,0.1049791979242987,0.8862298766768619,0
2022-10-17,0.00832573728904305,0.00832573728904305,0.0,0.0,0.10537589826724181,0.885124500489467,0
2022-10-18,0.004006715741182434,0.004006715741182434,0.0,0.0,0.10652739440012937,0.8860730265406256,0
2022-10-19,-0.007050551525718337,-0.007050551525718337,0.0,0.0,0.10715286274812814,0.8865276778798529,0
2022-10-20,-0.004958837140810643,-0.004958837140810643,0.0,0.0,0.10585825374730948,0.8857219546327325,0
2022-10-21,0.008034658641384721,0.008034658641384721,0.0,0.0,0.10592672432733836,0.8851524443080359,0
2022-10-24,0.001576913812012796,0.001576913812012796,0.0,0.0,0.10824152396153996,0.8860678502396397,0
2022-10-25,0.009526573727337348,0.009526573727337348,0.0,0.0,0.10847566862728453,0.8862472285560843,0
2022-10-26,-0.0003152393288429621,-0.0003152393288429621,0.0,0.0,0.10864248046776173,0.8873206764395298,0
2022-10-27,-0.0002816405455671738,-0.0002816405455671738,0.0,0.0,0.1069403789879833,0.8872851442840631,0
2022-10-28,0.004821571333505213,0.004821571333505213,0.0,0.0,0.10601111550126775,0.887253390267387,0
2022-10-31,-0.0062333425309366326,-0.0062333425309366326,0.0,0.0,0.10726068981425023,0.8877943975834575,0
2022-11-01,0.0011738805980807759,0.0011738805980807759,0.0,0.0,0.10696423697519263,0.8870905945845386,0
2022-11-02,-0.009894524184514487,-0.009894524184514487,0.0,0.0,0.10516852168445563,0.8872229813386545,0
2022-11-03,-0.0058890378317096505,-0.0058890378317096505,0.0,0.0,0.105235547913334,0.8860959550107947,0
2022-11-04,0.007025135725216274,0.007025135725216274,0.0,0.0,0.10451581687974713,0.8854211960999152,0
2022-11-07,0.0005439956348965868,0.0005439956348965868,0.0,0.0,0.10606723776106536,0.8862205124427505,0
2022-11-08,0.006302189755039298,0.006302189755039298,0.0,0.0,0.10646991184642693,0.8862823743347232,0
2022-11-09,-0.006594803698677532,-0.006594803698677532,0.0,0.0,0.10658196258161294,0.886994556085624,0
2022-11-10,0.02914778449355472,0.02914778449355472,0.0,0.0,0.10610851857551051,0.8862443599700087,0
2022-11-11,0.0031015696393254188,0.0030412323505601517,0.12067457753053422,6.0337288765267105e-05,0.1,0.7747250458364812,1
2022-11-14,-0.0026055145517714278,-0.0026055145517714278,0.0,0.0,0.10078731090418709,0.7754682363884701,0
2022-11-15,0.0054684968850790446,0.0054684968850790446,0.0,0.0,0.10056015398046328,0.7748816873489877,0
2022-11-16,0.00030827361699233414,0.00030827361699233414,0.0,0.0,0.10139803446092628,0.77610605071325,0
2022-11-17,-0.0033653314805391393,-0.0033653314805391393,0.0,0.0,0.10107429117688499,0.7761750500401474,0
2022-11-18,-0.0012009599857812202,-0.0012009599857812202,0.0,0.0,0.10025079274869476,0.7754192614106499,0
2022-11-21,-0.001431067160486457,-0.001431067160486457,0.0,0.0,0.09945656342350777,0.7751492246266547,0
2022-11-22,0.005425461802543433,0.005425461802543433,0.0,0.0,0.09924887658552657,0.7748269869222113,0
2022-11-23,0.005129965048106166,0.005129965048106166,0.0,0.0,0.10045679259812046,0.7760420621593422,0
2022-11-25,-0.0010181332264474505,-0.0010181332264474505,0.0,0.0,0.1005670962559341,0.7771850948350354,0
2022-11-28,-0.00440441340719582,-0.00440441340719582,0.0,0.0,0.09887985240363435,0.7769580083724665,0
2022-11-29,-0.001478058675794302,-0.001478058675794302,0.0,0.0,0.09853699137116748,0.7759712933332265,0
2022-11-30,0.011616413121416837,0.011616413121416837,0.0,0.0,0.09819075374362769,0.7756396756092567,0
2022-12-01,0.0069747047583228645,0.0069747047583228645,0.0,0.0,0.10198070753667961,0.7782160100601145,0
2022-12-02,0.0006619866600441166,0.0006619866600441166,0.0,0.0,0.10294455701797559,0.7797521736227584,0
2022-12-05,-0.00876021857505087,-0.00876021857505087,0.0,0.0,0.10292193249212753,0.779897878291177,0
2022-12-06,-0.0013509016046408073,-0.0013509016046408073,0.0,0.0,0.10313831737546242,0.777952695368605,0
2022-12-07,0.004625631954196956,0.004625631954196956,0.0,0.0,0.10125081055977805,0.7776523255383867,0
2022-12-08,0.0013458050827987924,0.0013458050827987924,0.0,0.0,0.10171146572678759,0.7786760884956689,0
2022-12-09,-0.004587115982823377,-0.004587115982823377,0.0,0.0,0.10165780162944282,0.7789735470195231,0
2022-12-12,0.0022928980747220105,0.0022928980747220105,0.0,0.0,0.10165718360599427,0.7779550008550393,0
2022-12-13,0.0065406881888108274,0.0065406881888108274,0.0,0.0,0.0985767331007787,0.7784629627013409,0
2022-12-14,-0.0014903183721082405,-0.0014903183721082405,0.0,0.0,0.09975144788547202,0.7799025514832418,0
2022-12-15,-0.007074439697015927,-0.007074439697015927,0.0,0.0,0.09890701882161894,0.779574046635253,0
2022-12-16,-0.0028043112656936805,-0.0028043112656936805,0.0,0.0,0.09906421543996304,0.7780035461092514,0
2022-12-19,-0.005322233129725537,-0.005322233129725537,0.0,0.0,0.09880475510259223,0.7773792482270774,0
2022-12-20,-0.0005708003293364982,-0.0005708003293364982,0.0,0.0,0.0984619483613031,0.7761880689528302,0
2022-12-21,0.003886913486761764,0.003886913486761764,0.0,0.0,0.09838431708211778,0.7760602440663917,0
2022-12-22,-0.005567085935369384,-0.005567085935369384,0.0,0.0,0.09822115406714903,0.7769273083202102,0
2022-12-23,-0.0006490225861556242,-0.0006490225861556242,0.0,0.0,0.097505697331415,0.7756784912035888,0
2022-12-27,-0.004291279319245055,-0.004291279319245055,0.0,0.0,0.09648842318543857,0.7755328069254325,0
2022-12-28,-0.004799601107893788,-0.004799601107893788,0.0,0.0,0.09627073989775017,0.7745654041062311,0
2022-12-29,0.007175307092636796,0.007175307092636796,0.0,0.0,0.09289874026086338,0.7734781897749126,0
2022-12-30,-0.0014632115354248903,-0.0014632115354248903,0.0,0.0,0.09372562380722135,0.7750919739295669,0
2023-01-03,0.002773582393193428,0.002773582393193428,0.0,0.0,0.09304611526044985,0.7747624036804207,0
2023-01-04,0.005313431397832268,0.005313431397832268,0.0,0.0,0.09049283050730593,0.775385390805736,0
2023-01-05,-0.004511459042986617,-0.004548327274282065,0.07373646259089732,3.686823129544866e-05,0.09999999999999999,0.8357814278562743,1
2023-01-06,0.012497667875117361,0.012497667875117361,0.0,0.0,0.099852513555315,0.8350681319738281,0
2023-01-09,0.002029992996010599,0.002029992996010599,0.0,0.0,0.10336131662282218,0.8371039526715089,0
2023-01-10,-0.00023046325237207808,-0.00023046325237207808,0.0,0.0,0.100704541427273,0.8374339605928947,0
2023-01-11,0.006075930865911793,0.006075930865911793,0.0,0.0,0.09970171520837091,0.8373964864583168,0
2023-01-12,0.005964397000387858,0.005964397000387858,0.0,0.0,0.10066915537393428,0.8383784875941388,0
2023-01-13,0.0010079156816348986,0.0010079156816348986,0.0,0.0,0.10137441914245385,0.8393367470182956,0
2023-01-17,-0.001868004031711873,-0.001868004031711873,0.0,0.0,0.10145838387365905,0.8394985189779434,0
2023-01-18,-8.402266763341839e-05,-8.402266763341839e-05,0.0,0.0,0.09958629389485069,0.8391981404560083,0
2023-01-19,-0.0013815536230297625,-0.0013815536230297625,0.0,0.0,0.09828938920104002,0.8391846283194832,0
2023-01-20,0.00250357303181152,0.00250357303181152,0.0,0.0,0.09798564502093061,0.8389621458886909,0
2023-01-23,0.0030630038564557456,0.0030630038564557456,0.0,0.0,0.0974270838598828,0.8393643090724434,0
2023-01-24,0.002018611446190354,0.002018611446190354,0.0,0.0,0.09731066557624814,0.8398548343324759,0
2023-01-25,0.0008668790219087615,0.0008668790219087615,0.0,0.0,0.09654529380650537,0.8401774539532849,0
2023-01-26,0.0017097685886682242,0.0017097685886682242,0.0,0.0,0.09652065530710602,0.8403158807663804,0
2023-01-27,0.00046001916108232076,0.00046001916108232076,0.0,0.0,0.09551258626368747,0.84058843764836,0
2023-01-30,-0.005242143240484212,-0.005242143240484212,0.0,0.0,0.09566136532917033,0.8406617363027542,0
2023-01-31,0.006145134812063004,0.006145134812063004,0.0,0.0,0.09594229379735429,0.8398220606004563,0
2023-02-01,0.008023628712114986,0.008023628712114986,0.0,0.0,0.09669332083728611,0.8408003638267723,0
2023-02-02,0.003652496137681045,0.003652496137681045,0.0,0.0,0.09726175006951646,0.8420675551260374,0
2023-02-03,-0.010101172313941365,-0.010101172313941365,0.0,0.0,0.09814326923413808,0.8426423035047207,0
2023-02-06,-0.003731316422840519,-0.003731316422840519,0.0,0.0,0.09800268458183542,0.8410365866751138,0
2023-02-07,0.003487384041720706,0.003487384041720706,0.0,0.0,0.09734381032630075,0.8404412223878011,0
2023-02-08,-0.0027835471180036493,-0.0027835471180036493,0.0,0.0,0.09735958802331725,0.8409957313369023,0
2023-02-09,-0.005035302498906702,-0.005035302498906702,0.0,0.0,0.09725089183844764,0.8405519000377812,0
2023-02-10,-0.002309838374032547,-0.002309838374032547,0.0,0.0,0.09722889159033357,0.8397449674720308,0
2023-02-13,0.003935096737262459,0.003935096737262459,0.0,0.0,0.09627449866874248,0.839373947251523,0
2023-02-14,-2.219725762693124e-05,-0.00010989300831110528,0.17539150136834808,8.769575068417404e-05,0.10000000000000003,1.0153950501331004,1
2023-02-15,-0.0014136789501922032,-0.0014136789501922032,0.0,0.0,0.09978853873319782,1.0154844475163043,0
2023-02-16,-0.008033496489040524,-0.008033496489040524,0.0,0.0,0.09957436952213428,1.0155063685431076,0
2023-02-17,0.000985062571347251,0.000985062571347251,0.0,0.0,0.09966198545495245,1.0156319477403968,0
2023-02-21,-0.01253769532717576,-0.01253769532717576,0.0,0.0,0.09951327589623676,1.0156165644472668,0
2023-02-22,0.0012821619893328457,0.0012821619893328457,0.0,0.0,0.10191091636691484,1.015814846170195,0
2023-02-23,0.0048252078106874536,0.0048252078106874536,0.0,0.0,0.10190662375293041,1.015794594940925,0
2023-02-24,-0.008240482576871022,-0.008240482576871022,0.0,0.0,0.10234021278615328,1.0157187487118662,0
2023-02-27,0.0035971049479829762,0.0035971049479829762,0.0,0.0,0.10245135820479952,1.0158493550459773,0
2023-02-28,8.921720471802194e-05,8.921720471802194e-05,0.0,0.0,0.10194253357459762,1.0157925475948821,0
2023-03-01,-0.0032012071080401295,-0.0032012071080401295,0.0,0.0,0.10184447757362747,1.0157911387536236,0
2023-03-02,0.0013977359758212196,0.0013977359758212196,0.0,0.0,0.10092306109687094,1.0158418518022174,0
2023-03-03,0.011911483333585587,0.011911483333585587,0.0,0.0,0.1010389018565353,1.0158197399825155,0
2023-03-06,-0.0016837084539713671,-0.0016837084539713671,0.0,0.0,0.09849597730169575,1.015633521551114,0
2023-03-07,-0.007701791787062995,-0.007701791787062995,0.0,0.0,0.09722670454593006,1.0156598882373276,0
2023-03-08,0.00014361185388051776,0.00014361185388051776,0.0,0.0,0.09825652212146183,1.0157814335526514,0
2023-03-09,-0.0036403650695346385,-0.0036403650695346385,0.0,0.0,0.09534321464309987,1.0157791674771575,0
2023-03-10,0.00522225395210209,0.00522225395210209,0.0,0.0,0.09491855161817138,1.0158368192808802,0
2023-03-13,0.006398046138162111,0.006398046138162111,0.0,0.0,0.0945665829178792,1.0157545450457515,0
2023-03-14,0.002270590285800971,0.002270590285800971,0.0,0.0,0.09511845660165813,1.0156543875519297,0
2023-03-15,0.004512853301018433,0.004512853301018433,0.0,0.0,0.09497780284415142,1.015618923376237,0
2023-03-16,0.0051583217864701325,0.0051583217864701325,0.0,0.0,0.09503679855689685,1.0155487541298354,0
2023-03-17,0.004336668366512388,0.004336668366512388,0.0,0.0,0.09450867683064897,1.0154689602551374,0
2023-03-20,0.00029592179582582775,0.00029592179582582775,0.0,0.0,0.0944230263274855,1.0154021661683392,0
2023-03-21,0.0003755584729047748,0.0003755584729047748,0.0,0.0,0.09175888020752186,1.015397609680031,0
2023-03-22,0.0010536011887656927,0.0010536011887656927,0.0,0.0,0.09162061167800509,1.0153918291481812,0
2023-03-23,0.004254633846076792,0.004197457426412186,0.11435283932921117,5.717641966460558e-05,0.09999999999999999,1.1055815803800222,1
2023-03-24,0.0008412393760796324,0.0008412393760796324,0.0,0.0,0.10025098569625994,1.105197196047898,0
2023-03-27,-0.007102617845155508,-0.007102617845155508,0.0,0.0,0.09961621449104807,1.1051087744080943,0
2023-03-28,-0.0002006864178072475,-0.0002006864178072475,0.0,0.0,0.0988343377058911,1.1058606622367972,0
2023-03-29,0.006394072761191447,0.006394072761191447,0.0,0.0,0.09877178150878997,1.1058819112982865,0
2023-03-30,0.005468868070535923,0.005468868070535923,0.0,0.0,0.09855489464566711,1.1052091960436368,0
2023-03-31,0.008933188715973137,0.008933188715973137,0.0,0.0,0.09729235375449331,1.1046369503667774,0
2023-04-03,0.0025051968675763336,0.0025051968675763336,0.0,0.0,0.09637277035278471,1.1037104850321604,0
2023-04-04,0.0019033804007145502,0.0019033804007145502,0.0,0.0,0.09614566604989253,1.1034513191115751,0
2023-04-05,-0.0008500267855070522,-0.0008500267855070522,0.0,0.0,0.09593048696316425,1.1032547859756694,0
2023-04-06,0.0017040331108719845,0.0017040331108719845,0.0,0.0,0.09495373355330196,1.1033426299792366,0
2023-04-10,-0.004580409011459682,-0.004580409011459682,0.0,0.0,0.09383099743705198,1.103166830284488,0
2023-04-11,0.0007424243503509296,0.0006770000818359654,0.13084853702992846,6.542426851496424e-05,0.1,1.2344900880084806,1
2023-04-12,-0.0014996375493473556,-0.0014996375493473556,0.0,0.0,0.09980487541831261,1.2343968256068774,0
2023-04-13,0.008426021849434856,0.008426021849434856,0.0,0.0,0.09974323096227751,1.234748863817725,0
2023-04-14,-0.00627073772225266,-0.00627073772225266,0.0,0.0,0.09936857392190118,1.2327873921650694,0
2023-04-17,-0.0025901918134180295,-0.0025901918134180295,0.0,0.0,0.09928988850989034,1.2342563523101782,0
2023-04-18,0.0014051590410864893,0.0014051590410864893,0.0,0.0,0.09959568147593587,1.2348646969254151,0
2023-04-19,-0.001986030336490316,-0.001986030336490316,0.0,0.0,0.09936835081902348,1.2345351377561449,0
2023-04-20,9.542123462817577e-05,9.542123462817577e-05,0.0,0.0,0.09948040596386735,1.235001858576409,0
2023-04-21,-0.001762876212653994,-0.001762876212653994,0.0,0.0,0.09898929959315766,1.2349794365484614,0
2023-04-24,0.0029087157587526892,0.0029087157587526892,0.0,0.0,0.09863689839271161,1.2353944077504766,0
2023-04-25,-0.0026761715714322598,-0.0026761715714322598,0.0,0.0,0.09815050831617357,1.234711698135347,0
2023-04-26,-0.003942565944644076,-0.003942565944644076,0.0,0.0,0.0979000039975427,1.2353415124004106,0
2023-04-27,0.007397641341814353,0.007397641341814353,0.0,0.0,0.09840532165635743,1.236273034419551,0
2023-04-28,0.007145413033064696,0.007145413033064696,0.0,0.0,0.09957285034099492,1.2345380063674205,0
2023-05-01,-0.0075595904930060185,-0.0075595904930060185,0.0,0.0,0.10051492141976802,1.2328740252721786,0
2023-05-02,0.0037205782311794983,0.0037205782311794983,0.0,0.0,0.10020129251247116,1.2346478670571883,0
2023-05-03,0.00019674826765219528,0.00019674826765219528,0.0,0.0,0.09834692209180423,1.23377807743137,0
2023-05-04,-0.00295195520833464,-0.00295195520833464,0.0,0.0,0.09517124476133057,1.233732091047362,0
2023-05-05,0.005042661660621486,0.005042661660621486,0.0,0.0,0.09421886532672526,1.2344241004917678,0
2023-05-08,-0.0027469665695797757,-0.0027469665695797757,0.0,0.0,0.09001420030312458,1.2332479101975944,0
2023-05-09,-0.0024585958114474098,-0.0025217259255164966,0.1262602281381741,6.313011406908706e-05,0.10000000000000002,1.3601506274436062,1
2023-05-10,0.00687474114555846,0.00687474114555846,0.0,0.0,0.09920587497355765,1.3611244143556929,0
2023-05-11,0.00047951726314118587,0.00047951726314118587,0.0,0.0,0.09924056387573006,1.3586587284380858,0
2023-05-12,-0.004154820212526613,-0.004154820212526613,0.0,0.0,0.09755734048539777,1.3584868278155395,0
2023-05-15,0.00041136357230707563,0.00041136357230707563,0.0,0.0,0.09763980982662153,1.3599824903425706,0
2023-05-16,-0.006116259642571083,-0.006116259642571083,0.0,0.0,0.09667096134284854,1.3598344675505596,0
2023-05-17,0.004720364244334008,0.004720364244334008,0.0,0.0,0.09777431946356295,1.3620488523347338,0
2023-05-18,0.002218970155446306,0.002218970155446306,0.0,0.0,0.09820403897672446,1.3603478790907522,0
2023-05-19,-0.0005456360132754256,-0.0005456360132754256,0.0,0.0,0.09532711572779468,1.3595500482642646,0
2023-05-22,0.00050975753897949,0.00050975753897949,0.0,0.0,0.0952936092308882,1.3597463388223698,0
2023-05-23,-0.006797766841020044,-0.006867985316596303,0.14043695115251822,7.02184755762591e-05,0.09761268464984037,1.5,1
2023-05-24,-0.007861784625021224,-0.007861784625021224,0.0,0.0,0.09885903025969338,1.503528444438468,0
2023-05-25,0.004813918105106158,0.004813918105106158,0.0,0.0,0.0996189883713036,1.5075184451474428,0
2023-05-26,0.013295775813414698,0.013295775813414698,0.0,0.0,0.09621199271250079,1.5050869977045394,0
2023-05-30,0.005838671977235173,0.005838671977235173,0.0,0.0,0.09890413643020655,1.4984595907340923,0
2023-05-31,-0.0013952065881231127,-0.0013952065881231127,0.0,0.0,0.09909588010071214,1.4955661425845177,0
2023-06-01,0.00959424294878281,0.00959424294878281,0.0,0.0,0.098188443190966,1.496258525749055,0
2023-06-02,0.0017453038434844202,0.0017453038434844202,0.0,0.0,0.09940112302185444,1.4915425471322052,0
2023-06-05,6.80703082847579e-05,6.80703082847579e-05,0.0,0.0,0.09329996513193412,1.490686150707431,0
2023-06-06,0.0021915260352457066,0.0021915260352457066,0.0,0.0,0.09305676201880471,1.4906527518233537,0
2023-06-07,-0.011246787299219218,-0.011270100923405255,0.0466272483720751,2.331362418603755e-05,0.08847643805227767,1.4999999999999998,1
2023-06-08,0.011212371157408186,0.011212371157408186,0.0,0.0,0.09214586462858307,1.5057228613104277,0
2023-06-09,2.2133291804040918e-05,2.2133291804040918e-05,0.0,0.0,0.09234539149147183,1.5001153820256274,0
2023-06-12,0.006837326410044659,0.006837326410044659,0.0,0.0,0.09219958458422951,1.500104313070934,0
2023-06-13,0.0001012706510854008,0.0001012706510854008,0.0,0.0,0.09210191952565812,1.4967081572691527,0
2023-06-14,0.003470781000318731,0.003470781000318731,0.0,0.0,0.09182676498843204,1.4966578604042629,0
2023-06-15,0.011468020063585143,0.011468020063585143,0.0,0.0,0.09157538911271433,1.4949400319450907,0
2023-06-16,-0.004531580208742999,-0.004531580208742999,0.0,0.0,0.0920191134714567,1.4893284039904464,0
2023-06-20,-0.002797182909003334,-0.002797182909003334,0.0,0.0,0.09272985803500412,1.4915559291102927,0
2023-06-21,-0.004859754718866861,-0.004859754718866861,0.0,0.0,0.09316444786319993,1.4929347577900367,0
2023-06-22,-0.0016037021187773049,-0.0016037021187773049,0.0,0.0,0.0937430777208041,1.4953419984042347,0
2023-06-23,-0.002169967899869151,-0.002169967899869151,0.0,0.0,0.09406096645600678,1.4961376554134262,0
2023-06-26,-0.003207123861584602,-0.003207123861584602,0.0,0.0,0.09372679205010961,1.4972165994735658,0
2023-06-27,0.006055676776699961,0.006055676776699961,0.0,0.0,0.09394948521231515,1.4988163653414013,0
2023-06-28,0.0028706475303675737,0.0028706475303675737,0.0,0.0,0.09241570569283362,1.4958138767623261,0
2023-06-29,-0.004541314629889398,-0.004541314629889398,0.0,0.0,0.09234288050717522,1.494394643998505,0
2023-06-30,0.011800085423085215,0.011800085423085215,0.0,0.0,0.09132528650422343,1.4966500883104852,0
2023-07-03,-0.0008843472612024523,-0.0008843472612024523,0.0,0.0,0.09284252589684698,1.4908579228897874,0
2023-07-05,-0.004013034665217752,-0.004077056838773483,0.12804434711146262,6.402217355573131e-05,0.0904114305229706,1.5,1
2023-07-06,-0.009668412295229668,-0.009668412295229668,0.0,0.0,0.09086068174726453,1.5021111579037114,0
2023-07-07,-0.0006692840291565277,-0.0006692840291565277,0.0,0.0,0.09325707051611623,1.5070131702730223,0
2023-07-10,0.0031631610935079326,0.0031631610935079326,0.0,0.0,0.0930585552395712,1.5073527333546055,0
2023-07-11,0.006246364594577296,0.006246364594577296,0.0,0.0,0.0929812960902909,1.505752955283526,0
2023-07-12,0.0129364483013582,0.0129364483013582,0.0,0.0,0.09272687860041345,1.5026134484344664,0
2023-07-13,0.01060872750831307,0.01060872750831307,0.0,0.0,0.09565603108500012,1.4961944545260695,0
2023-07-14,-0.004785185919883044,-0.004785185919883044,0.0,0.0,0.09732304905667989,1.4909857208035913,0
2023-07-17,0.0037989061626691064,0.0037989061626691064,0.0,0.0,0.09598844119571331,1.493346475411354,0
2023-07-18,0.007855999097101062,0.007855999097101062,0.0,0.0,0.09465856647074467,1.4914793913228326,0
2023-07-19,0.003292326569973587,0.003292326569973587,0.0,0.0,0.09516777219878993,1.4876484257305906,0
2023-07-20,-0.011552400483609879,-0.011552400483609879,0.0,0.0,0.09521054842179875,1.4860481963394943,0
2023-07-21,-0.0003691848933662737,-0.0003691848933662737,0.0,0.0,0.09832275846501881,1.4917288448849482,0
2023-07-24,-0.0005753855584219143,-0.0005753855584219143,0.0,0.0,0.0983048122196312,1.4919104507922694,0
2023-07-25,0.002657597059126093,0.002657597059126093,0.0,0.0,0.09828125868083071,1.4921936519115264,0
2023-07-26,0.0019075748198596298,0.0019075748198596298,0.0,0.0,0.0981966937315277,1.490889066571848,0
2023-07-27,-0.012088799344276948,-0.012088799344276948,0.0,0.0,0.09746864124224029,1.4899544418157618,0
2023-07-28,0.011279393650564611,0.011279393650564611,0.0,0.0,0.10062712381390335,1.4959498804047935,0
2023-07-31,0.00243643959778135,0.00243643959778135,0.0,0.0,0.10085969163039944,1.4904182597990947,0
2023-08-01,-0.008140361204734619,-0.008140361204734619,0.0,0.0,0.09956723082200795,1.4892262894950932,0
2023-08-02,-0.012928624268407459,-0.012928624268407459,0.0,0.0,0.09944672441268182,1.493241453084348,0
2023-08-03,-0.006579144396084277,-0.006579144396084277,0.0,0.0,0.10310915255158166,1.4997019113422976,0
2023-08-04,0.0038672884656294018,0.0038672884656294018,0.0,0.0,0.10417975466408093,1.5030112952868513,0
2023-08-07,0.002860567809116607,0.002860567809116607,0.0,0.0,0.10378548607638687,1.501073499521718,0
2023-08-08,-0.0013457126570296648,-0.0013457126570296648,0.0,0.0,0.10296462422271674,1.4996442333118953,0
2023-08-09,-0.004409132753934723,-0.004409132753934723,0.0,0.0,0.10273473055642199,1.5003175169269576,0
2023-08-10,-0.0031743727382306636,-0.0031743727382306636,0.0,0.0,0.10302669050011812,1.502533252751606,0
2023-08-11,-0.002572937367391492,-0.002572937367391492,0.0,0.0,0.10234406113447522,1.504133560582747,0
2023-08-14,0.002693356425253351,0.002693356425253351,0.0,0.0,0.10254377994279827,1.5054340106354616,0
2023-08-15,-0.008431845417835726,-0.008431845417835726,0.0,0.0,0.10221004080902718,1.5040763533503472,0
2023-08-16,-0.00811715204000486,-0.00811715204000486,0.0,0.0,0.10384073541985399,1.5083627898102063,0
2023-08-17,-0.006581287031685995,-0.006581287031685995,0.0,0.0,0.10418551959558334,1.5125230170637145,0
2023-08-18,0.0009482418191490876,0.0009482418191490876,0.0,0.0,0.10456908565307023,1.5159184242989616,0
2023-08-21,0.002758750116575224,0.002758750116575224,0.0,0.0,0.10444242473050261,1.515429672328829,0
2023-08-22,0.0005655116921807,0.0005655116921807,0.0,0.0,0.10466810534164582,1.514011642649748,0
2023-08-23,0.016323412392577494,0.016323412392577494,0.0,0.0,0.1046529894578751,1.5137211273457136,0
2023-08-24,-0.011793285817701355,-0.011793285817701355,0.0,0.0,0.10821418958000192,1.5054701299622106,0
2023-08-25,0.005191201600983283,0.005191201600983283,0.0,0.0,0.10967487298804163,1.5115024242478123,0
2023-08-28,0.005557485157156503,0.005557485157156503,0.0,0.0,0.1097815662383583,1.5088608251177833,0
2023-08-29,0.015334223147539332,0.015334223147539332,0.0,0.0,0.10715365277068359,1.5060484682665902,0
2023-08-30,0.0024583885854644527,0.0023622223247950877,0.1923325213387299,9.616626066936496e-05,0.1,1.3450384472122905,1
2023-08-31,0.000589087091283794,0.000589087091283794,0.0,0.0,0.10003513108272581,1.344321250129004,0
2023-09-01,-0.0019560756485219005,-0.0019560756485219005,0.0,0.0,0.09860865239009545,1.3441185343425515,0
2023-09-05,-0.006996687936651856,-0.006996687936651856,0.0,0.0,0.09865585618538042,1.3447929754856804,0
2023-09-06,-0.004924423650164188,-0.004924423650164188,0.0,0.0,0.0998809937085443,1.3472223821381215,0
2023-09-07,-0.00022210489261432847,-0.00022210489261432847,0.0,0.0,0.10038935688474625,1.3489407140428595,0
2023-09-08,0.0012145382685609845,0.0012145382685609845,0.0,0.0,0.09800328173847822,1.3490182326999536,0
2023-09-11,0.0035787313815248446,0.0035787313815248446,0.0,0.0,0.09583399467699735,1.3485948509132963,0
2023-09-12,-0.004122901498137866,-0.004122901498137866,0.0,0.0,0.09609350024750124,1.3473517722256045,0
2023-09-13,0.0012902889144667177,0.0012902889144667177,0.0,0.0,0.09576165425794683,1.348789798207168,0
2023-09-14,0.003112221436797404,0.003112221436797404,0.0,0.0,0.09578428730040102,1.348340338529901,0
2023-09-15,-0.007277209062770549,-0.007277209062770549,0.0,0.0,0.09582347478137423,1.347259589790422,0
2023-09-18,0.0026719008564304986,0.0026719008564304986,0.0,0.0,0.09440043422917323,1.3498051953280676,0
2023-09-19,-0.003335092510551211,-0.003335092510551211,0.0,0.0,0.09421662629244813,1.3488730411506316,0
2023-09-20,-0.004914339981223428,-0.004914339981223428,0.0,0.0,0.09425043938718436,1.3500404584620385,0
2023-09-21,-0.015527199603280178,-0.015527199603280178,0.0,0.0,0.0943092675947656,1.351769171767015,0
2023-09-22,0.002034082205920826,0.002034082205920826,0.0,0.0,0.09911865553449635,1.3573173089447066,0
2023-09-25,-0.0036469480343034365,-0.0036469480343034365,0.0,0.0,0.09913291150231957,1.3565919715605808,0
2023-09-26,-0.010263697690932334,-0.010263697690932334,0.0,0.0,0.09928070661171155,1.35789720406543,0
2023-09-27,-0.0035165860380118198,-0.0035165860380118198,0.0,0.0,0.10065750774959403,1.361608645889265,0
2023-09-28,0.004189390551174777,0.004189390551174777,0.0,0.0,0.10079784080218869,1.3628847613745219,0
2023-09-29,-0.003069999778866928,-0.003069999778866928,0.0,0.0,0.10105171867566103,1.3613708378011675,0
2023-10-02,-0.005398890006676293,-0.005398890006676293,0.0,0.0,0.09862978674088804,1.3624836625650851,0
2023-10-03,-0.013816687958939219,-0.013816687958939219,0.0,0.0,0.09924768446118702,1.364451295019687,0
2023-10-04,0.00866933171600798,0.00866933171600798,0.0,0.0,0.10249498024458363,1.3695573536581125,0
2023-10-05,-0.0013254539135574327,-0.0013254539135574327,0.0,0.0,0.10308673778945414,1.3663810745880411,0
2023-10-06,0.005652687563222019,0.005652687563222019,0.0,0.0,0.1030423394629991,1.3668673403400515,0
2023-10-09,0.013032282838258758,0.013032282838258758,0.0,0.0,0.1036409882646064,1.3648052104638637,0
2023-10-10,0.0017610748884550006,0.0017610748884550006,0.0,0.0,0.1062606767865141,1.3601121273665358,0
2023-10-11,0.0073553736698365995,0.0073553736698365995,0.0,0.0,0.1034186300243339,1.3594790578248752,0
2023-10-12,-0.00918108111529145,-0.00918108111529145,0.0,0.0,0.10276071567793262,1.3568542613867023,0
2023-10-13,0.005936556574611191,0.005936556574611191,0.0,0.0,0.10391998093151764,1.3601609280819815,0
2023-10-16,0.0012319499194974434,0.0012319499194974434,0.0,0.0,0.10430147798605362,1.3580354304931437,0
2023-10-17,-0.0035995106749409193,-0.0035995106749409193,0.0,0.0,0.10303614690660323,1.3575948914953533,0
2023-10-18,-0.005807661707397235,-0.005807661707397235,0.0,0.0,0.10294461015577072,1.358886708032009,0
2023-10-19,-0.005347654391757173,-0.005347654391757173,0.0,0.0,0.10154349569544867,1.3609831762014486,0
2023-10-20,-0.003915512295389897,-0.003915512295389897,0.0,0.0,0.10171824755350593,1.3629239681536194,0
2023-10-23,0.0021774764925714296,0.0021774764925714296,0.0,0.0,0.10177942747383598,1.3643505873582533,0
2023-10-24,0.007092055833258367,0.007092055833258367,0.0,0.0,0.10174679268563418,1.363558946299023,0
2023-10-25,-0.01266425566227986,-0.01266425566227986,0.0,0.0,0.10292871735178324,1.3609987231983651,0
2023-10-26,-0.0026501773134955794,-0.0026501773134955794,0.0,0.0,0.10332957167673322,1.3656291441575572,0
2023-10-27,0.0011965605641338678,0.0011965605641338678,0.0,0.0,0.1007302781083012,1.3666007010185082,0
2023-10-30,0.003393583890533896,0.003393583890533896,0.0,0.0,0.10048391102868952,1.3661625653327687,0
2023-10-31,0.0011538860583671976,0.0011538860583671976,0.0,0.0,0.10012939335852371,1.3649241645666288,0
2023-11-01,0.011635447681475626,0.011635447681475626,0.0,0.0,0.09796785038060313,1.3645035689801575,0
2023-11-02,0.015837740031561735,0.015837740031561735,0.0,0.0,0.10066867426883505,1.3603111870145983,0
2023-11-03,0.009548009486748926,0.009548009486748926,0.0,0.0,0.10569525790519785,1.3546936413323292,0
2023-11-06,-0.0032884436884552913,-0.0032884436884552913,0.0,0.0,0.1072832294253395,1.3513390527238565,0
2023-11-07,0.004181504720410682,0.004181504720410682,0.0,0.0,0.10758938190005161,1.352498223281398,0
2023-11-08,0.0010448975448410073,0.0010448975448410073,0.0,0.0,0.10782050889825362,1.3510303880567311,0
2023-11-09,-0.008454644213794474,-0.008454644213794474,0.0,0.0,0.10796645414405175,1.3506639801248346,0
2023-11-10,0.008303800274565136,0.008303800274565136,0.0,0.0,0.1090193042293662,1.3536539988599814,0
2023-11-13,-0.0001436777544335247,-0.00020318059186591946,0.11900567486478955,5.950283743239477e-05,0.10000000000000002,1.2626241831029927,1
2023-11-14,0.016883756610041094,0.016883756610041094,0.0,0.0,0.09893831901899829,1.2627370690136126,0
2023-11-15,-0.002978299707000786,-0.002978299707000786,0.0,0.0,0.10363445653388556,1.2583747329089927,0
2023-11-16,0.0050812152564879195,0.0050812152564879195,0.0,0.0,0.10322559774357432,1.2591465489999496,0
2023-11-17,0.001276178673555883,0.001276178673555883,0.0,0.0,0.10355354226907215,1.2578364266153534,0
2023-11-20,0.004893198505203167,0.004893198505203167,0.0,0.0,0.10352687880893903,1.2575078006518874,0
2023-11-21,0.0008367797396618591,0.0008367797396618591,0.0,0.0,0.10406849755570714,1.256253899454126,0
2023-11-22,0.0018157364911906642,0.0018157364911906642,0.0,0.0,0.100665494845812,1.256039650661902,0
2023-11-24,-0.0011997149584017622,-0.0011997149584017622,0.0,0.0,0.09874593772049572,1.2555755927319212,0
2023-11-27,0.0036221677957383423,0.0036221677957383423,0.0,0.0,0.09841541732712739,1.2558825788894092,0
2023-11-28,0.00489959965064608,0.00489959965064608,0.0,0.0,0.09828266993112722,1.2549590743410994,0
2023-11-29,0.003390868661357372,0.003390868661357372,0.0,0.0,0.09536039719101001,1.2537159676745182,0
2023-11-30,-0.002335242836117393,-0.002335242836117393,0.0,0.0,0.09548379126037686,1.2528585575160809,0
2023-12-01,0.010519312876239157,0.010519312876239157,0.0,0.0,0.095602154258149,1.2534504258072583,0
2023-12-04,-0.008490165505020037,-0.008490165505020037,0.0,0.0,0.09755246278353136,1.2508120553241708,0
2023-12-05,0.003267658043339256,0.003267658043339256,0.0,0.0,0.09846283404000698,1.2529597252577132,0
2023-12-06,0.0005767012908349431,0.0005767012908349431,0.0,0.0,0.09829175283150207,1.252135831579638,0
2023-12-07,0.004287254810499514,0.004287254810499514,0.0,0.0,0.09834440913612451,1.2519905083282068,0
2023-12-08,-0.0028308243356804357,-0.0028308243356804357,0.0,0.0,0.09859564981795914,1.2509147727616592,0
2023-12-11,3.3065609074419897e-05,3.3065609074419897e-05,0.0,0.0,0.09883382616645783,1.2516270848369317,0
2023-12-12,0.003370639889692069,0.003370639889692069,0.0,0.0,0.09855641123554115,1.2516187649092154,0
2023-12-13,0.017895958895562187,0.017895958895562187,0.0,0.0,0.09876008312843274,1.250773497754407,0
2023-12-14,0.006984677439432991,0.006984677439432991,0.0,0.0,0.10437951663866867,1.2463645675796782,0
2023-12-15,-0.0019203353922169226,-0.0019203353922169226,0.0,0.0,0.1040762943666096,1.2446557262481246,0
2023-12-18,0.002274270281471528,0.002274270281471528,0.0,0.0,0.10436543176252294,1.2451264512480247,0
2023-12-19,0.005199078348485884,0.005199078348485884,0.0,0.0,0.10395401739209979,1.2445702324366614,0
2023-12-20,-0.005779027827974846,-0.005779027827974846,0.0,0.0,0.10358855468783698,1.2433052692790802,0
2023-12-21,0.005970537467080999,0.005970537467080999,0.0,0.0,0.09997413243056748,1.2447195101382174,0
2023-12-22,0.0007807674053694721,0.0007807674053694721,0.0,0.0,0.10025280022978271,1.2432670749527048,0
2023-12-26,0.004204625736419113,0.004204625736419113,0.0,0.0,0.09977227746480467,1.2430772881291479,0
2023-12-27,0.005429801688587138,0.005429801688587138,0.0,0.0,0.09743766635730089,1.2420595184481353,0
2023-12-28,-0.002803086178543551,-0.002803086178543551,0.0,0.0,0.0973029571970465,1.2407522813045766,0
2023-12-29,-0.0037618121206723166,-0.0037618121206723166,0.0,0.0,0.09765977951846828,1.241429027675152,0
2024-01-02,-0.0065673870828674595,-0.0065673870828674595,0.0,0.0,0.09781191148746371,1.2423406677363744,0
2024-01-03,-0.005317957443656194,-0.005317957443656194,0.0,0.0,0.09834896292075347,1.2439427340972442,0
2024-01-04,-0.004743257640451741,-0.004743257640451741,0.0,0.0,0.09521348350248438,1.2452469469241736,0
2024-01-05,-0.0007266168540443651,-0.0007266168540443651,0.0,0.0,0.09520134686339224,1.2464157603622394,0
2024-01-08,0.008590079296746503,0.008590079296746503,0.0,0.0,0.09506977050899199,1.2465949404020578,0
2024-01-09,-0.0005825660744646648,-0.0005825660744646648,0.0,0.0,0.09599842705742277,1.2444947114431262,0
2024-01-10,0.001928132672063003,0.001928132672063003,0.0,0.0,0.09388635873378164,1.244637228793172,0
2024-01-11,0.002690096714354268,0.002690096714354268,0.0,0.0,0.09389158535374104,1.2441664434960458,0
2024-01-12,0.0025339537973225463,0.0025339537973225463,0.0,0.0,0.09334526283720333,1.2435113743480044,0
2024-01-16,-0.0070030318438637044,-0.0070030318438637044,0.0,0.0,0.091148368016083,1.242895887391794,0
2024-01-17,-0.006080355441398467,-0.006080355441398467,0.0,0.0,0.09252976101184752,1.2446088912464852,0
2024-01-18,0.00547709990998657,0.00547709990998657,0.0,0.0,0.09386584255564641,1.2461052989400525,0
2024-01-19,0.007841125089881905,0.007841125089881905,0.0,0.0,0.09366535054008521,1.2447646982333906,0
2024-01-22,0.0012542085220728898,0.0012542085220728898,0.0,0.0,0.09355668598072783,1.2428603994618315,0
2024-01-23,0.0008076622751891858,0.0008076622751891858,0.0,0.0,0.09260387598335744,1.2425561834294931,0
2024-01-24,-0.0012992792162897322,-0.0012992792162897322,0.0,0.0,0.09190733808219657,1.2423604380466844,0
2024-01-25,0.00539000723184925,0.00539000723184925,0.0,0.0,0.09217908036948447,1.2426757415940353,0
2024-01-26,-0.002071783839304304,-0.002071783839304304,0.0,0.0,0.09190722757366378,1.2413747300534612,0
2024-01-29,0.008552093394796456,0.008480921886493862,0.14234301660518867,7.117150830259434e-05,0.1,1.372525721253579,1
2024-01-30,-0.0003920655344579015,-0.0003920655344579015,0.0,0.0,0.09991295161190189,1.3694635016643557,0
2024-01-31,-0.008127727857598275,-0.008127727857598275,0.0,0.0,0.10005673213819753,1.3696084123840973,0
2024-02-01,0.013408814541554055,0.013408814541554055,0.0,0.0,0.10218010276707505,1.3726371053661564,0
2024-02-02,-0.00019782245904796723,-0.00019782245904796723,0.0,0.0,0.1044683456837167,1.3677065958171382,0
2024-02-05,-0.007221324619019099,-0.007221324619019099,0.0,0.0,0.10258044667403905,1.367779350832707,0
2024-02-06,0.004241219294594839,0.004241219294594839,0.0,0.0,0.09999354058233749,1.3704545232013279,0
2024-02-07,0.004363456251272376,0.004363456251272376,0.0,0.0,0.09865363915354697,1.368889979900989,0
2024-02-08,-0.0007200798591035816,-0.0007200798591035816,0.0,0.0,0.09834168292470252,1.3672873376714134,0
2024-02-09,0.0033492962657108924,0.0033492962657108924,0.0,0.0,0.09830104766099464,1.3675520044670033,0
2024-02-12,-0.0016477385323000763,-0.0016477385323000763,0.0,0.0,0.09834549951544296,1.3663250732670735,0
2024-02-13,-0.015540369436629833,-0.015540369436629833,0.0,0.0,0.09619546823180393,1.366929677435228,0
2024-02-14,0.007311508311508256,0.007311508311508256,0.0,0.0,0.1011133145167621,1.3727219136707998,0
2024-02-15,0.005945643519712054,0.005945643519712054,0.0,0.0,0.10159120330465175,1.370016534701931,0
2024-02-16,-0.004845508200814945,-0.004845508200814945,0.0,0.0,0.09532041670358019,1.3678295513138037,0
2024-02-20,-0.0016683636147829715,-0.0016683636147829715,0.0,0.0,0.09580016032709274,1.3696205507235244,0
2024-02-21,-0.002238494723995478,-0.002238494723995478,0.0,0.0,0.09564142514695749,1.370238242736507,0
2024-02-22,0.014903677323646567,0.014903677323646567,0.0,0.0,0.09592412808560498,1.371068878463186,0
2024-02-23,0.002918461947481104,0.002918461947481104,0.0,0.0,0.0992874615647333,1.365619798956403,0
2024-02-26,-0.003094494138203341,-0.003094494138203341,0.0,0.0,0.09925953513465131,1.3645558565612976,0
2024-02-27,0.00013032889348468202,0.00013032889348468202,0.0,0.0,0.0997140499427895,1.3656874743069547,0
2024-02-28,-2.2917399185168005e-05,-2.2917399185168005e-05,0.0,0.0,0.09957640868435148,1.3656398208736864,0
2024-02-29,0.00552609992965788,0.00552609992965788,0.0,0.0,0.09947124916835895,1.3656482005794606,0
2024-03-01,0.011848054112996328,0.011848054112996328,0.0,0.0,0.09953921814948155,1.3636386968026386,0
2024-03-04,0.0007116077795691076,0.0007116077795691076,0.0,0.0,0.10154728800686394,1.3593807344141315,0
2024-03-05,-0.0038422615489990056,-0.0038422615489990056,0.0,0.0,0.10125660359717636,1.3591251781435254,0
2024-03-06,0.0059426910640365885,0.0059426910640365885,0.0,0.0,0.09979470470297218,1.360510353211687,0
2024-03-07,0.007892242148486118,0.007892242148486118,0.0,0.0,0.09795136080510848,1.358380607975149,0
2024-03-08,-0.0036085131029890425,-0.0036085131029890425,0.0,0.0,0.09870083429656823,1.35557432926679,0
2024-03-11,-0.001062015148682725,-0.001062015148682725,0.0,0.0,0.09907361754527545,1.3568620707249606,0
2024-03-12,0.0032211671921681903,0.0032211671921681903,0.0,0.0,0.09888239598710653,1.3572414665742003,0
2024-03-13,-0.0016789595421162454,-0.0016789595421162454,0.0,0.0,0.09883199000222809,1.3560944268889914,0
2024-03-14,-0.005507880723701812,-0.005507880723701812,0.0,0.0,0.09895824855860104,1.3566933005094908,0
2024-03-15,-0.0056999315562450276,-0.0056999315562450276,0.0,0.0,0.09988975382304595,1.35866880550955,0
2024-03-18,0.004314591933518173,0.004314591933518173,0.0,0.0,0.09375917328478181,1.360724912823275,0
2024-03-19,0.003708673418444857,0.003708673418444857,0.0,0.0,0.09317430581071469,1.3591752183235766,0
2024-03-20,0.008781199028317348,0.008781199028317348,0.0,0.0,0.09315582673033991,1.357848076673775,0
2024-03-21,0.0021377547988017218,0.0021377547988017218,0.0,0.0,0.0943589575888786,1.3547330947666978,0
2024-03-22,-0.00040972140324061575,-0.00040972140324061575,0.0,0.0,0.09393593587103882,1.3539763800615585,0
2024-03-25,-0.0023457546720708224,-0.0023457546720708224,0.0,0.0,0.09246018216815023,1.3541214712076592,0
2024-03-26,-0.00048001097686370034,-0.00048001097686370034,0.0,0.0,0.09187533725132209,1.3549541064612616,0
2024-03-27,0.007758766609585277,0.007758766609585277,0.0,0.0,0.09186754885937273,1.3551245701530892,0
2024-03-28,0.0010954020919887626,0.0010954020919887626,0.0,0.0,0.09245948414304786,1.3523904548583972,0
2024-04-01,-0.002575504116655721,-0.002575504116655721,0.0,0.0,0.09189257556170362,1.3520048679896113,0
2024-04-02,-0.002305039538701933,-0.002305039538701933,0.0,0.0,0.09193227099914349,1.3529137989315843,0
2024-04-03,0.0027713049689882313,0.0027713049689882313,0.0,0.0,0.09141378323700064,1.353729158628214,0
2024-04-04,-0.006555260526884012,-0.006650284404265278,0.19004775476253155,9.502387738126577e-05,0.09610146307762475,1.4999999999999998,1
2024-04-05,0.00540335847472447,0.00540335847472447,0.0,0.0,0.09618130239321061,1.5034430634305487,0
2024-04-08,0.0018453610420538266,0.0018453610420538266,0.0,0.0,0.09540941461780023,1.5007373997579552,0
2024-04-09,0.004951870237981117,0.004951870237981117,0.0,0.0,0.0952368372641764,1.4998150605170453,0
2024-04-10,-0.014998664448626025,-0.014998664448626025,0.0,0.0,0.09338389594558025,1.497352236777951,0
2024-04-11,0.008599199874854408,0.008599199874854408,0.0,0.0,0.09914646610846252,1.5049254440853608,0
2024-04-12,-0.00921725417054359,-0.00921725417054359,0.0,0.0,0.10019857407439724,1.5006205082732678,0
2024-04-15,-0.008422236738622113,-0.008422236738622113,0.0,0.0,0.10217294074186734,1.5052777820168455,0
2024-04-16,-0.0028061988554470385,-0.0028061988554470385,0.0,0.0,0.1037525993169826,1.5095694969549809,0
2024-04-17,-0.002954276118805833,-0.002954276118805833,0.0,0.0,0.10220424653281153,1.5110034743197462,0
2024-04-18,-0.001978973351108546,-0.001978973351108546,0.0,0.0,0.10105510303783298,1.512517592804637,0
2024-04-19,-0.004727649468458703,-0.004727649468458703,0.0,0.0,0.10060980646603858,1.5135338626336807,0
2024-04-22,0.001105236210791843,0.001105236210791843,0.0,0.0,0.0994836603436307,1.5159732030729276,0
2024-04-23,0.007698891772540146,0.007698891772540146,0.0,0.0,0.09961004670563811,1.5154035603948077,0
2024-04-24,-0.0021003450232265544,-0.0021003450232265544,0.0,0.0,0.10065061700145374,1.5114658402454069,0
2024-04-25,-0.0032089219742536773,-0.0032089219742536773,0.0,0.0,0.1008039001511569,1.5125423560320919,0
2024-04-26,0.008744062562380084,0.008744062562380084,0.0,0.0,0.10026833901621895,1.514192359192498,0
2024-04-29,0.004232717736446149,0.004232717736446149,0.0,0.0,0.10141498123810293,1.50973520268993,0
2024-04-30,-0.017040676012687002,-0.017040676012687002,0.0,0.0,0.1001185814901762,1.507586731329447,0
2024-05-01,0.0030327143870533756,0.0030327143870533756,0.0,0.0,0.10639364677204534,1.5163863030165414,0
2024-05-02,0.007974021321456653,0.007974021321456653,0.0,0.0,0.1050317980326706,1.5148249858750633,0
2024-05-03,0.011453202130500476,0.011453202130500476,0.0,0.0,0.1020335024662463,1.510752236650034,0
2024-05-06,0.008660925431848612,0.008660925431848612,0.0,0.0,0.10426638325146444,1.5049687277416275,0
2024-05-07,0.0007901739592910764,0.0007901739592910764,0.0,0.0,0.10378556852185034,1.500632784526108,0
2024-05-08,-0.0026387107505125114,-0.0026387107505125114,0.0,0.0,0.10341299776225502,1.5002375098723466,0
2024-05-09,0.006751634929076716,0.006751634929076716,0.0,0.0,0.10352556004009487,1.501560984233481,0
2024-05-10,0.0006500215686179864,0.0006500215686179864,0.0,0.0,0.10400379249444057,1.4981973376867819,0
2024-05-13,-0.0012562842321422324,-0.0012562842321422324,0.0,0.0,0.10394033936083329,1.4978737090374596,0
2024-05-14,0.006293780952017896,0.006293780952017896,0.0,0.0,0.10398399153390275,1.4984999666853298,0
2024-05-15,0.014580663285771147,0.014580663285771147,0.0,0.0,0.09801960409555012,1.495382140008574,0
2024-05-16,-0.002906245700929737,-0.002906245700929737,0.0,0.0,0.10065144508667204,1.4882629424497935,0
2024-05-17,0.002159364847309244,0.002159364847309244,0.0,0.0,0.10048317952520053,1.4896860905452456,0
2024-05-20,0.00199564594611751,0.00199564594611751,0.0,0.0,0.09967760687956838,1.488630958031166,0
2024-05-21,0.001832927870270803,0.001832927870270803,0.0,0.0,0.09962213575951294,1.4876577657877792,0
2024-05-22,-0.0052729970173047815,-0.0052729970173047815,0.0,0.0,0.0993095789791942,1.4867655596272502,0
2024-05-23,-0.009665923071937702,-0.009665923071937702,0.0,0.0,0.09643005817916375,1.4893458789875824,0
2024-05-24,0.005909615708984994,0.005909615708984994,0.0,0.0,0.09875279625642881,1.4941220244642033,0
2024-05-28,-0.0012584735645745308,-0.0012584735645745308,0.0,0.0,0.09884842123203763,1.491219108305209,0
2024-05-29,-0.008897053544908072,-0.008897053544908072,0.0,0.0,0.09909379418743691,1.491838073518784,0
2024-05-30,-0.0005409813774868608,-0.0005409813774868608,0.0,0.0,0.10116952987473293,1.4962532653928193,0
2024-05-31,0.004270907643766428,0.004270907643766428,0.0,0.0,0.10040828259625403,1.496521874480428,0
2024-06-03,0.007492037199674917,0.007492037199674917,0.0,0.0,0.09759851163419073,1.4944102937775767,0
2024-06-04,0.001620558600107322,0.001620558600107322,0.0,0.0,0.09838475806202583,1.4907336986521407,0
2024-06-05,0.012788663776813803,0.012788663776813803,0.0,0.0,0.0981462112147798,1.489939722621113,0
2024-06-06,0.0006146002214316099,0.0006146002214316099,0.0,0.0,0.10036660761549053,1.4837531660297887,0
2024-06-07,-0.012700250838880486,-0.012700250838880486,0.0,0.0,0.09934939300485747,1.4834560338443357,0
2024-06-10,0.0025211136132587864,0.0025211136132587864,0.0,0.0,0.10289499649766022,1.489675029549146,0
2024-06-11,0.005433608523139536,0.005433608523139536,0.0,0.0,0.10291981381690998,1.488443607720413,0
2024-06-12,0.008832113301168107,0.008832113301168107,0.0,0.0,0.10320784284619701,1.4858039392952833,0
2024-06-13,0.003532043651774624,0.003532043651774624,0.0,0.0,0.10425512005530402,1.4815508278236733,0
2024-06-14,0.004299552647761752,0.004299552647761752,0.0,0.0,0.1032198209372394,1.4798559556417825,0
2024-06-17,0.0019576686314488863,0.0019576686314488863,0.0,0.0,0.10256574350555175,1.4778016224110402,0
2024-06-18,0.004746928070468792,0.004746928070468792,0.0,0.0,0.10247326194676276,1.4768680727436903,0
2024-06-20,-0.00170156919434454,-0.00170156919434454,0.0,0.0,0.10242228943033364,1.474615108960298,0
2024-06-21,-0.0035021143363656746,-0.0035021143363656746,0.0,0.0,0.10130169282268384,1.4754240759221366,0
2024-06-24,-0.0020140704699000127,-0.0020140704699000127,0.0,0.0,0.10165214349074012,1.4770949168703154,0
2024-06-25,0.003305449302042221,0.003305449302042221,0.0,0.0,0.10176016672822917,1.4780577588853931,0
2024-06-26,-0.0046851533100068735,-0.0046851533100068735,0.0,0.0,0.10164748808438696,1.4764827692483462,0
2024-06-27,0.004486235927504462,0.004486235927504462,0.0,0.0,0.10236697353473505,1.4787256724170563,0
2024-06-28,-0.006696799110524206,-0.006696799110524206,0.0,0.0,0.1013470710651001,1.4765875880569128,0
2024-07-01,-0.0013646020517133432,-0.0013646020517133432,0.0,0.0,0.10253093930896849,1.479800717072231,0
2024-07-02,0.006867538105067736,0.006867538105067736,0.0,0.0,0.10233533060275415,1.4804563487915505,0
2024-07-03,0.009244467071887894,0.009244467071887894,0.0,0.0,0.10278252922642268,1.4771793017538066,0
2024-07-05,0.00951912848833836,0.00951912848833836,0.0,0.0,0.1039321438762247,1.4728084397016739,0
2024-07-08,-0.0011831285245372403,-0.0011831285245372403,0.0,0.0,0.10399804002598517,1.4683501544043653,0
2024-07-09,-0.0004358398185343095,-0.0004358398185343095,0.0,0.0,0.10371758598445618,1.4689049292013998,0
2024-07-10,0.007455219435044494,0.007455219435044494,0.0,0.0,0.10377962591014843,1.469109385750958,0
2024-07-11,-0.0004614192371235543,-0.0004614192371235543,0.0,0.0,0.10421819362258529,1.465637952636766,0
2024-07-12,0.005087293376818638,0.005087293376818638,0.0,0.0,0.09903403157076159,1.465852906129324,0
2024-07-15,-0.00015741626634546767,-0.00015741626634546767,0.0,0.0,0.09814807562351907,1.4634949712319867,0
2024-07-16,0.009757772015703851,0.009757772015703851,0.0,0.0,0.09586600786475638,1.4635679443669865,0
2024-07-17,-0.011549482712278784,-0.011549482712278784,0.0,0.0,0.09503133319225307,1.4590882657348607,0
2024-07-18,-0.0069103651779429814,-0.0069103651779429814,0.0,0.0,0.09827167216220613,1.4644524512917299,0
2024-07-19,-0.008902660089243777,-0.008902660089243777,0.0,0.0,0.09940041378438977,1.4676843207360142,0
2024-07-22,0.006864621413557762,0.006864621413557762,0.0,0.0,0.10135197140763118,1.471885355658534,0
2024-07-23,-0.0006403944761361002,-0.0006403944761361002,0.0,0.0,0.10100498433360688,1.4686681264021817,0
2024-07-24,-0.018050823664422316,-0.018050823664422316,0.0,0.0,0.10109378071086916,1.4689684512078172,0
2024-07-25,-0.0051899902988750465,-0.0051899902988750465,0.0,0.0,0.10761186994657661,1.4775893320241953,0
2024-07-26,0.010539761868972196,0.010539761868972196,0.0,0.0,0.10811853108525417,1.4800809474843135,0
2024-07-29,0.0011541647749082858,0.0011541647749082858,0.0,0.0,0.1092615605270933,1.4750737829419138,0
2024-07-30,-0.0013416691461270525,-0.0013416691461270525,0.0,0.0,0.10822473887820099,1.4745261016306375,0
2024-07-31,0.018069598064112666,0.018069598064112666,0.0,0.0,0.10809468159287876,1.4751636139908912,0
2024-08-01,-0.008337950891603291,-0.008337950891603291,0.0,0.0,0.10709808767405049,1.4667299906552833,0
2024-08-02,-0.003968743522436818,-0.003968743522436818,0.0,0.0,0.1087595312235006,1.4706542829534723,0
2024-08-05,-0.018041076441249658,-0.018041076441249658,0.0,0.0,0.108144724085462,1.4725296318691123,0
2024-08-06,-0.0005577498677200223,-0.0006375371555151967,0.1595745755903487,7.978728779517436e-05,0.10000000000000002,1.4028314111697575,1
2024-08-07,-0.004840275514990095,-0.004840275514990095,0.0,0.0,0.09929131511821926,1.4031682331861322,0
2024-08-08,0.013828727525474184,0.013828727525474184,0.0,0.0,0.09977570100483367,1.4051291699880335,0
2024-08-09,0.004461540788595958,0.004461540788595958,0.0,0.0,0.1034431567472882,1.3996031666777304,0
2024-08-12,0.0038699363611492477,0.0038699363611492477,0.0,0.0,0.10328707332957668,1.39782823975919,0
2024-08-13,0.012031331516711707,0.012031331516711707,0.0,0.0,0.10344608812562703,1.396294604858122,0
2024-08-14,0.0016443676813279464,0.0016443676813279464,0.0,0.0,0.10595562236619013,1.3915833359271623,0
2024-08-15,0.0077615368479898176,0.0077615368479898176,0.0,0.0,0.1055309411828361,1.3909404860266175,0
2024-08-16,0.005763630823219708,0.005763630823219708,0.0,0.0,0.10413020432405679,1.387929556479577,0
2024-08-19,0.006202520363422696,0.006202520363422696,0.0,0.0,0.1042406914757999,1.3857064866842081,0
2024-08-20,0.0013144664427829388,0.0013144664427829388,0.0,0.0,0.10490922586828472,1.3833288814908733,0
2024-08-21,0.002763808492694999,0.002763808492694999,0.0,0.0,0.1047841102324522,1.3828256699942298,0
2024-08-22,-0.00930812083540628,-0.00930812083540628,0.0,0.0,0.10482159490476467,1.3817705293629161,0
2024-08-23,0.010084592331123876,0.010084592331123876,0.0,0.0,0.10630696270294426,1.3853574833830737,0
2024-08-26,-0.0031659545557166623,-0.0031659545557166623,0.0,0.0,0.10617522683305541,1.3815101094589775,0
2024-08-27,0.0013062500504291928,0.0013062500504291928,0.0,0.0,0.1061438206602006,1.3827217892512293,0
2024-08-28,-0.005017081342138569,-0.005017081342138569,0.0,0.0,0.10598040687595492,1.3822225110768598,0
2024-08-29,0.00010608542556273833,0.00010608542556273833,0.0,0.0,0.10498307856177291,1.3841498219813082,0
2024-08-30,0.0019427254191240909,0.0019427254191240909,0.0,0.0,0.10495465660057775,1.384109073606772,0
2024-09-03,-0.009638797754776706,-0.009638797754776706,0.0,0.0,0.10508002166639835,1.383364302032429,0
2024-09-04,0.0032731711545933642,0.0032731711545933642,0.0,0.0,0.10597733304578381,1.387095436658174,0
2024-09-05,0.002754096079489679,0.002754096079489679,0.0,0.0,0.10572572467429586,1.3858325407154009,0
2024-09-06,-0.01026918626369069,-0.01026918626369069,0.0,0.0,0.10361651366746294,1.384772839347061,0
2024-09-09,0.0075776973421395385,0.0075776973421395385,0.0,0.0,0.10543149668115934,1.3887651409927455,0
2024-09-10,0.004613227344160873,0.004613227344160873,0.0,0.0,0.10403016882624137,1.3858413520051684,0
2024-09-11,0.006424796140209561,0.006424796140209561,0.0,0.0,0.10436683816048856,1.3840695518465305,0
2024-09-12,0.00598184073834782,0.00598184073834782,0.0,0.0,0.10508840006673276,1.381617735691226,0
2024-09-13,0.005396800990780539,0.005396800990780539,0.0,0.0,0.1048457202703341,1.3793485331814088,0
2024-09-16,0.0023969119360457637,0.0023969119360457637,0.0,0.0,0.10504623859689406,1.377312254034999,0
2024-09-17,-0.0016037957439292896,-0.0016037957439292896,0.0,0.0,0.10473855209529634,1.3764100323356463,0
2024-09-18,-0.004881052171385603,-0.004881052171385603,0.0,0.0,0.1049626419025522,1.3770146868858728,0
2024-09-19,0.011857892598142244,0.011857892598142244,0.0,0.0,0.10542807500715744,1.3788639415504371,0
2024-09-20,0.0005899183416564585,0.0005899183416564585,0.0,0.0,0.10806273679404708,1.3744240612460215,0
2024-09-23,0.0005022626183133382,0.0005022626183133382,0.0,0.0,0.10777040382476974,1.3742033118488532,0
2024-09-24,0.003822870370788695,0.003822870370788695,0.0,0.0,0.10775104189867173,1.374015457865696,0
2024-09-25,-0.0028345007809855503,-0.0028345007809855503,0.0,0.0,0.10787195098518569,1.3725910904256877,0
2024-09-26,0.0037933897772690693,0.0037933897772690693,0.0,0.0,0.10780060904948702,1.3736502022156836,0
2024-09-27,-0.00030434117006520613,-0.00030434117006520613,0.0,0.0,0.10792625376452812,1.3722381577932012,0
2024-09-30,-0.0009411141031668452,-0.0009411141031668452,0.0,0.0,0.10664747618811152,1.372351479678202,0
2024-10-01,-0.0022669799416344385,-0.0022669799416344385,0.0,0.0,0.10682063971677579,1.3727022350078497,0
2024-10-02,-0.0012338357297212077,-0.0012338357297212077,0.0,0.0,0.10607190658356867,1.373549063241434,0
2024-10-03,-0.0036202550320934804,-0.0036202550320934804,0.0,0.0,0.10535738495809689,1.3740105307976245,0
2024-10-04,0.0008695132567465141,0.0008695132567465141,0.0,0.0,0.10490108671038843,1.375369463988523,0
2024-10-07,-0.00805732081859527,-0.00805732081859527,0.0,0.0,0.10549299938852004,1.375043358816178,0
2024-10-08,0.00565335681128851,0.00565335681128851,0.0,0.0,0.10690967997631716,1.3780897492238968,0
2024-10-09,0.001217015536323032,0.001217015536323032,0.0,0.0,0.10699122019835283,1.3759642889501593,0
2024-10-10,-0.0003678939089944243,-0.0003678939089944243,0.0,0.0,0.10733578428188881,1.3755072907433221,0
2024-10-11,0.003877194151601814,0.003877194151601814,0.0,0.0,0.10701725954934276,1.3756454884304565,0
2024-10-14,0.003874270503286345,0.003874270503286345,0.0,0.0,0.10724860661548322,1.3741946630712363,0
2024-10-15,-0.001977652934242807,-0.001977652934242807,0.0,0.0,0.10656293496387655,1.372750526700556,0
2024-10-16,0.0034978207160320995,0.0034978207160320995,0.0,0.0,0.10385306821256754,1.3734891586310305,0
2024-10-17,-0.0026068555205097177,-0.0026068555205097177,0.0,0.0,0.10295235825919925,1.3721873141334102,0
2024-10-18,0.004832771990101603,0.004832771990101603,0.0,0.0,0.10210838909458049,1.3731600885703337,0
2024-10-21,-0.0049224056362375075,-0.0049224056362375075,0.0,0.0,0.10187150809894716,1.371365364438979,0
2024-10-22,0.0012513350306056833,0.0012513350306056833,0.0,0.0,0.1028991146271711,1.373202418125417,0
2024-10-23,-0.008661993089320693,-0.008661993089320693,0.0,0.0,0.09676163738076884,1.3727360005108102,0
2024-10-24,0.005248142961230199,0.005248142961230199,0.0,0.0,0.09797829528720088,1.3759928479614862,0
2024-10-25,-0.00018289662032746875,-0.00018289662032746875,0.0,0.0,0.09687302041940517,1.3740298856498234,0
2024-10-28,0.001109052639052897,0.001109052639052897,0.0,0.0,0.09710190825472738,1.3740983069658377,0
2024-10-29,0.004111993277202787,0.004111993277202787,0.0,0.0,0.09699712894456346,1.373683871881556,0
2024-10-30,-0.001690304556607832,-0.001690304556607832,0.0,0.0,0.09243249761620252,1.3721535788671675,0
2024-10-31,-0.012994590495806755,-0.012994590495806755,0.0,0.0,0.09081814007885937,1.3727836968485798,0
2024-11-01,-0.0006484598934154461,-0.0006484598934154461,0.0,0.0,0.09401808321102756,1.377691645110478,0
2024-11-04,0.00411292304113437,0.00403597605244536,0.15389397737802166,7.694698868901083e-05,0.09091436640947721,1.5000000000000002,1
2024-11-05,0.00816899645646078,0.00816899645646078,0.0,0.0,0.09059502156859099,1.4980667614668897,0
2024-11-06,-0.00030530980165020555,-0.00030530980165020555,0.0,0.0,0.09079676671473637,1.4940310237842147,0
2024-11-07,0.012542619417173955,0.012526298638918557,0.032641556510794145,1.6320778255397074e-05,0.0873379093218784,1.5000000000000004,1
2024-11-08,0.003728846555974997,0.003720679051922783,0.01633500810442748,8.167504052213739e-06,0.0897114192356056,1.5,1
2024-11-11,-0.0054589404765467715,-0.005466177260645075,0.014473568196607722,7.236784098303861e-06,0.08969804196704706,1.5,1
2024-11-12,-0.007730284825994579,-0.007740800805505464,0.021031959021771157,1.0515979510885579e-05,0.0882203715909811,1.5,1
2024-11-13,-0.003339174046520733,-0.003339174046520733,0.0,0.0,0.09014393014360528,1.5039111921415433,0
2024-11-14,-0.0034591227060287106,-0.003470356326968684,0.022467241879946198,1.1233620939973099e-05,0.08995789065136013,1.5,1
2024-11-15,-0.008816614133534148,-0.008823878518445754,0.014528769823213272,7.264384911606636e-06,0.0895478074331603,1.5,1
2024-11-18,0.006799019361799231,0.006799019361799231,0.0,0.0,0.0903475701097843,1.5044585453062864,0
2024-11-19,0.00544399176316756,0.00544399176316756,0.0,0.0,0.09123708020630081,1.5010518838467464,0
2024-11-20,-3.066277939778848e-05,-3.066277939778848e-05,0.0,0.0,0.09166034574529855,1.4983389308121393,0
2024-11-21,0.0034804342933589163,0.0034716642751043214,0.017540036509190088,8.770018254595044e-06,0.08890030957534902,1.5,1
2024-11-22,0.0033012844066600327,0.003299229975198359,0.00410886292334775,2.054431461673875e-06,0.08677626825616208,1.4999999999999998,1
2024-11-25,0.004595966156960604,0.00459172224048914,0.00848783294292868,4.24391647146434e-06,0.08668831915393205,1.5,1
2024-11-26,0.0014721348920229498,0.0014494483129081988,0.04537315822950205,2.2686579114751026e-05,0.08704188140357848,1.5000000000000004,1
2024-11-27,0.0005978994946795946,0.0005966890284645992,0.0024209324299907242,1.2104662149953621e-06,0.08640641900173865,1.5000000000000002,1
2024-11-29,0.008137027964881357,0.008134532334453081,0.004991260856549551,2.4956304282747755e-06,0.08631370030183386,1.5,1
2024-12-02,0.0016457108125490284,0.0016423843853008953,0.006652854496266153,3.3264272481330763e-06,0.08769249360050496,1.5,1
2024-12-03,-0.0008351342960026884,-0.0008544068111597952,0.03854503031421366,1.927251515710683e-05,0.08654125953968134,1.5,1
2024-12-04,0.00828694580167464,0.00828280599796154,0.008279607426198266,4.1398037130991325e-06,0.08649520799594579,1.5,1
2024-12-05,-0.0019571406864744745,-0.001963216619291399,0.012151865633848957,6.075932816924479e-06,0.08753992564967894,1.5,1
2024-12-06,0.0035601239051324925,0.003539137883119581,0.04197204402582311,2.0986022012911552e-05,0.085336974138704,1.5,1
2024-12-09,-0.004410576509383001,-0.0044140928908722975,0.00703276297859301,3.516381489296505e-06,0.08435520790147806,1.4999999999999998,1
2024-12-10,-0.0008180330193863754,-0.000820953291158864,0.005840543544976956,2.920271772488478e-06,0.08450510236087669,1.5,1
2024-12-11,0.005605162271449779,0.005596720869583599,0.016882803732359536,8.441401866179767e-06,0.08397823721225103,1.5,1
2024-12-12,-0.008691721734221482,-0.008698781424447315,0.014119380451664915,7.059690225832457e-06,0.08347858208929824,1.5,1
2024-12-13,-0.003407328578392008,-0.0034095259177681814,0.004394678752346837,2.1973393761734184e-06,0.08483077766845765,1.4999999999999998,1
2024-12-16,0.005917343312350343,0.0059140811146275694,0.006524395445546505,3.2621977227732524e-06,0.08509938013077721,1.5000000000000002,1
2024-12-17,-0.002934230265243224,-0.0029395377293664226,0.01061492824639762,5.3074641231988105e-06,0.08547023845401161,1.5000000000000002,1
2024-12-18,-0.026497509152633623,-0.02649956605723424,0.004113809201232749,2.0569046006163743e-06,0.08487354038494511,1.5,1
2024-12-19,-0.004033970522128649,-0.004033970522128649,0.0,0.0,0.09721403325536589,1.5136125670530487,0
2024-12-20,0.010563420340660235,0.010563420340660235,0.0,0.0,0.09760909813287606,1.515692856835997,0
2024-12-23,0.000368484601631147,0.000368484601631147,0.0,0.0,0.09974732263504377,1.5103023189402183,0
2024-12-24,0.008875432153442026,0.008875432153442026,0.0,0.0,0.09964065655821079,1.5101143496572984,0
2024-12-26,0.0015456045111719493,0.0015456045111719493,0.0,0.0,0.10095183116003337,1.5056266942376229,0
2024-12-27,-0.009972391721691072,-0.009972391721691072,0.0,0.0,0.10057556755724456,1.5048464013622287,0
2024-12-30,-0.004511048269125873,-0.004511048269125873,0.0,0.0,0.10265294488278766,1.5099316394218272,0
2024-12-31,-0.0030425147819398497,-0.0030425147819398497,0.0,0.0,0.10279284746951828,1.5122423895666548,0
2025-01-02,0.0019212787448623994,0.0019212787448623994,0.0,0.0,0.10275114536774199,1.5138056508544235,0
2025-01-03,0.006176723985957833,0.006176723985957833,0.0,0.0,0.10265041537702775,1.5128203799584772,0
2025-01-06,0.0037468473813950663,0.0037468473813950663,0.0,0.0,0.10321610699381062,1.509672274992553,0
2025-01-07,-0.010229128515990747,-0.010229128515990747,0.0,0.0,0.10354594720477817,1.5077697392746003,0
2025-01-08,0.002150818001675762,0.002150818001675762,0.0,0.0,0.10397286253943777,1.5130174608121956,0
2025-01-10,-0.010594145277183387,-0.010594145277183387,0.0,0.0,0.10319155859800863,1.511916421756927,0
2025-01-13,-0.0015881905233753979,-0.0015881905233753979,0.0,0.0,0.10536728204848053,1.5173978093149056,0
2025-01-14,0.0011864208082733672,0.0011864208082733672,0.0,0.0,0.10543939629986868,1.5182208427463713,0
2025-01-15,0.018893824938569843,0.018893824938569843,0.0,0.0,0.10506240714453952,1.5176067433355749,0
2025-01-16,0.00043435305875667526,0.0003871299645414839,0.09444618843038272,4.722309421519136e-05,0.1,1.4188229915489685,1
2025-01-17,0.005523574551230611,0.005523574551230611,0.0,0.0,0.09981497796749521,1.4187081201834641,0
2025-01-21,0.008569778026822215,0.008569778026822215,0.0,0.0,0.10035886878724407,1.416408059224604,0
2025-01-22,0.002931475288177008,0.002931475288177008,0.0,0.0,0.10146701733889765,1.4128698562029787,0
2025-01-23,0.0005307359949768176,0.0005307359949768176,0.0,0.0,0.10136962044718031,1.4116630760684288,0
2025-01-24,0.0004976378507665235,0.0004976378507665235,0.0,0.0,0.1007582740315657,1.411444707552188,0
2025-01-27,-0.0074403509886630075,-0.0074403509886630075,0.0,0.0,0.10059410810943763,1.4112400589331116,0
2025-01-28,0.005970838050764762,0.005970838050764762,0.0,0.0,0.0997389088058523,1.4143227657327568,0
2025-01-29,-0.002950032173325031,-0.002950032173325031,0.0,0.0,0.10002581290111166,1.411863594908552,0
2025-01-30,0.005935801306324567,0.005935801306324567,0.0,0.0,0.100254389257069,1.413082200690818,0
2025-01-31,-0.0034259369564397383,-0.0034259369564397383,0.0,0.0,0.10080825404998625,1.4106446953715959,0
2025-02-03,-0.0014327686523153997,-0.0014327686523153997,0.0,0.0,0.10084982539541484,1.412056374533246,0
2025-02-04,0.007280359065514419,0.007280359065514419,0.0,0.0,0.10070338780329184,1.412647603083397,0
2025-02-05,0.007223121812065899,0.007223121812065899,0.0,0.0,0.09819291099515301,1.4096650941017288,0
2025-02-06,0.0008260416576174926,0.0008260416576174926,0.0,0.0,0.09889192311998224,1.4067272536046551,0
2025-02-07,-0.007101068630690073,-0.007101068630690073,0.0,0.0,0.09886219315840235,1.406391557249063,0
2025-02-10,0.006541461108822451,0.006541461108822451,0.0,0.0,0.09899414042062656,1.4092980105121145,0
2025-02-11,-0.0022303647351545933,-0.0022303647351545933,0.0,0.0,0.09974855621779218,1.4066380038247261,0
2025-02-12,-0.004514474000437434,-0.004514474000437434,0.0,0.0,0.09739607277652948,1.407546982241837,0
2025-02-13,0.012077168158170212,0.012077168158170212,0.0,0.0,0.09782081537218083,1.4093951861656862,0
2025-02-14,0.0003368437832813624,0.0003368437832813624,0.0,0.0,0.10001127597677992,1.4045098526535527,0
2025-02-18,0.0006747821903817131,0.0006747821903817131,0.0,0.0,0.09884749317184355,1.4043736419061537,0
2025-02-19,0.001501328797469019,0.001501328797469019,0.0,0.0,0.09863074393999213,1.4041009617740328,0
2025-02-20,-0.000854342900268438,-0.000854342900268438,0.0,0.0,0.09827632159453953,1.4034951828364006,0
2025-02-21,-0.006127821735474188,-0.006127821735474188,0.0,0.0,0.09652825279346514,1.4038402008448352,0
2025-02-24,-0.0012542623143314664,-0.0012542623143314664,0.0,0.0,0.09654392822106077,1.4063301193821631,0
2025-02-25,-0.0006794644023053304,-0.0006794644023053304,0.0,0.0,0.09599885447713002,1.4068404039688085,0
2025-02-26,0.0025434003293320203,0.0025434003293320203,0.0,0.0,0.09577635561857922,1.407117025495205,0
2025-02-27,-0.013206269049732192,-0.013206269049732192,0.0,0.0,0.09566927848058125,1.40608419083051,0
2025-02-28,0.010013109595388807,0.010013109595388807,0.0,0.0,0.09917270108757166,1.4115188190742325,0
2025-03-03,-0.005992620352760809,-0.005992620352760809,0.0,0.0,0.10088133732103256,1.407439086844216,0
2025-03-04,-0.005173484440600376,-0.005173484440600376,0.0,0.0,0.10123771811131747,1.4098954345679116,0
2025-03-05,0.0034467627857919366,0.0034467627857919366,0.0,0.0,0.10172210013610268,1.4120270501007142,0
2025-03-06,-0.011787142549388998,-0.011787142549388998,0.0,0.0,0.10111108450791473,1.4106117687368238,0
2025-03-07,0.002566031150637865,0.002566031150637865,0.0,0.0,0.10349395772737233,1.4155094377097248,0
2025-03-10,-0.013219514060617457,-0.013219514060617457,0.0,0.0,0.10373272398924152,1.4144459564751535,0
2025-03-11,-0.00373571617645058,-0.00373571617645058,0.0,0.0,0.1050870619971992,1.419998127628775,0
2025-03-12,0.0026768276208456246,0.0026768276208456246,0.0,0.0,0.10524274206497475,1.4215730047220703,0
2025-03-13,-0.0033345434216742304,-0.0033345434216742304,0.0,0.0,0.10541798322621479,1.4204475391361941,0
2025-03-14,0.00939514379049533,0.00939514379049533,0.0,0.0,0.10490924112211326,1.4218542303850301,0
2025-03-17,0.005664479610946219,0.005664479610946219,0.0,0.0,0.10724120638856703,1.4179277391813843,0
2025-03-18,-0.0041521844777222955,-0.0041521844777222955,0.0,0.0,0.10754847602787487,1.4155737302594846,0
2025-03-19,0.009274541923143594,0.009274541923143594,0.0,0.0,0.10615597202193161,1.4173064636804318,0
2025-03-20,-0.001720888627287147,-0.001720888627287147,0.0,0.0,0.10753069480962932,1.413471703036585,0
2025-03-21,-0.002218281854213611,-0.002218281854213611,0.0,0.0,0.10706099485831273,1.4141844683778155,0
2025-03-24,0.005873706152486903,0.005873706152486903,0.0,0.0,0.10722679857055548,1.4151052889077875,0
2025-03-25,0.002176371431825461,0.002176371431825461,0.0,0.0,0.09765683574168738,1.412681320098906,0
2025-03-26,-0.00904240890460878,-0.00904240890460878,0.0,0.0,0.09740998508550242,1.4117851227217635,0
2025-03-27,-0.0005973382500995264,-0.0005973382500995264,0.0,0.0,0.09728933884176683,1.4155426290913036,0
2025-03-28,-0.005529809430312538,-0.005529809430312538,0.0,0.0,0.09710162711217143,1.4157909969578335,0
2025-03-31,0.006813235959644401,0.006813235959644401,0.0,0.0,0.09571132678761844,1.418103027019488,0
2025-04-01,0.004374571524710364,0.004374571524710364,0.0,0.0,0.09640739066733084,1.4152736695212127,0
2025-04-02,0.003405398874043393,0.003405398874043393,0.0,0.0,0.09506723889831528,1.4134649375788142,0
2025-04-03,-0.024158993532424837,-0.024158993532424837,0.0,0.0,0.09517216844720104,1.4120617031189764,0
2025-04-04,-0.030641989207761414,-0.030641989207761414,0.0,0.0,0.10533608360190345,1.4222631559731118,0
2025-04-07,-0.014120242245589136,-0.014201418818286213,0.16235314539415457,8.117657269707729e-05,0.10000000000000002,1.356954778080824,1
2025-04-08,-0.010515193919394218,-0.010515193919394218,0.0,0.0,0.10441306004391766,1.3621794162307765,0
2025-04-09,0.04989479067146246,0.04989479067146246,0.0,0.0,0.10609802975463149,1.3660282745173076,0
2025-04-10,-0.014176461290329052,-0.014333409761192538,0.3138969417269719,0.00015694847086348597,0.1,1.034736347788841,1
2025-04-11,0.00746912489176051,0.00746912489176051,0.0,0.0,0.10256082520246299,1.0354007091294943,0
2025-04-14,0.003886043684972984,0.003886043684972984,0.0,0.0,0.10384684787103471,1.0351382570987449,0
2025-04-15,0.0017449599631475486,0.0017449599631475486,0.0,0.0,0.10421761065507563,1.0350022368771685,0
2025-04-16,0.0011949979883290427,0.0011949979883290427,0.0,0.0,0.10415980152456038,1.0349412657673427,0
2025-04-17,-0.0011478732311296547,-0.0011478732311296547,0.0,0.0,0.10081822514608806,1.0348995608623188,0
2025-04-21,-0.004917386631099599,-0.004917386631099599,0.0,0.0,0.10090327843991628,1.0349396671709687,0
2025-04-22,0.004738765661352346,0.004738765661352346,0.0,0.0,0.10051979383297392,1.0351123280635754,0
2025-04-23,0.002600531623637684,0.002600531623637684,0.0,0.0,0.10117642674443618,1.0349467237291907,0
2025-04-24,0.011081750738802947,0.011081750738802947,0.0,0.0,0.10204590026316834,1.0348560793924544,0
2025-04-25,0.002063889164837765,0.002063889164837765,0.0,0.0,0.10515017573317752,1.0344740466010636,0
2025-04-28,0.003928705023422295,0.003928705023422295,0.0,0.0,0.10551824172938831,1.0344030425343396,0
2025-04-29,0.0022316128445878584,0.0022316128445878584,0.0,0.0,0.1054444142433267,1.0342684120517671,0
2025-04-30,-0.0033249425755348576,-0.0033249425755348576,0.0,0.0,0.10555714400718859,1.0341921085032477,0
2025-05-01,-0.0025252855997759307,-0.0025252855997759307,0.0,0.0,0.10578596634859756,1.0343061745636581,0
2025-05-02,0.0010830170612580558,0.0010830170612580558,0.0,0.0,0.10619097991963442,1.0343930267789156,0
2025-05-05,0.0018520784541858652,0.0018520784541858652,0.0,0.0,0.10683826387667272,1.0343558188409574,0
2025-05-06,0.0031149646913509713,0.0031149646913509713,0.0,0.0,0.10657396677936519,1.0342923067983918,0
2025-05-07,-0.00031816377550830384,-0.00031816377550830384,0.0,0.0,0.10584076771809318,1.0341858191787052,0
2025-05-08,-0.004132797021474785,-0.004132797021474785,0.0,0.0,0.10543472188454601,1.034196699329674,0
2025-05-09,0.0014148777720998616,0.0014148777720998616,0.0,0.0,0.10635347644263043,1.0343386138507178,0
2025-05-12,0.0027680714855935293,0.0027680714855935293,0.0,0.0,0.1059293025280034,1.0342900975538856,0
2025-05-13,0.002235886401108049,0.002235886401108049,0.0,0.0,0.1074958736522698,1.0341954421256003,0
2025-05-14,-0.004526506261939253,-0.004526506261939253,0.0,0.0,0.10795562110808248,1.034119155569645,0
2025-05-15,0.0056266981297278815,0.0056266981297278815,0.0,0.0,0.10842550478809007,1.0342742983959576,0
2025-05-16,0.00013873284964022571,0.00013873284964022571,0.0,0.0,0.10761697142374088,1.0340825263089188,0
2025-05-19,0.0014837723207341356,0.0014837723207341356,0.0,0.0,0.10787911733689531,1.0340777985988097,0
2025-05-20,0.0004511395117130924,0.0004511395117130924,0.0,0.0,0.1079290986783272,1.0340273098183521,0
2025-05-21,-0.007074239240699573,-0.007074239240699573,0.0,0.0,0.1077746136783934,1.0340119656767646,0
2025-05-22,0.00047606366419220285,0.00047606366419220285,0.0,0.0,0.10824078313070704,1.03425428871012,0
2025-05-23,0.001962103141869685,0.001962103141869685,0.0,0.0,0.10818529014504262,1.034237989247504,0
2025-05-27,0.006093376489510291,0.006093376489510291,0.0,0.0,0.1077926044787861,1.0341709423341894,0
2025-05-28,-0.0026344117540602193,-0.0026344117540602193,0.0,0.0,0.10932169998328077,1.033963986974469,0
2025-05-29,0.003943263957405043,0.003943263957405043,0.0,0.0,0.10925795588768061,1.0340536984379032,0
2025-05-30,-0.0004300357227358632,-0.0004300357227358632,0.0,0.0,0.10809419173882047,1.0339199431486477,0
2025-06-02,0.0031665085712108748,0.0031665085712108748,0.0,0.0,0.10744062608896299,1.0339345362114531,0
2025-06-03,4.893192186043293e-05,4.893192186043293e-05,0.0,0.0,0.10782412162653662,1.0338274213916743,0
2025-06-04,0.005185319841003282,0.005185319841003282,0.0,0.0,0.10796116490464985,1.0338257662319241,0
2025-06-05,-0.0026082800491067336,-0.0026082800491067336,0.0,0.0,0.10819747763757202,1.0336512736151724,0
2025-06-06,-0.002805792166702485,-0.002805792166702485,0.0,0.0,0.10720378017594173,1.0337392750932695,0
2025-06-09,0.0014441400661014936,0.0014441400661014936,0.0,0.0,0.10804033631786551,1.033834206845804,0
2025-06-10,0.0028146230126933156,0.0028146230126933156,0.0,0.0,0.10714886100105671,1.0337854159729476,0
2025-06-11,0.001112312762685118,0.001112312762685118,0.0,0.0,0.10732761242611685,1.0336905896639683,0
2025-06-12,0.005324542417281265,0.005324542417281265,0.0,0.0,0.10710831950779032,1.0336531568281238,0
2025-06-13,-0.0032982324542440333,-0.0032982324542440333,0.0,0.0,0.10747984205955201,1.0334749182062197,0
2025-06-16,-0.00130923558020732,-0.00130923558020732,0.0,0.0,0.1070899242978614,1.0335856916243333,0
2025-06-17,0.0003788363419500639,0.0003788363419500639,0.0,0.0,0.10755587009981601,1.0336297208514245,0
2025-06-18,-7.039696336342259e-05,-7.039696336342259e-05,0.0,0.0,0.10702343890698851,1.0336169855156043,0
2025-06-20,-0.0002988934014214529,-0.0002988934014214529,0.0,0.0,0.10647909417617614,1.0336193522159105,0
2025-06-23,0.003993025625526847,0.003993025625526847,0.0,0.0,0.10630259875458827,1.033629403822807,0
2025-06-24,0.0026599737482121697,0.0026599737482121697,0.0,0.0,0.1067158426483082,1.0334956548147876,0
2025-06-25,0.0009779550334607808,0.0009779550334607808,0.0,0.0,0.10727100719779606,1.0334067936207445,0
2025-06-26,0.003569296127122078,0.003569296127122078,0.0,0.0,0.1072992939870346,1.0333741551976814,0
2025-06-27,-0.003092063948266061,-0.003092063948266061,0.0,0.0,0.10700877753161563,1.0332554566251437,0
2025-06-30,0.00577047803973315,0.00577047803973315,0.0,0.0,0.10757900678112779,1.033358603560578,0
2025-07-01,0.0004068721369171331,0.0004068721369171331,0.0,0.0,0.10806932954007954,1.0331672128869744,0
2025-07-02,0.0010766722682570432,0.0010766722682570432,0.0,0.0,0.10752183646631687,1.0331537235606225,0
2025-07-03,-0.0006071987523886672,-0.0006071987523886672,0.0,0.0,0.10766949031718773,1.0331180662571051,0
2025-07-07,-0.0041268122717309985,-0.0041268122717309985,0.0,0.0,0.10813704545019816,1.0331381877233472,0
2025-07-08,-0.001988796957381725,-0.001988796957381725,0.0,0.0,0.10492673639246285,1.0332755095043176,0
2025-07-09,0.004867040435506524,0.004867040435506524,0.0,0.0,0.09831155275344164,1.0333418196137192,0
2025-07-10,0.0005061054294465463,0.0005061054294465463,0.0,0.0,0.09588384957120091,1.033180329607854,0
2025-07-11,-0.00229257388663445,-0.00229257388663445,0.0,0.0,0.0941688160249888,1.033163545357489,0
2025-07-14,0.0003841504463806768,0.00017715567442427207,0.4139895439128095,0.00020699477195640475,0.09999999999999999,1.3779265949575594,1
2025-07-15,-0.004633754308354548,-0.004696522261995286,0.12553590728147618,6.276795364073808e-05,0.0943886259456279,1.5,1
2025-07-16,0.003354700661007151,0.003354700661007151,0.0,0.0,0.09309479236827976,1.5024224059681954,0
2025-07-17,0.0030423938041645097,0.0030423938041645097,0.0,0.0,0.09227388590004981,1.5007425645558854,0
2025-07-18,0.0010599196544806206,0.0010599196544806206,0.0,0.0,0.09248833394266284,1.4992237293747437,0
2025-07-21,0.006176838406025869,0.006176838406025869,0.0,0.0,0.09106374488554156,1.498695152580929,0
2025-07-22,0.0025698630743028455,0.0025698630743028455,0.0,0.0,0.09117293577416705,1.4956337032871438,0
2025-07-23,0.00044930885201728814,0.00040749690304756904,0.08362389793943815,4.181194896971907e-05,0.08882807322796873,1.5,1
2025-07-24,-0.0012497386782141832,-0.0012638933267704806,0.028309297112594875,1.415464855629744e-05,0.08689403002462702,1.5,1
2025-07-25,0.002733491929702159,0.002725870154387646,0.015243550629025715,7.621775314512858e-06,0.08592725799407189,1.5,1
2025-07-28,-0.001959651055250422,-0.0019753286006196366,0.03135509073842878,1.567754536921439e-05,0.07915121121023123,1.5000000000000002,1
2025-07-29,0.0038391481638156556,0.0038366879979053175,0.004920331820676235,2.4601659103381177e-06,0.07909176595410126,1.5,1
2025-07-30,-0.004322374746520473,-0.0043338672510448316,0.022985009048716948,1.1492504524358473e-05,0.07882523304379653,1.5,1
2025-07-31,-0.0012683240121308748,-0.001271409305932317,0.006170587602884345,3.0852938014421726e-06,0.07941793236849719,1.5,1
2025-08-01,-0.0021163577590541903,-0.002118372746054249,0.004029974000117134,2.014987000058567e-06,0.0787487920993982,1.5,1
2025-08-04,0.011093213596787867,0.011084269079699713,0.017889034176308383,8.944517088154192e-06,0.0778824022283252,1.5,1
2025-08-05,-0.00239568835392419,-0.002404118155965764,0.016859604083148655,8.429802041574328e-06,0.07976480524518821,1.5,1
2025-08-06,0.003698794505126731,0.003693601818527402,0.01038537319865794,5.19268659932897e-06,0.07962104558779942,1.5,1
2025-08-07,0.0006276347306992511,0.0006228259264313593,0.009617608535783667,4.808804267891833e-06,0.07949699931581714,1.5,1
2025-08-08,0.0032123265767098974,0.0032114125969310184,0.0018279595577583574,9.139797788791787e-07,0.07943998762756611,1.5,1
2025-08-11,-0.002793463618557177,-0.0028002918561536305,0.01365647519290658,6.82823759645329e-06,0.07908858061654843,1.5,1
2025-08-12,0.0053977139285024765,0.00539675256094529,0.0019227351143727978,9.613675571863989e-07,0.07960668947805563,1.5000000000000002,1
2025-08-13,0.004760938702117934,0.004718545761480552,0.0847858812747638,4.2392940637381906e-05,0.0777722625774511,1.5,1
2025-08-14,-0.0037674722506064002,-0.003772240027634578,0.00953555405635545,4.767777028177725e-06,0.0778181408964468,1.5,1
2025-08-15,-0.003296822169313397,-0.0033018592691112856,0.010074199595777295,5.037099797888647e-06,0.07764746375543408,1.4999999999999998,1
2025-08-18,-0.0012689537531885644,-0.00127270381806292,0.00750012974871106,3.75006487435553e-06,0.07712249865141217,1.5,1
2025-08-19,-0.004221013930542931,-0.004223126907618628,0.004225954151392847,2.112977075696423e-06,0.07720599921493428,1.5,1
2025-08-20,-0.00030974604557038206,-0.0003139239672200368,0.008355843299309468,4.177921649654734e-06,0.07745738680232067,1.5000000000000002,1
2025-08-21,-0.004796573744931408,-0.004798470357893614,0.0037932259244120026,1.8966129622060014e-06,0.07725726108928256,1.5,1
2025-08-22,0.014828240717726173,0.01481116826919869,0.03414489705496404,1.707244852748202e-05,0.07310603181327659,1.5000000000000004,1
2025-08-25,-0.0038410443514856453,-0.003855707644863401,0.029326586755511197,1.4663293377755598e-05,0.07736000085446981,1.5,1
2025-08-26,0.004051842521541102,0.004045021118602637,0.01364280587693073,6.821402938465365e-06,0.07798759210488818,1.5,1
2025-08-27,0.0016841687168704833,0.0016644130255452632,0.03951138265044021,1.9755691325220106e-05,0.07440738213552976,1.5000000000000004,1
2025-08-28,0.0053477843013716555,0.005344967915240317,0.005632772262677471,2.8163861313387357e-06,0.07356899669489723,1.5,1
2025-08-29,-0.005371000408287221,-0.0053739812836866765,0.0059617507989106755,2.9808753994553377e-06,0.07349072179265984,1.5000000000000002,1
2025-09-02,-0.003366046311825922,-0.0033691311532527053,0.006169682853566477,3.0848414267832385e-06,0.07426291849675937,1.5000000000000002,1
2025-09-03,0.008380635006264903,0.008377048895401955,0.007172221725893324,3.586110862946662e-06,0.07419222494536529,1.5,1
2025-09-04,0.007063777034697875,0.007057399027211816,0.012756014972117563,6.3780074860587816e-06,0.07550867541806264,1.5,1
2025-09-05,0.005558191043278711,0.005549317598681449,0.01774688919452408,8.87344459726204e-06,0.07560984738292947,1.5,1
2025-09-08,0.006948875493818599,0.006935212239042885,0.027326509551428985,1.3663254775714492e-05,0.07518712495130656,1.4999999999999998,1
2025-09-09,-0.000769329801464438,-0.0007733918023950164,0.008124001861156888,4.062000930578444e-06,0.07617771121101759,1.5000000000000002,1
2025-09-10,0.003202956032089555,0.003201645657998671,0.0026207481817673572,1.3103740908836786e-06,0.07627808675135929,1.5000000000000002,1
2025-09-11,0.006379719598078882,0.0063775563696462775,0.00432645686520991,2.163228432604955e-06,0.07600575992410993,1.4999999999999996,1
2025-09-12,-0.00015687956178856723,-0.00016134948606944124,0.008939848561748037,4.469924280874019e-06,0.0765297030198284,1.5,1
2025-09-15,0.006729577696903178,0.0067247262937623386,0.009702806281678245,4.851403140839122e-06,0.07574191189834406,1.5,1
2025-09-16,4.684233231068868e-05,3.8297141887268695e-05,0.017090380846839975,8.545190423419988e-06,0.07447776187179589,1.5,1
2025-09-17,-0.0030354968301406337,-0.003041830125316129,0.012666590350991158,6.3332951754955795e-06,0.07481105407572905,1.5,1
2025-09-18,0.001146088024573932,0.0011378391923535913,0.01649766444068146,8.24883222034073e-06,0.07538012791942594,1.4999999999999998,1
2025-09-19,0.004619706252052337,0.00461567454209701,0.008063419910653818,4.0317099553269095e-06,0.07517320866016505,1.5,1
2025-09-22,0.004768126703956977,0.004764827981048723,0.006597445816508257,3.2987229082541285e-06,0.07522676786990816,1.5000000000000002,1
2025-09-23,-0.001391707898300552,-0.001398676201160877,0.013936605720649892,6.968302860324946e-06,0.0746204304544075,1.5,1
2025-09-24,-0.004669648584345276,-0.004678208031318596,0.01711889394663943,8.559446973319714e-06,0.07390420625329842,1.5000000000000004,1
2025-09-25,-0.0030679387477603104,-0.0030692164325082038,0.0025553694957869966,1.2776847478934983e-06,0.07485550590091587,1.4999999999999998,1
2025-09-26,0.004340496268456116,0.004338143314690365,0.004705907531502657,2.3529537657513285e-06,0.07451868870216741,1.4999999999999998,1
2025-09-29,0.007037351232665445,0.0070310432550726425,0.012615955185605127,6.307977592802563e-06,0.07449623775589806,1.5,1
2025-09-30,0.0025913751230315584,0.002586324145901536,0.010101954260044316,5.050977130022158e-06,0.07401418541349652,1.5000000000000002,1
2025-10-01,0.004005403770259802,0.00400203759367426,0.006732353171085226,3.366176585542613e-06,0.07404983337215039,1.4999999999999998,1
2025-10-02,0.0015594376981351485,0.0015584213581297883,0.0020326800107204612,1.0163400053602307e-06,0.07421433537648232,1.5000000000000002,1
2025-10-03,-0.000680747703827147,-0.0006837457291060139,0.005996050557733945,2.9980252788669725e-06,0.0743830921384709,1.5,1
2025-10-06,0.0038807308609973773,0.003873345192919086,0.014771336156582604,7.385668078291302e-06,0.07246783300880856,1.5,1
2025-10-07,-0.0006697931456561558,-0.0006751034626243748,0.010620633936438112,5.310316968219056e-06,0.07216093158077967,1.4999999999999998,1
2025-10-08,0.007054548052357639,0.00705264067684072,0.0038147510338364388,1.9073755169182196e-06,0.07109376585406647,1.5,1
2025-10-09,-0.0048879769531907985,-0.00489653514249238,0.017116378603163257,8.55818930158163e-06,0.0717708191939359,1.5,1
2025-10-10,-0.013723595906520853,-0.013733213275214005,0.019234737386305795,9.617368693152897e-06,0.07191639995841385,1.5,1
2025-10-13,0.01518394142447552,0.015137243830374965,0.09339518820111187,4.669759410055593e-05,0.07407573470315827,1.4999999999999998,1
2025-10-14,0.0002251873897710993,0.0002030991068312154,0.044176565879767815,2.2088282939883907e-05,0.07702263205608481,1.4999999999999998,1
2025-10-15,0.005496765931394329,0.0054950542820799446,0.003423298628768834,1.711649314384417e-06,0.07689687200385549,1.5,1
2025-10-16,0.0016556627345984058,0.0016507662510314455,0.009792967133920472,4.896483566960236e-06,0.077233745214624,1.5,1
2025-10-17,0.0009399406053518073,0.0009312115708405067,0.017458069022601108,8.729034511300555e-06,0.07705725427752458,1.5,1
2025-10-20,0.012414164789505196,0.01240956917886254,0.009191221285311468,4.595610642655734e-06,0.07617303864319211,1.5,1
2025-10-21,-0.006965829009676544,-0.006981245798149898,0.030833576946707547,1.5416788473353773e-05,0.0786839647130058,1.4999999999999998,1
2025-10-22,-0.0038249922243860533,-0.0038402606037463705,0.030536758720634327,1.5268379360317164e-05,0.0794461395886963,1.5,1
2025-10-23,0.0025867878941092555,0.0025856263551463808,0.002323077925749789,1.1615389628748945e-06,0.0797410774849799,1.5,1
2025-10-24,0.0056537214937853585,0.005650097397325994,0.007248192918728677,3.6240964593643386e-06,0.0796905154327017,1.4999999999999998,1
2025-10-27,0.0063205508973636585,0.0063131160113510795,0.014869772025158198,7.434886012579099e-06,0.07952428959929896,1.5,1
2025-10-28,0.0022302899700047,0.0022133842307392724,0.03381147853085584,1.6905739265427918e-05,0.0788169279754612,1.5000000000000002,1
2025-10-29,-0.003836977666958195,-0.0038403036827881804,0.006652031659971289,3.3260158299856445e-06,0.07786440548573871,1.5,1
2025-10-30,-0.006930455694833256,-0.006934475701024401,0.008040012382288589,4.020006191144294e-06,0.07873355846112133,1.5000000000000002,1
2025-10-31,0.0007272281864611819,0.0007132729918497251,0.027910389222913612,1.3955194611456806e-05,0.08068117474320353,1.4999999999999998,1
2025-11-03,0.00016284147425851781,0.000153679489358483,0.018323969800069603,9.161984900034802e-06,0.07903995967612817,1.5,1
2025-11-04,-0.009035902395260089,-0.009037204056999952,0.002603323479725514,1.301661739862757e-06,0.07890755610194472,1.5,1
2025-11-05,0.0003368071658788928,0.0003319989020435184,0.009616527670748887,4.808263835374443e-06,0.08056825959742075,1.5,1
2025-11-06,-0.004326907138414767,-0.004331210910762496,0.008607544695457256,4.303772347728628e-06,0.08072284917247145,1.5,1
2025-11-07,7.181012641416361e-05,6.741282893646457e-05,0.008794594955398069,4.3972974776990346e-06,0.08079696608574277,1.5,1
2025-11-10,0.013024632395873672,0.013023749978478117,0.0017648347911073808,8.824173955536904e-07,0.08059264038009845,1.5,1
2025-11-11,0.0025683952239775026,0.002551975277710938,0.03283989253312876,1.6419946266564376e-05,0.08286233828667611,1.5,1
2025-11-12,0.0014258537483037973,0.0014244631011622348,0.002781294283125138,1.390647141562569e-06,0.0824414074715966,1.5,1
2025-11-13,-0.01398008072358505,-0.013983272399850694,0.006383352531286593,3.1916762656432966e-06,0.08163690981376712,1.4999999999999996,1
2025-11-14,-0.0032238845309664286,-0.0032321757671676214,0.016582472402385556,8.291236201192778e-06,0.0854541302238579,1.5,1
2025-11-17,-0.005418143827628029,-0.005419033619634239,0.0017795840124209816,8.897920062104908e-07,0.0857380576103701,1.5,1
2025-11-18,-0.0041234483699427085,-0.004127342628368594,0.007788516851772037,3.894258425886019e-06,0.08629342664336573,1.4999999999999998,1
2025-11-19,0.001973890301364893,0.001972607957172453,0.0025646883848794155,1.2823441924397077e-06,0.08656914600293938,1.5,1
2025-11-20,-0.007961024991647574,-0.007963081129804955,0.004112276314762298,2.0561381573811487e-06,0.0857916929726539,1.5,1
2025-11-21,0.0066649957721334205,0.006661042104922575,0.007907334421691989,3.953667210845995e-06,0.08290722434396014,1.5000000000000002,1
2025-11-24,0.013397186511528809,0.013391729185837462,0.01091465138269579,5.457325691347895e-06,0.08303395361570833,1.5000000000000002,1
2025-11-25,0.0059909694843173905,0.005975059249826447,0.03182046898188698,1.591023449094349e-05,0.0855239903069421,1.5,1
2025-11-26,0.006106656238480098,0.006101781050491584,0.009750375977027798,4.875187988513899e-06,0.08591188237703813,1.5,1
2025-11-28,0.0029119798081842754,0.002907998995238692,0.007961625891167334,3.9808129455836674e-06,0.08600021995419109,1.5,1
2025-12-01,-0.006318903594893893,-0.006321966578001319,0.0061259662148522576,3.0629831074261287e-06,0.08511171533949828,1.4999999999999998,1
2025-12-02,0.0022186851131507958,0.002213775752480894,0.009818721339804007,4.909360669902003e-06,0.08617357108348736,1.5,1
2025-12-03,0.002745152639533051,0.0027391970356734864,0.011911207719128764,5.955603859564381e-06,0.08478576824271009,1.5,1
2025-12-04,-0.001607537275215619,-0.0016095136369300852,0.003952723428932409,1.9763617144662045e-06,0.0840152121722748,1.5,1
2025-12-05,-0.0005322464644105224,-0.0005456176679722054,0.026742407123366063,1.3371203561683031e-05,0.08307861991070618,1.4999999999999998,1
2025-12-08,-0.0034182669295222895,-0.0034306391809019437,0.024744502759308312,1.2372251379654156e-05,0.08163691353717632,1.5,1
2025-12-09,0.00032782129770280366,0.0003252627550030958,0.0051170853994157856,2.5585426997078927e-06,0.0818316521876548,1.5,1
2025-12-10,0.005921707139213377,0.005919542326844337,0.004329624738079338,2.164812369039669e-06,0.08153882925897606,1.5,1
2025-12-11,0.0006810060718597292,0.0006792217432363143,0.003568657246829657,1.7843286234148284e-06,0.08133078044474255,1.5,1
2025-12-12,-0.009884757701997452,-0.00988708585002872,0.004656296062533177,2.328148031266589e-06,0.08117704639317222,1.4999999999999996,1
2025-12-15,-0.0006540236535594976,-0.0006577243934946967,0.0074014798703981866,3.700739935199093e-06,0.08290394999222687,1.5,1
2025-12-16,0.0017793296422153012,0.001778565394580055,0.0015284952704924248,7.642476352462124e-07,0.08288612657330928,1.5000000000000002,1
2025-12-17,-0.006256105319735751,-0.006259996217409048,0.007781795346591722,3.890897673295861e-06,0.0827575789500214,1.5,1
2025-12-18,0.0071739734103887,0.0071644937236772345,0.018959373422929596,9.479686711464797e-06,0.08296395860771952,1.5,1
2025-12-19,0.0033998891617526756,0.0033953054812501486,0.009167361005054178,4.583680502527089e-06,0.08372424703743951,1.5,1
2025-12-22,0.004192445502157398,0.004185736535828235,0.013417932658325943,6.7089663291629715e-06,0.08357902002123428,1.5,1
2025-12-23,0.004018164813240185,0.004012137948688629,0.01205372910311038,6.02686455155519e-06,0.08372903422120294,1.5000000000000002,1
2025-12-24,0.0040188594118425,0.004016340858637628,0.005037106409743947,2.5185532048719734e-06,0.08338236653841444,1.4999999999999998,1
2025-12-26,-3.424255907042177e-05,-3.916488939066147e-05,0.00984466064047941,4.922330320239705e-06,0.08351941320963717,1.5,1
2025-12-29,-0.004397378130790296,-0.004398863701212001,0.0029711408434110326,1.4855704217055164e-06,0.08346116560551203,1.5000000000000002,1
2025-12-30,-0.001174125854849279,-0.0011783824086514718,0.008513107604385242,4.256553802192621e-06,0.08272624607055554,1.5,1
2025-12-31,-0.007395981138193867,-0.007397079713121474,0.0021971498552141727,1.0985749276070865e-06,0.08279147352991097,1.5,1
2026-01-02,0.0004187549656443092,0.0004161567471784905,0.005196436931637405,2.5982184658187026e-06,0.08402703457030944,1.5,1
2026-01-05,0.00826877134702427,0.00826716767081871,0.0032073524111181917,1.603676205559096e-06,0.08396396693845726,1.4999999999999998,1
2026-01-06,0.003516683812278068,0.003511801248932218,0.00976512669170046,4.88256334585023e-06,0.08527633904084483,1.5000000000000002,1
2026-01-07,0.0003867255138097558,0.0003808167973884165,0.011817432842678555,5.908716421339277e-06,0.0852603217701482,1.5,1
2026-01-08,-0.00218440266928373,-0.002186598723997165,0.004392109426869989,2.1960547134349946e-06,0.085289371530082,1.5,1
2026-01-09,0.006724905152575336,0.0067224418075191635,0.004926690112344437,2.4633450561722185e-06,0.08523656599502721,1.5,1
2026-01-12,0.0013759285472709154,0.0013699936844708894,0.01186972560005213,5.934862800026065e-06,0.08574776830005056,1.5000000000000002,1
2026-01-13,-0.00029437778400298343,-0.00033001977313439876,0.07128397826283063,3.564198913141531e-05,0.08603713014083592,1.5,1
2026-01-14,-0.0003611611455835294,-0.00037261379140554927,0.022905291644039733,1.1452645822019867e-05,0.08359400362288726,1.5,1
2026-01-15,0.0006744113927005611,0.000669861484400724,0.009099816599674307,4.549908299837153e-06,0.08351402125220937,1.4999999999999998,1
2026-01-16,-0.0028107903384904202,-0.0028119738765597564,0.002367076138672486,1.183538069336243e-06,0.08327046448197124,1.5,1
2026-01-20,-0.012296602891243017,-0.01230180608938997,0.0104063962939039,5.20319814695195e-06,0.08363220630453666,1.5,1
2026-01-21,0.010859293371934354,0.010843319207313452,0.03194832924180299,1.5974164620901495e-05,0.0861070678275979,1.5,1
2026-01-22,0.00617147502792267,0.00616460582233446,0.013738411176420814,6.869205588210407e-06,0.08625488843488555,1.5,1
2026-01-23,0.003032873311602652,0.003019368205263785,0.02701021267773375,1.3505106338866874e-05,0.08628741998336172,1.5,1
2026-01-26,0.005751153256364423,0.005747491748438803,0.00732301585123965,3.661507925619825e-06,0.08629980276615908,1.5,1
2026-01-27,0.0032113178469006295,0.003208159891409708,0.006315910981842338,3.157955490921169e-06,0.08695861111351907,1.5,1
2026-01-28,0.0033056571218887205,0.0033005829154081462,0.010148412961148726,5.074206480574363e-06,0.08681852065580051,1.5,1
2026-01-29,-0.0012442714229544455,-0.0012518612287346265,0.015179611560361975,7.589805780180987e-06,0.08698949886726604,1.5,1
2026-01-30,-0.014942350314998618,-0.014943712949599898,0.0027252692025610536,1.3626346012805269e-06,0.08702251659464076,1.5,1
2026-02-02,-0.0019325338103425966,-0.0019325338103425966,0.0,0.0,0.09129795427348392,1.5075865909467758,0
2026-02-03,0.0009421145141270304,0.0009421145141270304,0.0,0.0,0.09019851637381811,1.5085694185430165,0
2026-02-04,-0.0057411130344700734,-0.0057411130344700734,0.0,0.0,0.09033440072861205,1.5080907388834208,0
2026-02-05,-0.005010058151117103,-0.005010058151117103,0.0,0.0,0.09103157409688364,1.5110245888111795,0
2026-02-06,0.013149501105220856,0.013125262402956988,0.04847740452773533,2.4238702263867664e-05,0.08764893304816065,1.5,1
2026-02-09,0.004997929381351426,0.004997929381351426,0.0,0.0,0.09167526006675131,1.493546313825295,0
2026-02-10,0.001536305434398456,0.001536305434398456,0.0,0.0,0.09194478393769695,1.491091871332619,0
2026-02-11,-0.001005281120544097,-0.001005281120544097,0.0,0.0,0.09168090134639711,1.4903385615358364,0
2026-02-12,-0.005959687261718054,-0.005971306595621749,0.02323866780738984,1.161933390369492e-05,0.08905062933283003,1.5,1
2026-02-13,0.004796969417237994,0.004782770470697043,0.028397893081901188,1.4198946540950593e-05,0.08896097678539291,1.5,1
2026-02-17,-0.0013516963084317223,-0.001356438128936935,0.00948364101042555,4.741820505212775e-06,0.0894218239859148,1.5,1
2026-02-18,0.003253031728228635,0.0032429322007604044,0.020199054936461402,1.0099527468230702e-05,0.08576497492690066,1.5,1
2026-02-19,-0.0009116558433465212,-0.0009168476959406218,0.010383705188201031,5.191852594100516e-06,0.08551648507650698,1.4999999999999996,1
2026-02-20,0.0046103654124676225,0.004605842533853064,0.009045757229117213,4.5228786145586064e-06,0.08511624018085118,1.5000000000000002,1
2026-02-23,-0.002827607431787964,-0.0028300160681441373,0.004817272712346554,2.408636356173277e-06,0.08503210147645016,1.5,1
2026-02-24,0.0038506667977837835,0.003847168545291743,0.006996504984081019,3.4982524920405094e-06,0.08488848864473943,1.5000000000000002,1
2026-02-25,0.0057022580469387315,0.005693791291052195,0.01693351177307302,8.466755886536511e-06,0.08432055368163577,1.5000000000000002,1
2026-02-26,-0.0023164275967092443,-0.002321749699132368,0.010644204846247132,5.322102423123566e-06,0.08385152332846992,1.4999999999999996,1
2026-02-27,0.0005769159483344634,0.0005631068509449695,0.027618194778987623,1.3809097389493813e-05,0.08112503735692578,1.5,1
2026-03-02,-0.002868938350749645,-0.0028751523073840997,0.012427913268909282,6.213956634454641e-06,0.08050378753573209,1.5,1
2026-03-03,-0.009008985512267736,-0.009013850126409454,0.009729228283435615,4.864614141717807e-06,0.08029192972651582,1.5,1
2026-03-04,0.005570373511917112,0.005567347550446573,0.006051922941077197,3.0259614705385983e-06,0.08194992313847098,1.5,1
2026-03-05,-0.005871744144600946,-0.005885849844684231,0.02821140016657004,1.4105700083285019e-05,0.08065877599103492,1.5,1
2026-03-06,-0.008855803735785612,-0.008858386368568163,0.005165265565101565,2.5826327825507825e-06,0.08153685582598286,1.4999999999999996,1
2026-03-09,0.010174646967074413,0.010170557619133153,0.00817869588251912,4.08934794125956e-06,0.08272462391936138,1.5,1
2026-03-10,-0.004207365382803879,-0.004214357049898465,0.013983334189171713,6.991667094585857e-06,0.08469516735850269,1.5,1
2026-03-11,-0.005968164310487246,-0.005972609866610125,0.008891112245758448,4.445556122879224e-06,0.0853495088596969,1.5,1
2026-03-12,-0.012469809258198059,-0.012476834959603765,0.014051402811415113,7.025701405707557e-06,0.08618409850815266,1.5,1
2026-03-13,-0.005733600452577397,-0.005738837842525509,0.010474779896224432,5.237389948112215e-06,0.08895635633202528,1.4999999999999998,1
2026-03-16,0.009219950657251895,0.009217248800862514,0.00540371277876113,2.701856389380565e-06,0.08888660911907378,1.5000000000000002,1
2026-03-17,0.003915927941639225,0.003915927941639225,0.0,0.0,0.09078866556569475,1.495436143655378,0
2026-03-18,-0.01294538161295325,-0.012949841319864052,0.008919413821606464,4.459706910803233e-06,0.0888534926464804,1.5,1
2026-03-19,-0.000819679243639211,-0.000819679243639211,0.0,0.0,0.09258243249274437,1.5065643881517703,0
2026-03-20,-0.019669692478087825,-0.019669692478087825,0.0,0.0,0.09218778720634688,1.5069799490929832,0
2026-03-23,0.008989871230819896,0.008989871230819896,0.0,0.0,0.09947290876887943,1.517152173306293,0
2026-03-24,-0.005332879465767563,-0.005332879465767563,0.0,0.0,0.09967447987982411,1.5125444645697415,0
2026-03-25,0.009216176793693057,0.009216176793693057,0.0,0.0,0.0999291355372913,1.515292457133252,0
2026-03-26,-0.017742572606232354,-0.017742572606232354,0.0,0.0,0.10138452006443205,1.5105867989258257,0
2026-03-27,-0.009306334797254578,-0.009306334797254578,0.0,0.0,0.10686643892192933,1.5198095577455395,0
2026-03-30,0.002816187883659074,0.002816187883659074,0.0,0.0,0.10777676123667988,1.5246925220210836,0
2026-03-31,0.020436238464387448,0.020436238464387448,0.0,0.0,0.10769419008290565,1.523219038903225,0
2026-04-01,0.005345364041868869,0.005263212461684591,0.16430316036855372,8.215158018427686e-05,0.1,1.3484373903694282,1
2026-04-02,0.0019487836840897557,0.0019487836840897557,0.0,0.0,0.1008762158878801,1.346694813486867,0
2026-04-06,0.001781124216704308,0.001781124216704308,0.0,0.0,0.10001422444260741,1.3460204943930334,0
2026-04-07,0.0009078892196622995,0.0009078892196622995,0.0,0.0,0.10017832688900447,1.3454052846759195,0
2026-04-08,0.014806005636787738,0.014806005636787738,0.0,0.0,0.09927474292922055,1.3450919793880414,0
2026-04-09,0.0027600772158453035,0.0027600772158453035,0.0,0.0,0.1039190870137013,1.340057092164622,0
2026-04-10,-0.001959646766038478,-0.001959646766038478,0.0,0.0,0.10423072971069805,1.3391210917658265,0
2026-04-13,0.006243336447626292,0.006243336447626292,0.0,0.0,0.10434918294142871,1.3397869541717111,0
2026-04-14,0.01001014380240265,0.01001014380240265,0.0,0.0,0.10452830453376603,1.337678712359251,0
2026-04-15,0.0025328867789693107,0.0025328867789693107,0.0,0.0,0.10666020728102103,1.3343320009519768,0
2026-04-16,-0.0007696354275637871,-0.0007696354275637871,0.0,0.0,0.10704117201608242,1.3334873153399984,0
2026-04-17,0.010301840524765946,0.010301840524765946,0.0,0.0,0.10723769776354052,1.3337441766821159,0
2026-04-20,-0.001987632231160933,-0.001987632231160933,0.0,0.0,0.10916843125114416,1.3303410558064153,0
2026-04-21,-0.006543586536032889,-0.006543586536032889,0.0,0.0,0.10910494983106687,1.3309989600078076,0
2026-04-22,0.007444014735905507,0.007444014735905507,0.0,0.0,0.10730067663504768,1.3331791465854916,0
2026-04-23,-0.0037187819040630293,-0.0037187819040630293,0.0,0.0,0.10703617338736143,1.3307172822629076,0
2026-04-24,0.006896960340750749,0.006896960340750749,0.0,0.0,0.10689303514475326,1.3319517383806199,0
2026-04-27,-0.001124888648274777,-0.001124888648274777,0.0,0.0,0.10789177366365485,1.3296779625477089,0
2026-04-28,-0.004323798535938636,-0.004323798535938636,0.0,0.0,0.10768345405966524,1.3300492311812362,0
2026-04-29,-0.0029077680609181982,-0.0029077680609181982,0.0,0.0,0.10776903680921399,1.3314824947065378,0
2026-04-30,0.00605521354086939,0.00605521354086939,0.0,0.0,0.10816200436429407,1.3324491798134779,0
2026-05-01,0.0037550811604019174,0.0037550811604019174,0.0,0.0,0.10895896521192211,1.3304482451250401,0
2026-05-04,-0.005603324179788142,-0.005603324179788142,0.0,0.0,0.10758679150366356,1.3292120272437595,0
2026-05-05,0.006976970823304366,0.006976970823304366,0.0,0.0,0.1083531597477951,1.331067103550215,0
2026-05-06,0.012287480432607693,0.012287480432607693,0.0,0.0,0.10921507700625789,1.328773262093109,0
2026-05-07,-0.0033241720377163164,-0.0033902723134794717,0.1322005515263109,6.610027576315546e-05,0.09999999999999999,1.2443531824021958,1
2026-05-08,0.008047321534810654,0.008047321534810654,0.0,0.0,0.10007067867237608,1.2452507495038618,0
2026-05-11,-0.0013485616374544567,-0.0013485616374544567,0.0,0.0,0.09942618066243791,1.2432928933638288,0
2026-05-12,-0.004188142836143433,-0.004188142836143433,0.0,0.0,0.09939796929465969,1.243621431880925,0
2026-05-13,0.0020704140006650214,0.0020704140006650214,0.0,0.0,0.09981588360795697,1.2446460444594185,0
2026-05-14,0.0024305654139698263,0.0024305654139698263,0.0,0.0,0.09998109479993889,1.2441405724001908,0
2026-05-15,-0.012046786864443541,-0.012046786864443541,0.0,0.0,0.09950834775923965,1.2435486115682926,0
2026-05-18,-0.0005359126250315247,-0.0005359126250315247,0.0,0.0,0.10226106915693488,1.246518365779003,0
2026-05-19,-0.006041709460264298,-0.006041709460264298,0.0,0.0,0.10214961378925058,1.2466505489221413,0
2026-05-20,0.010594326162898671,0.010594326162898671,0.0,0.0,0.10273409338732221,1.2481497979036988,0
2026-05-21,0.0017521293692689078,0.0017521293692689078,0.0,0.0,0.10488727737377779,1.2455483782952679,0
2026-05-22,0.0024632974176775463,0.0024632974176775463,0.0,0.0,0.10469086608255009,1.2451188982746382,0
2026-05-26,0.006672606286080195,0.006672606286080195,0.0,0.0,0.10469398882963854,1.2445165812115604,0
2026-05-27,-0.0005424906864890213,-0.0005424906864890213,0.0,0.0,0.10546683243011011,1.2428958329497573,0
2026-05-28,0.005007039702555856,0.005007039702555856,0.0,0.0,0.10512514088416845,1.2430276731990266,0
2026-05-29,0.002230911799460069,0.002230911799460069,0.0,0.0,0.10553843352207176,1.2418168864478338,0
2026-06-01,0.0004342879446559483,0.0004342879446559483,0.0,0.0,0.10566621941813414,1.2412786151383643,0
2026-06-02,0.0018636800355048963,0.0018636800355048963,0.0,0.0,0.10555766544087032,1.2411738762313513,0
2026-06-03,-0.0045287566753729755,-0.0045287566753729755,0.0,0.0,0.10433282304725185,1.2407252414049026,0
2026-06-04,0.0019358557266340197,0.0019358557266340197,0.0,0.0,0.10457237787398962,1.2418203870972107,0
2026-06-05,-0.018636832680579807,-0.018636832680579807,0.0,0.0,0.10397293777934713,1.241353162196032,0
2026-06-08,0.002040246820767758,0.002040246820767758,0.0,0.0,0.10927666833363987,1.2459366422476248,0
2026-06-09,-0.001369023008883977,-0.001369023008883977,0.0,0.0,0.10853005989072424,1.2454358924483544,0
2026-06-10,-0.010254057834873532,-0.010254057834873532,0.0,0.0,0.10801441615182689,1.2457723604647786,0
2026-06-11,0.016168703815804503,0.016168703815804503,0.0,0.0,0.10905171129845645,1.24831863410032,0
2026-06-12,0.001128584925086318,0.0010584376760366066,0.14029449809942304,7.014724904971152e-05,0.1,1.1178653841935204,1
2026-06-15,0.00914114938987477,0.00914114938987477,0.0,0.0,0.09967015986686995,1.1178108360150862,0
2026-06-16,-0.0018468403566714899,-0.0018468403566714899,0.0,0.0,0.10120750286666219,1.1167436647354185,0
2026-06-17,-0.0064540708986967,-0.0064540708986967,0.0,0.0,0.10094064263149372,1.1169596705751395,0
2026-06-18,0.007098189940340133,0.007098189940340133,0.0,0.0,0.09948916966130344,1.1177194401882695,0
2026-06-22,-0.0037340538804746057,-0.0037340538804746057,0.0,0.0,0.10048564619617502,1.1168897346496505,0
2026-06-23,-0.007714709897269174,-0.007714709897269174,0.0,0.0,0.09595114962344965,1.1173278431376061,0
2026-06-24,0.0012223755829985925,0.0012223755829985925,0.0,0.0,0.09630373331990534,1.1182400306724887,0
2026-06-25,0.0018613258731660623,0.0018613258731660623,0.0,0.0,0.09542548346443738,1.1180956734048608,0
2026-06-26,-0.0021288228687974626,-0.0021288228687974626,0.0,0.0,0.09476348141081914,1.1178762672587799,0
2026-06-29,0.005981017934104636,0.005981017934104636,0.0,0.0,0.09061111572203034,1.1181277402937564,0
2026-06-30,0.0001720896573673132,0.0001720896573673132,0.0,0.0,0.09073288767394622,1.1174254167701347,0
2026-07-01,-0.003500675344323312,-0.003500675344323312,0.0,0.0,0.09116061925950697,1.1174052125473342,0
2026-07-02,9.899866986422831e-05,2.133143705917446e-05,0.15533446561010772,7.766723280505385e-05,0.1,1.2731521195135878,1
2026-07-06,0.00508050476318827,0.00508050476318827,0.0,0.0,0.09952966780096112,1.273223958486719,0
2026-07-07,-0.008195192621732184,-0.008195192621732184,0.0,0.0,0.10016218086602872,1.2718428595439675,0
2026-07-08,-0.0021959222729897856,-0.0021959222729897856,0.0,0.0,0.10162577852508027,1.2740890722868703,0
2026-07-09,0.005774213093690943,0.005774213093690943,0.0,0.0,0.1017996653091709,1.2746922751721388,0
2026-07-10,0.0008368024256823198,0.0008368024256823198,0.0,0.0,0.09955679368218923,1.2731152495222609,0
2026-07-13,-0.008954951991963804,-0.008954951991963804,0.0,0.0,0.09954258255952149,1.2728868971048262,0
2026-07-14,0.00466494655220135,0.00466494655220135,0.0,0.0,0.10087002995347262,1.2753526670188395,0
2026-07-15,0.0019368872574356808,0.0019368872574356808,0.0,0.0,0.1009229304721746,1.2740741258703132,0
2026-07-16,-0.005003674628437886,-0.005003674628437886,0.0,0.0,0.09919781868647555,1.27354430139859,0
2026-07-17,-0.002765770754714586,-0.002765770754714586,0.0,0.0,0.09935941586155712,1.2749199111830292,0
2026-07-20,-0.002691920611905684,-0.002691920611905684,0.0,0.0,0.09931426853032897,1.2756823854623307,0
2026-07-21,0.0049245547684572556,0.0049245547684572556,0.0,0.0,0.09760554070742022,1.2764265036652245,0
2026-07-22,-0.0010796997731438824,-0.0010796997731438824,0.0,0.0,0.09848766156175746,1.2750718970429724,0
2026-07-23,-0.009549745237004534,-0.009549745237004534,0.0,0.0,0.09749331395560301,1.275369213119909,0
2026-07-24,-0.00035204097957461866,-0.00035204097957461866,0.0,0.0,0.09818653925504688,1.2780242741073373,0
2026-07-27,0.0023336624949835912,0.0023336624949835912,0.0,0.0,0.09775774902122532,1.278122184513615,0
2026-07-28,0.0008033061169501307,0.0008033061169501307,0.0,0.0,0.097131715384241,1.2774746523241771,0
2026-07-29,-0.010962661996265553,-0.010962661996265553,0.0,0.0,0.0967587028770248,1.2772519341495387,0
2026-07-30,0.009688529597541507,0.009688529597541507,0.0,0.0,0.09876849054685541,1.2803250428433186,0
2026-07-31,-0.0007482989205816966,-0.0007482989205816966,0.0,0.0,0.10100240080734361,1.2776351663171366,0
2026-08-03,0.00639353312558868,0.00639353312558868,0.0,0.0,0.10049213617145429,1.277843075990992,0
2026-08-04,0.012215381023045941,0.012215381023045941,0.0,0.0,0.10145397342777396,1.276077962393186,0
2026-08-05,0.0025994120147760213,0.0025994120147760213,0.0,0.0,0.10400237219829686,1.2727462628696218,0
2026-08-06,-0.003016264395159613,-0.003016264395159613,0.0,0.0,0.1034574199890517,1.2720391211097197,0
2026-08-07,0.00657007031987091,0.00657007031987091,0.0,0.0,0.1009877832985484,1.2728621454839297,0
2026-08-10,-0.0025734767514699825,-0.0025734767514699825,0.0,0.0,0.10182107026469926,1.2710811234405357,0
2026-08-11,-0.0009442439626063233,-0.0009442439626063233,0.0,0.0,0.10096138095197953,1.27178054435293,0
2026-08-12,0.0025553493354094495,0.0025553493354094495,0.0,0.0,0.10081078975168527,1.2720374140387392,0
2026-08-13,0.0043448032008434586,0.0043448032008434586,0.0,0.0,0.10072983197013897,1.271344035238625,0
2026-08-14,-0.0023663151322557193,-0.0023663151322557193,0.0,0.0,0.10101909604597965,1.270170198893699,0
